Long Station Name,Collection Date,EC,Alkalinity,Sacramento X2,WYT,Location,Area
Contra Costa PP Number 01,12/7/1999,1390,153,84.3486242,W,OMR,Interior
Contra Costa PP Number 01,3/3/1998,1100,141,46.174655,W,OMR,Interior
Contra Costa PP Number 01,2/3/2003,1070,138,54.06515388,AN,OMR,Interior
Contra Costa PP Number 01,3/7/2000,1125,129,48.16682697,AN,OMR,Interior
Contra Costa PP Number 01,12/4/2007,1212,126,87.28423839,D,OMR,Interior
Contra Costa PP Number 01,10/7/1999,892,121,85.55971154,W,OMR,Interior
Contra Costa PP Number 01,3/7/1996,898,119,46.46251523,W,OMR,Interior
Contra Costa PP Number 01,3/7/2005,654,117,57.47547175,AN,OMR,Interior
Contra Costa PP Number 01,1/7/2003,1010,113,51.99960319,AN,OMR,Interior
Contra Costa PP Number 01,4/1/2003,663,110,69.81194277,AN,OMR,Interior
Contra Costa PP Number 01,3/6/2001,753,110,70.05240742,D,OMR,Interior
Contra Costa PP Number 01,2/5/1998,879,110,41.15155574,W,OMR,Interior
Contra Costa PP Number 01,10/8/2002,1120,109,89.3846487,D,OMR,Interior
Clifton Court Intake,12/10/1992,875,107,95.44056579,C,OMR,Interior
Contra Costa PP Number 01,3/3/2003,591,104,60.574921,AN,OMR,Interior
Clifton Court Intake,4/24/1991,792,104,86.48122671,C,OMR,Interior
Clifton Court Intake,3/9/1993,730,102,59.04059358,AN,OMR,Interior
Contra Costa PP Number 01,12/10/1997,1080,102,71.95083355,W,OMR,Interior
Contra Costa PP Number 01,12/3/2002,850,98,93.0185482,D,OMR,Interior
Contra Costa PP Number 01,1/4/2000,1186,98,80.55744457,AN,OMR,Interior
Contra Costa PP Number 01,4/4/2005,499,96,55.79737907,AN,OMR,Interior
Contra Costa PP Number 01,3/11/1993,801,96,59.02850507,AN,OMR,Interior
Contra Costa PP Number 01,1/6/1998,920,95,80.42409534,W,OMR,Interior
Contra Costa PP Number 01,3/2/2004,500,94,49.65011755,BN,OMR,Interior
Contra Costa PP Number 01,11/5/2002,874,94,91.73476989,D,OMR,Interior
Contra Costa PP Number 01,11/6/2001,898,93,92.77803114,AN,OMR,Interior
Contra Costa PP Number 01,4/8/2008,465,92,78.37516679,C,OMR,Interior
Contra Costa PP Number 01,2/6/2001,943,92,82.30525912,D,OMR,Interior
Contra Costa PP Number 01,1/8/2001,1030,91,94.68792213,D,OMR,Interior
Middle River @ Union Point - P10A,5/4/2015,568,90,94.17154572,C,OMR,Interior
Contra Costa PP Number 01,12/2/2008,574,90,92.75840841,C,OMR,Interior
Contra Costa PP Number 01,12/6/2004,579,90,88.99645057,BN,OMR,Interior
Contra Costa PP Number 01,1/8/2002,616,90,54.28372948,D,OMR,Interior
Middle River @ Union Point - P10A,3/3/2014,725,90,80.57624471,C,OMR,Interior
Middle River @ Union Point - P10A,4/8/2008,492,89,78.37516679,C,OMR,Interior
Middle River @ Union Point - P10A,3/2/2009,583,89,65.57301543,D,OMR,Interior
Rock Slough @ Old River,5/22/1991,596,89,90.63835999,C,OMR,Interior
Clifton Court Intake,5/21/1991,527,88,91.14886705,C,OMR,Interior
Contra Costa PP Number 01,11/6/2007,1048,88,89.58054651,W,OMR,Interior
Middle River @ Union Point - P10A,4/6/2015,419,87,88.0123047,C,OMR,Interior
Contra Costa PP Number 01,5/21/1991,537,87,91.14886705,C,OMR,Interior
Middle River at Bacon Island Bridge,11/13/1990,625,87,93.89378554,D,OMR,Interior
Middle River @ Union Point - P10A,6/1/2015,697,87,93.2549537,C,OMR,Interior
Contra Costa PP Number 01,1/17/1995,709,87,46.35508675,W,OMR,Interior
Contra Costa PP Number 01,11/1/2004,765,87,83.50140273,AN,OMR,Interior
Contra Costa PP Number 01,2/5/2002,385,86,70.70857903,D,OMR,Interior
Contra Costa PP Number 01,5/5/1999,451,86,57.23000982,W,OMR,Interior
Middle River @ Union Point - P10A,5/6/2008,503,86,81.24308533,C,OMR,Interior
Middle River at Bacon Island Bridge,10/24/1990,585,86,94.04183083,D,OMR,Interior
Middle River @ Union Point - P10A,1/6/2009,589,86,86.18470086,D,OMR,Interior
Clifton Court Intake,5/19/1994,599,86,76.51544974,C,OMR,Interior
Middle River @ Union Point - P10A,2/3/2009,633,86,84.30493265,D,OMR,Interior
Contra Costa PP Number 01,1/3/2005,640,86,63.06546569,AN,OMR,Interior
Old River near Rock Slough,10/30/1959,345,85,83.58656463,W,OMR,Interior
Contra Costa PP Number 01,5/6/2002,350,85,71.01564345,D,OMR,Interior
Contra Costa PP Number 01,2/7/2005,379,85,66.68285541,AN,OMR,Interior
Old River near Rock Slough,10/1/1959,396,85,78.11676896,W,OMR,Interior
Contra Costa PP Number 01,1/6/1999,459,85,64.63920091,W,OMR,Interior
Contra Costa PP Number 01,4/10/1995,635,85,50.51772825,W,OMR,Interior
Contra Costa PP Number 01,5/6/2003,330,84,51.50084909,AN,OMR,Interior
Old River near Rock Slough,10/1/1959,352,84,78.11676896,W,OMR,Interior
Contra Costa PP Number 01,4/22/1992,362,84,77.19407905,C,OMR,Interior
Contra Costa PP Number 01,5/6/2008,415,84,81.24308533,C,OMR,Interior
Middle River @ Union Point - P10A,2/3/2015,415,84,87.92593622,C,OMR,Interior
Contra Costa PP Number 01,1/13/1993,633,84,64.09402935,AN,OMR,Interior
Clifton Court Intake,6/27/1990,786,84,84.4854239,C,OMR,Interior
Contra Costa PP Number 01,2/3/2009,794,84,84.30493265,D,OMR,Interior
Contra Costa PP Number 01,6/2/2008,366,83,81.73068377,C,OMR,Interior
Middle River @ Union Point - P10A,4/7/2014,459,83,75.44547873,C,OMR,Interior
Clifton Court Intake,5/21/1992,463,83,91.77345049,C,OMR,Interior
Contra Costa PP Number 01,10/6/2004,730,83,80.20091081,AN,OMR,Interior
Contra Costa PP Number 01,4/4/2001,341,82,72.87905364,D,OMR,Interior
Contra Costa PP Number 01,4/20/1994,375,82,78.884997,C,OMR,Interior
Middle River @ Union Point - P10A,4/6/2010,441,82,68.63765096,BN,OMR,Interior
Middle River @ Union Point - P10A,3/2/2010,483,82,63.81753273,BN,OMR,Interior
Clifton Court Intake,6/4/1992,569,82,92.61021102,C,OMR,Interior
Contra Costa PP Number 01,11/3/2008,642,82,93.02142734,D,OMR,Interior
Clifton Court Intake,10/23/1990,710,82,94.64630634,D,OMR,Interior
Contra Costa PP Number 01,12/3/2001,750,82,82.50576236,D,OMR,Interior
Old River North of Rock Slough (St 4b),4/22/1992,325,81,77.19407905,C,OMR,Interior
Rock Slough @ Old River,4/22/1992,330,81,77.19407905,C,OMR,Interior
Contra Costa PP Number 01,5/19/1992,451,81,92.35936602,C,OMR,Interior
Middle River at Bacon Island Bridge,10/20/1994,464,81,92.73586707,AN,OMR,Interior
Old River North of Rock Slough (St 4b),5/22/1991,613,81,90.63835999,C,OMR,Interior
Middle River @ Union Point - P10A,2/3/2014,774,81,93.92384943,C,OMR,Interior
Clifton Court Intake,12/11/1991,810,81,94.35994762,C,OMR,Interior
Old River near Rock Slough,10/30/1959,281,80,83.58656463,W,OMR,Interior
Middle River at Bacon Island Bridge,9/24/1990,368,80,90.82305445,C,OMR,Interior
Middle River @ Union Point - P10A,3/2/2015,406,80,78.10690622,C,OMR,Interior
Middle River @ Union Point - P10A,10/1/2008,461,80,88.30977329,D,OMR,Interior
Middle River at Bacon Island Bridge,3/24/1994,516,80,72.52425966,C,OMR,Interior
Clifton Court Intake,6/25/1991,607,80,93.04612539,C,OMR,Interior
Middle River @ Union Point - P10A,11/3/2014,613,80,92.39401068,D,OMR,Interior
Contra Costa PP Number 01,2/24/1992,793,80,66.71267132,C,OMR,Interior
Middle River at Bacon Island Bridge,4/22/1992,335,79,77.19407905,C,OMR,Interior
Middle River @ Union Point - P10A,6/2/2008,435,79,81.73068377,C,OMR,Interior
Middle River at Bacon Island Bridge,5/21/1992,458,79,91.77345049,C,OMR,Interior
Middle River @ Union Point - P10A,5/3/2016,461,79,75.47029728,BN,OMR,Interior
Middle River @ Union Point - P10A,10/6/2014,503,79,94.77701545,D,OMR,Interior
Contra Costa PP Number 01,4/4/1996,554,79,58.29157662,W,OMR,Interior
Contra Costa PP Number 01,9/4/2002,854,79,88.12309273,D,OMR,Interior
Rock Slough @ Old River,4/20/1994,357,78,78.884997,C,OMR,Interior
Middle River at Bacon Island Bridge,9/22/1994,407,78,90.04354307,C,OMR,Interior
Contra Costa PP Number 01,3/24/1992,421,78,67.98576989,C,OMR,Interior
Middle River @ Union Point - P10A,5/5/2014,483,78,87.63000727,C,OMR,Interior
Clifton Court Intake,9/24/1990,504,78,90.82305445,C,OMR,Interior
Middle River @ Union Point - P10A,2/2/2010,536,78,54.29400396,BN,OMR,Interior
Clifton Court Intake,9/22/1994,667,78,90.04354307,C,OMR,Interior
Middle River @ Union Point - P10A,11/2/2015,675,78,93.88533024,C,OMR,Interior
Clifton Court Intake,11/13/1990,689,78,93.89378554,D,OMR,Interior
Contra Costa PP Number 01,6/24/1991,705,78,92.83977948,C,OMR,Interior
Middle River @ Union Point - P10A,12/7/2015,710,78,94.9140377,C,OMR,Interior
Clifton Court Intake,2/27/1991,840,78,95.15255136,C,OMR,Interior
Old River North of Rock Slough (St 4b),4/20/1994,348,77,78.884997,C,OMR,Interior
Contra Costa PP Number 01,3/4/2008,361,77,66.16351777,C,OMR,Interior
Middle River @ Union Point - P10A,3/4/2008,374,77,66.16351777,C,OMR,Interior
Contra Costa PP Number 01,5/26/1994,427,77,79.98947042,C,OMR,Interior
Clifton Court Intake,3/24/1994,437,77,72.52425966,C,OMR,Interior
Middle River @ Union Point - P10A,12/2/2008,511,77,92.75840841,C,OMR,Interior
Middle River at Bacon Island Bridge,2/26/1991,610,77,94.34149831,C,OMR,Interior
Middle River @ Union Point - P10A,10/5/2015,616,77,94.93479848,C,OMR,Interior
Contra Costa PP Number 01,1/6/2004,784,77,55.58733795,BN,OMR,Interior
Contra Costa PP Number 01,4/2/2002,295,76,71.94484474,D,OMR,Interior
Old River near Rock Slough,6/19/1959,318,76,91.43818578,BN,OMR,Interior
Middle River @ Union Point - P10A,5/5/2009,358,76,73.26168644,D,OMR,Interior
Contra Costa PP Number 01,6/16/1994,407,76,86.55672415,C,OMR,Interior
Middle River @ Union Point - P10A,10/6/2009,411,76,87.99178837,C,OMR,Interior
Middle River @ Union Point - P10A,11/3/2008,443,76,93.02142734,D,OMR,Interior
Clifton Court Intake,10/20/1994,451,76,92.73586707,AN,OMR,Interior
Old River near Rock Slough,9/15/1959,486,76,84.58759953,BN,OMR,Interior
Old River near Rock Slough,9/15/1959,509,76,84.58759953,BN,OMR,Interior
Contra Costa PP Number 01,5/2/1996,516,76,66.95278638,W,OMR,Interior
Middle River at Bacon Island Bridge,12/11/1990,542,76,93.08539402,C,OMR,Interior
Middle River @ Union Point - P10A,1/9/2019,543,76,#N/A,W,OMR,Interior
Contra Costa PP Number 01,10/13/1994,569,76,90.78710967,AN,OMR,Interior
Middle River at Bacon Island Bridge,11/19/1992,607,76,93.66767375,C,OMR,Interior
Contra Costa PP Number 01,10/7/1997,640,76,90.04861349,W,OMR,Interior
Clifton Court Intake,1/31/1991,731,76,94.0793962,C,OMR,Interior
Clifton Court Intake,11/19/1992,737,76,93.66767375,C,OMR,Interior
Contra Costa PP Number 01,10/7/1992,900,76,92.45317986,C,OMR,Interior
Rock Slough @ Old River,3/24/1994,328,75,72.52425966,C,OMR,Interior
Contra Costa PP Number 01,2/8/1996,397,75,47.52751567,W,OMR,Interior
Contra Costa PP Number 01,5/12/1993,410,75,63.16142825,AN,OMR,Interior
Middle River at Bacon Island Bridge,4/20/1994,441,75,78.884997,C,OMR,Interior
Clifton Court Intake,6/22/1994,450,75,89.49535368,C,OMR,Interior
Middle River at Bacon Island Bridge,2/17/1994,482,75,75.37363149,C,OMR,Interior
Middle River at Bacon Island Bridge,5/19/1994,499,75,76.51544974,C,OMR,Interior
Old River North of Rock Slough (St 4b),6/28/1988,512,75,88.84197167,C,OMR,Interior
Contra Costa PP Number 01,2/6/1995,533,75,48.45038827,W,OMR,Interior
Middle River @ Union Point - P10A,1/3/2008,544,75,83.34570353,C,OMR,Interior
Contra Costa PP Number 01,10/7/2003,604,75,88.64679121,D,OMR,Interior
Middle River @ Union Point - P10A,7/6/2015,667,75,95.81957478,C,OMR,Interior
Old River North of Rock Slough (St 4b),10/24/1990,921,75,94.04183083,D,OMR,Interior
Contra Costa PP Number 01,12/8/1992,933,75,96.70881536,C,OMR,Interior
Rock Slough @ Old River,10/24/1990,960,75,94.04183083,D,OMR,Interior
Clifton Court Intake,3/26/1992,321,74,68.43776556,C,OMR,Interior
Contra Costa PP Number 01,2/3/1999,352,74,51.6298188,W,OMR,Interior
Contra Costa PP Number 01,4/4/2000,391,74,70.46558651,AN,OMR,Interior
Middle River @ Union Point - P10A,11/6/2007,427,74,89.58054651,W,OMR,Interior
Middle River @ Union Point - P10A,6/2/2014,436,74,93.56618111,C,OMR,Interior
Middle River at Bacon Island Bridge,4/21/1993,440,74,62.38347365,AN,OMR,Interior
Middle River at Bacon Island Bridge,6/28/1991,451,74,91.92518677,C,OMR,Interior
Contra Costa PP Number 01,2/5/2008,462,74,54.87619201,C,OMR,Interior
Middle River at Bacon Island Bridge,4/8/1993,465,74,54.30864006,AN,OMR,Interior
Middle River @ Union Point - P10A,1/5/2010,466,74,86.26711441,BN,OMR,Interior
Contra Costa PP Number 01,11/7/2005,468,74,89.68142253,BN,OMR,Interior
Middle River at Bacon Island Bridge,10/7/1992,522,74,92.45317986,C,OMR,Interior
Middle River at Bacon Island Bridge,1/29/1991,532,74,94.90599798,C,OMR,Interior
Old River South of Rock Slough (St 5A),6/28/1988,533,74,88.84197167,C,OMR,Interior
Contra Costa PP Number 01,10/3/2000,548,74,87.25802224,W,OMR,Interior
Contra Costa PP Number 01,12/5/2005,660,74,82.80590189,AN,OMR,Interior
Old River near Rock Slough,7/7/1959,716,74,94.29889644,BN,OMR,Interior
Contra Costa PP Number 01,12/13/1994,814,74,82.54298007,C,OMR,Interior
Contra Costa PP Number 01,10/1/2008,870,74,88.30977329,D,OMR,Interior
Contra Costa PP Number 01,11/17/1992,943,74,94.87189975,C,OMR,Interior
Contra Costa PP Number 01,11/5/1997,948,74,91.80829068,W,OMR,Interior
Rock Slough @ Old River,9/22/1994,988,74,90.04354307,C,OMR,Interior
Middle River at Bacon Island Bridge,4/23/1991,294,73,85.01362795,C,OMR,Interior
Old River near Rock Slough,6/19/1959,327,73,91.43818578,BN,OMR,Interior
Middle River at Bacon Island Bridge,5/21/1991,359,73,91.14886705,C,OMR,Interior
Contra Costa PP Number 01,5/2/2000,381,73,63.70366373,AN,OMR,Interior
Rock Slough @ Old River,5/19/1994,395,73,76.51544974,C,OMR,Interior
Clifton Court Intake,2/17/1994,415,73,75.37363149,C,OMR,Interior
Middle River at Bacon Island Bridge,3/9/1993,471,73,59.04059358,AN,OMR,Interior
Contra Costa PP Number 01,10/3/2005,504,73,81.90521431,BN,OMR,Interior
Clifton Court Intake,7/23/1991,528,73,91.47785985,C,OMR,Interior
Middle River @ Union Point - P10A,12/1/2014,542,73,93.6049299,C,OMR,Interior
Middle River @ Union Point - P10A,1/4/2016,601,73,89.47617765,BN,OMR,Interior
Contra Costa PP Number 01,11/4/2003,673,73,88.40480968,D,OMR,Interior
Middle River at Bacon Island Bridge,12/10/1992,686,73,95.44056579,C,OMR,Interior
Clifton Court Intake,6/25/1992,724,73,90.85817896,C,OMR,Interior
Old River near Rock Slough,7/7/1959,749,73,94.29889644,BN,OMR,Interior
Clifton Court Intake,12/11/1990,853,73,93.08539402,C,OMR,Interior
Contra Costa PP Number 01,6/23/1992,885,73,92.2794422,C,OMR,Interior
Rock Slough @ Old River,1/29/1991,897,73,94.90599798,C,OMR,Interior
Middle River at Bacon Island Bridge,3/26/1992,290,72,68.43776556,C,OMR,Interior
Contra Costa PP Number 01,10/3/1996,292,72,81.93439648,W,OMR,Interior
Middle River @ Union Point - P10A,4/7/2009,314,72,75.36176628,D,OMR,Interior
Middle River @ Union Point - P10A,3/10/2016,321,72,62.66343249,BN,OMR,Interior
Contra Costa PP Number 01,2/3/2004,322,72,71.8099759,BN,OMR,Interior
Contra Costa PP Number 01,6/6/2001,335,72,80.28545946,D,OMR,Interior
Contra Costa PP Number 01,5/3/2005,346,72,60.83995013,AN,OMR,Interior
Rock Slough @ Old River,2/17/1994,370,72,75.37363149,C,OMR,Interior
Middle River @ Union Point - P10A,2/5/2018,402,72,74.06112596,BN,OMR,Interior
Contra Costa PP Number 01,4/3/2006,428,72,47.97842568,W,OMR,Interior
Middle River @ Union Point - P10A,2/5/2008,456,72,54.87619201,C,OMR,Interior
Middle River @ Union Point - P10A,2/6/2007,460,72,79.89948567,D,OMR,Interior
Rock Slough @ Old River,3/20/1990,548,72,85.09103604,C,OMR,Interior
Middle River @ Union Point - P10A,1/6/2014,601,72,92.33233742,C,OMR,Interior
Contra Costa PP Number 01,8/5/2002,665,72,83.27712196,D,OMR,Interior
Contra Costa PP Number 01,11/7/2000,668,72,84.3926938,W,OMR,Interior
Old River North of Rock Slough (St 4b),10/7/1992,835,72,92.45317986,C,OMR,Interior
Rock Slough @ Old River,10/7/1992,849,72,92.45317986,C,OMR,Interior
Contra Costa PP Number 01,9/20/1994,935,72,92.37559029,C,OMR,Interior
Contra Costa PP Number 01,11/9/1994,988,72,92.63852791,AN,OMR,Interior
Contra Costa PP Number 01,4/6/2004,238,71,69.18983307,BN,OMR,Interior
Contra Costa PP Number 01,6/4/2002,330,71,69.35185908,D,OMR,Interior
Middle River @ Union Point - P10A,9/2/2008,387,71,88.7732302,C,OMR,Interior
Clifton Court Intake,3/20/1990,404,71,85.09103604,C,OMR,Interior
Middle River @ Union Point - P10A,11/4/2013,463,71,90.34617646,BN,OMR,Interior
Middle River @ Union Point - P10A,3/5/2007,485,71,58.91442023,D,OMR,Interior
Middle River @ Union Point - P10A,1/2/2007,490,71,80.23657174,D,OMR,Interior
Contra Costa PP Number 01,12/5/1996,688,71,78.03491703,W,OMR,Interior
Contra Costa PP Number 01,12/3/2003,724,71,87.61870823,AN,OMR,Interior
Contra Costa PP Number 01,1/23/1992,732,71,92.69366513,C,OMR,Interior
Old River North of Rock Slough (St 4b),1/29/1991,878,71,94.90599798,C,OMR,Interior
Contra Costa PP Number 01,10/3/2006,272,70,79.15994988,AN,OMR,Interior
Middle River @ Union Point - P10A,7/1/2008,318,70,84.87243383,C,OMR,Interior
Middle River @ Union Point - P10A,10/5/2010,340,70,83.98583932,D,OMR,Interior
Middle River @ Union Point - P10A,12/5/2006,341,70,88.65054031,W,OMR,Interior
Middle River @ Union Point - P10A,12/4/2007,348,70,87.28423839,D,OMR,Interior
Contra Costa PP Number 01,2/9/1994,388,70,80.94524586,C,OMR,Interior
Middle River at Bacon Island Bridge,6/22/1994,389,70,89.49535368,C,OMR,Interior
Middle River at Bacon Island Bridge,5/13/1993,411,70,61.911538,AN,OMR,Interior
Middle River @ Union Point - P10A,2/4/2019,411,70,#N/A,W,OMR,Interior
Middle River @ Union Point - P10A,10/7/2013,430,70,87.90258861,BN,OMR,Interior
Rock Slough @ Old River,6/22/1994,450,70,89.49535368,C,OMR,Interior
Middle River at Bacon Island Bridge,1/23/1992,455,70,92.69366513,C,OMR,Interior
Middle River @ Union Point - P10A,1/5/2015,470,70,71.50190239,C,OMR,Interior
Middle River at Bacon Island Bridge,11/21/1991,547,70,93.42904814,C,OMR,Interior
Clifton Court Intake,2/25/1992,554,70,65.86224313,C,OMR,Interior
Middle River at Bacon Island Bridge,6/25/1992,564,70,90.85817896,C,OMR,Interior
Rock Slough @ Old River,10/20/1994,636,70,92.73586707,AN,OMR,Interior
Middle River @ Union Point - P10A,8/3/2015,648,70,95.38511805,C,OMR,Interior
Contra Costa PP Number 01,1/2/2007,704,70,80.23657174,D,OMR,Interior
Contra Costa PP Number 01,5/4/2004,233,69,76.25300399,BN,OMR,Interior
Contra Costa PP Number 01,3/5/2007,315,69,58.91442023,D,OMR,Interior
Middle River @ Union Point - P10A,10/2/2007,335,69,87.02852586,W,OMR,Interior
Contra Costa PP Number 01,10/5/1993,368,69,83.89162437,C,OMR,Interior
Rock Slough @ Old River,6/26/1990,377,69,87.03302324,C,OMR,Interior
Clifton Court Intake,4/8/1993,400,69,54.30864006,AN,OMR,Interior
Middle River @ Union Point - P10A,9/2/2014,452,69,90.3346038,C,OMR,Interior
Clifton Court Intake,2/21/1990,472,69,80.12996718,C,OMR,Interior
Middle River @ Union Point - P10A,7/7/2014,541,69,90.2187572,C,OMR,Interior
Contra Costa PP Number 01,10/23/1991,585,69,94.27657666,C,OMR,Interior
Old River near Rock Slough,9/2/1959,644,69,91.96611223,BN,OMR,Interior
Old River near Rock Slough,7/21/1959,1320,69,95.92495125,BN,OMR,Interior
Rock Slough @ Old River,9/24/1986,285,68,76.64482557,W,OMR,Interior
Contra Costa PP Number 01,6/4/2007,324,68,80.25338455,D,OMR,Interior
Middle River @ Union Point - P10A,9/10/2018,346,68,84.8982076,BN,OMR,Interior
Contra Costa PP Number 01,2/8/2000,385,68,57.61717763,AN,OMR,Interior
Middle River at Bacon Island Bridge,7/24/1991,404,68,92.78926842,C,OMR,Interior
Contra Costa PP Number 01,9/6/2005,418,68,83.07162013,AN,OMR,Interior
Contra Costa PP Number 01,2/6/2006,491,68,52.81827396,W,OMR,Interior
Contra Costa PP Number 01,11/7/1996,495,68,84.27562766,W,OMR,Interior
Middle River @ Union Point - P10A,12/2/2013,507,68,93.39492499,D,OMR,Interior
Clifton Court Intake,2/14/1990,515,68,84.5852336,C,OMR,Interior
Contra Costa PP Number 01,9/8/2004,540,68,83.45154489,BN,OMR,Interior
Clifton Court Intake,3/27/1991,548,68,71.68911216,C,OMR,Interior
Middle River @ Union Point - P10A,9/9/2015,581,68,94.75346141,C,OMR,Interior
Old River near Rock Slough,9/2/1959,621,68,91.96611223,BN,OMR,Interior
Clifton Court Intake,9/24/1992,717,68,92.85385013,C,OMR,Interior
Contra Costa PP Number 01,9/2/2008,744,68,88.7732302,C,OMR,Interior
Rock Slough @ Old River,1/23/1992,792,68,92.69366513,C,OMR,Interior
Contra Costa PP Number 01,11/19/1991,836,68,93.6335894,C,OMR,Interior
Contra Costa PP Number 01,10/2/2007,928,68,87.02852586,W,OMR,Interior
Contra Costa PP Number 01,7/2/2002,262,67,80.39099747,D,OMR,Interior
Contra Costa PP Number 01,7/1/2008,287,67,84.87243383,C,OMR,Interior
Contra Costa PP Number 01,6/2/1999,288,67,67.44761682,W,OMR,Interior
Contra Costa PP Number 01,12/2/1998,289,67,64.89739823,W,OMR,Interior
Middle River @ Union Point - P10A,6/2/2009,336,67,74.90839371,D,OMR,Interior
Contra Costa PP Number 01,5/13/1997,363,67,71.63203277,W,OMR,Interior
Middle River at Bacon Island Bridge,10/23/1991,365,67,94.27657666,C,OMR,Interior
Contra Costa PP Number 01,9/10/2003,388,67,81.97587927,AN,OMR,Interior
Middle River at Bacon Island Bridge,1/13/1993,423,67,64.09402935,AN,OMR,Interior
Contra Costa PP Number 01,7/7/2004,430,67,83.05294294,BN,OMR,Interior
Middle River at Bacon Island Bridge,3/25/1991,469,67,72.32639176,C,OMR,Interior
Middle River @ Union Point - P10A,2/3/2016,488,67,59.65346245,BN,OMR,Interior
Old River North of Rock Slough (St 4b),7/24/1991,595,67,92.78926842,C,OMR,Interior
Rock Slough @ Old River,7/24/1991,596,67,92.78926842,C,OMR,Interior
Rock Slough @ Old River,2/23/1990,598,67,83.08252588,C,OMR,Interior
Middle River at Bacon Island Bridge,12/11/1991,609,67,94.35994762,C,OMR,Interior
Contra Costa PP Number 01,1/3/2006,703,67,0,W,OMR,Interior
Contra Costa PP Number 01,9/11/1991,782,67,92.53683095,C,OMR,Interior
Contra Costa PP Number 01,9/22/1992,882,67,92.38888101,C,OMR,Interior
Contra Costa PP Number 01,12/9/1991,988,67,94.2937316,C,OMR,Interior
Old River near Rock Slough,8/4/1959,1380,67,91.1135463,BN,OMR,Interior
Old River near Rock Slough,8/4/1959,1580,67,91.1135463,BN,OMR,Interior
Old River near Rock Slough,7/21/1959,1740,67,95.92495125,BN,OMR,Interior
Contra Costa PP Number 01,7/1/1997,249,66,78.99333076,W,OMR,Interior
Contra Costa PP Number 01,4/2/2007,255,66,72.02877378,D,OMR,Interior
Middle River @ Union Point - P10A,7/2/2007,303,66,80.94470218,D,OMR,Interior
Middle River @ Union Point - P10A,4/2/2007,318,66,72.02877378,D,OMR,Interior
Contra Costa PP Number 01,3/13/1995,322,66,37.53111646,W,OMR,Interior
Middle River @ Union Point - P10A,9/9/2009,345,66,84.37552482,D,OMR,Interior
Middle River @ Union Point - P10A,11/3/2009,352,66,88.3635176,C,OMR,Interior
Middle River @ Union Point - P10A,9/5/2007,364,66,85.25541551,D,OMR,Interior
Middle River @ Union Point - P10A,12/7/2016,398,66,83.68530205,BN,OMR,Interior
Middle River @ Union Point - P10A,6/4/2007,399,66,80.25338455,D,OMR,Interior
Middle River @ Union Point - P10A,10/11/2018,407,66,#N/A,W,OMR,Interior
Contra Costa PP Number 01,2/6/2007,456,66,79.89948567,D,OMR,Interior
Middle River at Bacon Island Bridge,9/24/1992,458,66,92.85385013,C,OMR,Interior
Old River near Rock Slough,8/18/1959,937,66,93.54824528,BN,OMR,Interior
Rock Slough @ Old River,1/24/1990,962,66,79.66720736,C,OMR,Interior
Contra Costa PP Number 01,7/2/2007,264,65,80.94470218,D,OMR,Interior
Contra Costa PP Number 01,9/2/1997,269,65,77.2650624,W,OMR,Interior
Contra Costa PP Number 01,1/10/1996,303,65,68.97868863,W,OMR,Interior
Middle River @ Union Point - P10A,8/5/2008,304,65,88.35573476,C,OMR,Interior
Contra Costa PP Number 01,6/8/2004,308,65,86.24729429,BN,OMR,Interior
Middle River @ Union Point - P10A,4/7/2016,328,65,66.37589317,BN,OMR,Interior
Middle River @ Union Point - P10A,10/4/2016,387,65,86.5637221,C,OMR,Interior
Contra Costa PP Number 01,10/20/1993,458,65,84.89979461,C,OMR,Interior
Contra Costa PP Number 01,12/5/2006,461,65,88.65054031,W,OMR,Interior
Clifton Court Intake,4/24/1990,532,65,86.79032173,C,OMR,Interior
Old River South of Rock Slough (St 5A),12/17/1985,605,65,77.70271234,D,OMR,Interior
Rock Slough @ Old River,10/23/1991,637,65,94.27657666,C,OMR,Interior
Old River North of Rock Slough (St 4b),10/23/1991,665,65,94.27657666,C,OMR,Interior
Clifton Court Intake,11/21/1991,688,65,93.42904814,C,OMR,Interior
Rock Slough @ Old River,4/25/1990,864,65,87.22990049,C,OMR,Interior
Contra Costa PP Number 01,7/22/1992,905,65,92.3938467,C,OMR,Interior
Old River North of Rock Slough (St 4b),4/25/1990,905,65,87.22990049,C,OMR,Interior
Contra Costa PP Number 01,4/10/1997,272,64,73.77999403,W,OMR,Interior
Contra Costa PP Number 01,6/4/2003,293,64,66.71648137,AN,OMR,Interior
Contra Costa PP Number 01,6/4/1997,294,64,78.50514499,W,OMR,Interior
Middle River @ Union Point - P10A,12/1/2009,320,64,92.29828513,D,OMR,Interior
Middle River @ Union Point - P10A,1/8/2018,456,64,84.74492337,BN,OMR,Interior
Contra Costa PP Number 01,8/3/2004,470,64,81.28623188,BN,OMR,Interior
Contra Costa PP Number 01,1/12/1994,482,64,82.38546939,C,OMR,Interior
Middle River @ Union Point - P10A,8/4/2014,490,64,88.73599436,C,OMR,Interior
Old River near Rock Slough,8/18/1959,1000,64,93.54824528,BN,OMR,Interior
Contra Costa PP Number 01,9/23/1993,285,63,83.44869348,AN,OMR,Interior
Middle River at Bacon Island Bridge,9/10/1991,323,63,92.73110822,C,OMR,Interior
Middle River at Bacon Island Bridge,8/21/1991,347,63,88.57096592,C,OMR,Interior
Clifton Court Intake,5/13/1993,456,63,61.911538,AN,OMR,Interior
Contra Costa PP Number 01,8/5/2008,492,63,88.35573476,C,OMR,Interior
Clifton Court Intake,5/23/1990,654,63,90.30188297,C,OMR,Interior
Contra Costa PP Number 01,10/14/1998,208,62,70.16642583,W,OMR,Interior
Contra Costa PP Number 01,7/3/2000,229,62,80.70368222,AN,OMR,Interior
Contra Costa PP Number 01,4/21/1993,265,62,62.38347365,AN,OMR,Interior
Middle River at Bacon Island Bridge,9/21/1993,275,62,80.87356521,AN,OMR,Interior
Contra Costa PP Number 01,9/5/1996,283,62,73.8076039,W,OMR,Interior
Middle River at Bacon Island Bridge,7/26/1990,286,62,86.56430395,C,OMR,Interior
Contra Costa PP Number 01,4/8/1999,324,62,57.34361395,W,OMR,Interior
Middle River @ Union Point - P10A,5/2/2007,346,62,74.44600721,D,OMR,Interior
Clifton Court Intake,8/10/1993,348,62,70.9026113,AN,OMR,Interior
Middle River at Bacon Island Bridge,1/19/1994,356,62,80.49647088,C,OMR,Interior
Clifton Court Intake,1/19/1994,367,62,80.49647088,C,OMR,Interior
Middle River @ Union Point - P10A,12/3/2018,408,62,#N/A,BN,OMR,Interior
Clifton Court Intake,9/10/1991,469,62,92.73110822,C,OMR,Interior
Rock Slough @ Old River,8/21/1991,550,62,88.57096592,C,OMR,Interior
Old River North of Rock Slough (St 4b),8/21/1991,551,62,88.57096592,C,OMR,Interior
Rock Slough @ Old River,7/26/1990,572,62,86.56430395,C,OMR,Interior
Contra Costa PP Number 01,7/20/1994,666,62,90.6143213,C,OMR,Interior
Middle River @ Union Point - P10A,12/4/2017,246,61,83.87250454,W,OMR,Interior
Middle River @ Union Point - P10A,10/3/2006,253,61,79.15994988,AN,OMR,Interior
Contra Costa PP Number 01,5/2/2007,268,61,74.44600721,D,OMR,Interior
Clifton Court Intake,10/14/1993,287,61,84.61138109,C,OMR,Interior
Middle River @ Union Point - P10A,9/7/2016,288,61,84.03725468,BN,OMR,Interior
Middle River @ Union Point - P10A,9/7/2010,294,61,86.84207092,BN,OMR,Interior
Contra Costa PP Number 01,11/7/2006,302,61,88.98570418,AN,OMR,Interior
Middle River @ Union Point - P10A,6/7/2016,319,61,82.94141541,BN,OMR,Interior
Middle River @ Union Point - P10A,11/3/2010,334,61,84.63274041,D,OMR,Interior
Old River North of Rock Slough (St 4b),7/26/1990,524,61,86.56430395,C,OMR,Interior
Middle River at Bacon Island Bridge,7/22/1992,527,61,92.3938467,C,OMR,Interior
Contra Costa PP Number 01,12/16/1993,566,61,82.70555681,AN,OMR,Interior
Rock Slough @ Old River,7/22/1992,899,61,92.3938467,C,OMR,Interior
Contra Costa PP Number 01,8/2/2005,196,60,80.7913406,AN,OMR,Interior
Contra Costa PP Number 01,7/8/1999,211,60,73.33227294,W,OMR,Interior
Clifton Court Intake,9/21/1993,245,60,80.87356521,AN,OMR,Interior
Contra Costa PP Number 01,6/6/2000,254,60,72.94579268,AN,OMR,Interior
Middle River at Bacon Island Bridge,8/22/1990,269,60,83.47764088,C,OMR,Interior
Middle River at Bacon Island Bridge,12/15/1993,305,60,84.34978841,AN,OMR,Interior
Middle River at Bacon Island Bridge,1/12/1994,311,60,82.38546939,C,OMR,Interior
Middle River @ Union Point - P10A,12/6/2010,321,60,84.27592276,BN,OMR,Interior
Middle River at Bacon Island Bridge,8/25/1994,336,60,90.48799198,C,OMR,Interior
Rock Slough @ Old River,1/12/1994,341,60,82.38546939,C,OMR,Interior
Contra Costa PP Number 01,8/5/2003,348,60,69.2729812,AN,OMR,Interior
Contra Costa PP Number 01,2/10/1993,361,60,66.22571537,AN,OMR,Interior
Middle River @ Union Point - P10A,11/5/2018,362,60,#N/A,W,OMR,Interior
Clifton Court Intake,8/21/1990,397,60,82.94560259,C,OMR,Interior
Middle River @ Union Point - P10A,5/4/2010,400,60,57.05251942,BN,OMR,Interior
Old River North of Rock Slough (St 4b),10/20/1993,436,60,84.89979461,C,OMR,Interior
Old River North of Rock Slough (St 4b),8/22/1990,463,60,83.47764088,C,OMR,Interior
Clifton Court Intake,8/25/1994,597,60,90.48799198,C,OMR,Interior
Rock Slough @ Old River,7/20/1994,692,60,90.6143213,C,OMR,Interior
Contra Costa PP Number 01,8/23/1994,703,60,91.93258472,C,OMR,Interior
Contra Costa PP Number 01,8/19/1992,904,60,92.0935494,C,OMR,Interior
Old River North of Rock Slough (St 4b),7/22/1992,909,60,92.3938467,C,OMR,Interior
Middle River @ Union Point - P10A,7/7/2009,228,59,82.06398554,D,OMR,Interior
Middle River @ Union Point - P10A,11/7/2006,274,59,88.98570418,AN,OMR,Interior
Old River North of Rock Slough (St 4b),1/12/1994,337,59,82.38546939,C,OMR,Interior
Middle River at Bacon Island Bridge,4/25/1990,349,59,87.22990049,C,OMR,Interior
Middle River at Bacon Island Bridge,7/20/1994,365,59,90.6143213,C,OMR,Interior
Contra Costa PP Number 01,1/5/1994,403,59,81.23635172,C,OMR,Interior
Rock Slough @ Old River,10/20/1993,425,59,84.89979461,C,OMR,Interior
Contra Costa PP Number 01,1/9/1997,427,59,31.8495819,W,OMR,Interior
Rock Slough @ Old River,8/22/1990,477,59,83.47764088,C,OMR,Interior
Middle River at Bacon Island Bridge,8/19/1992,484,59,92.0935494,C,OMR,Interior
Old River North of Rock Slough (St 4b),7/20/1994,690,59,90.6143213,C,OMR,Interior
Old River North of Rock Slough (St 4b),1/24/1990,804,59,79.66720736,C,OMR,Interior
Rock Slough @ Old River,8/25/1994,805,59,90.48799198,C,OMR,Interior
Contra Costa PP Number 01,11/4/1998,190,58,78.12007996,W,OMR,Interior
Contra Costa PP Number 01,8/5/1999,218,58,71.77110367,W,OMR,Interior
Middle River @ Union Point - P10A,8/6/2007,277,58,84.7182393,D,OMR,Interior
Clifton Court Intake,6/10/1993,301,58,57.844797,AN,OMR,Interior
Middle River at Bacon Island Bridge,2/9/1993,320,58,67.78217395,AN,OMR,Interior
Clifton Court Intake,2/9/1993,345,58,67.78217395,AN,OMR,Interior
Clifton Court Intake,12/15/1993,490,58,84.34978841,AN,OMR,Interior
Contra Costa PP Number 01,11/17/1993,647,58,88.13138401,C,OMR,Interior
Rock Slough @ Old River,5/23/1990,660,58,90.30188297,C,OMR,Interior
Rock Slough @ Old River,4/21/1993,211,57,62.38347365,AN,OMR,Interior
Old River North of Rock Slough (St 4b),4/21/1993,212,57,62.38347365,AN,OMR,Interior
Contra Costa PP Number 01,3/6/2006,232,57,50.66954548,W,OMR,Interior
Middle River @ Union Point - P10A,7/9/2018,246,57,82.60710477,BN,OMR,Interior
Contra Costa PP Number 01,6/8/1993,250,57,57.7015985,AN,OMR,Interior
Middle River at Bacon Island Bridge,10/20/1993,287,57,84.89979461,C,OMR,Interior
Middle River at Bacon Island Bridge,10/14/1993,295,57,84.61138109,C,OMR,Interior
Middle River at Bacon Island Bridge,6/10/1993,337,57,57.844797,AN,OMR,Interior
Old River North of Rock Slough (St 4b),7/25/1989,350,57,80.02863026,D,OMR,Interior
Rock Slough @ Old River,8/19/1992,901,57,92.0935494,C,OMR,Interior
Old River North of Rock Slough (St 4b),8/19/1992,915,57,92.0935494,C,OMR,Interior
Middle River @ Union Point - P10A,8/6/2018,197,56,82.35063213,BN,OMR,Interior
Old River South of Rock Slough (St 5A),5/17/1984,201,56,71.23309041,W,OMR,Interior
Rock Slough @ Old River,7/2/1986,225,56,77.07568175,W,OMR,Interior
Contra Costa PP Number 01,8/6/1997,267,56,77.35304839,W,OMR,Interior
Contra Costa PP Number 01,3/12/1997,314,56,55.67296976,W,OMR,Interior
Middle River @ Union Point - P10A,2/7/2011,334,56,64.18410148,W,OMR,Interior
Middle River @ Union Point - P10A,11/7/2016,353,56,87.41045331,C,OMR,Interior
Middle River at Bacon Island Bridge,1/24/1990,420,56,79.66720736,C,OMR,Interior
Contra Costa PP Number 01,8/6/2007,492,56,84.7182393,D,OMR,Interior
Contra Costa PP Number 01,9/6/1995,187,55,67.21706163,W,OMR,Interior
Contra Costa PP Number 01,12/6/1995,213,55,79.32528838,W,OMR,Interior
Clifton Court Intake,5/7/1986,280,55,66.57784182,W,OMR,Interior
Middle River @ Union Point - P10A,4/9/2018,358,55,54.04390508,BN,OMR,Interior
Middle River at Bacon Island Bridge,7/20/1993,161,54,75.81769133,AN,OMR,Interior
Middle River @ Union Point - P10A,9/6/2006,240,54,78.70958184,W,OMR,Interior
Middle River @ Union Point - P10A,8/2/2006,261,54,78.28975195,W,OMR,Interior
Contra Costa PP Number 01,6/6/1996,277,54,61.33562885,W,OMR,Interior
Contra Costa PP Number 01,5/10/1995,307,54,49.34111805,W,OMR,Interior
Clifton Court Intake,11/10/1993,418,54,87.72748074,C,OMR,Interior
Middle River @ Union Point - P10A,6/8/2010,288,53,67.97063022,BN,OMR,Interior
Middle River @ Union Point - P10A,1/9/2017,338,53,56.18463132,W,OMR,Interior
Middle River @ Union Point - P10A,10/2/2017,186,52,77.2692402,BN,OMR,Interior
Middle River @ Union Point - P10A,7/6/2016,222,52,84.55059684,BN,OMR,Interior
Contra Costa PP Number 01,7/8/1998,233,52,56.61660003,W,OMR,Interior
Middle River @ Union Point - P10A,7/6/2010,241,52,80.72423904,BN,OMR,Interior
Contra Costa PP Number 01,8/2/2000,244,52,77.4197889,AN,OMR,Interior
Middle River @ Union Point - P10A,3/13/2019,278,52,#N/A,W,OMR,Interior
Middle River at Bacon Island Bridge,11/10/1993,293,52,87.72748074,C,OMR,Interior
Clifton Court Intake,6/4/1986,303,52,70.7018673,W,OMR,Interior
Middle River @ Union Point - P10A,5/7/2018,352,52,64.92049336,BN,OMR,Interior
Middle River @ Union Point - P10A,3/7/2011,372,52,56.35666923,W,OMR,Interior
Contra Costa PP Number 01,9/5/2007,812,52,85.25541551,D,OMR,Interior
Contra Costa PP Number 01,9/2/1998,161,51,67.79734317,W,OMR,Interior
Contra Costa PP Number 01,7/11/1996,175,51,75.57077698,W,OMR,Interior
Contra Costa PP Number 01,10/11/1995,193,51,69.40952731,C,OMR,Interior
Contra Costa PP Number 01,9/1/1993,205,51,78.41118016,AN,OMR,Interior
Contra Costa PP Number 01,6/7/2005,256,51,54.24209382,AN,OMR,Interior
Middle River @ Union Point - P10A,8/2/2010,189,50,79.32890201,BN,OMR,Interior
Contra Costa PP Number 01,11/8/1995,200,50,81.20170079,C,OMR,Interior
Middle River at Bacon Island Bridge,7/8/1993,203,50,75.05380959,AN,OMR,Interior
Old River North of Rock Slough (St 4b),9/1/1993,212,50,78.41118016,AN,OMR,Interior
Rock Slough @ Old River,9/1/1993,216,50,78.41118016,AN,OMR,Interior
Rock Slough at Delta Road Bridge,6/6/2011,259,50,57.57300551,W,OMR,Interior
Middle River @ Union Point - P10A,6/5/2018,284,50,74.73149108,BN,OMR,Interior
Clifton Court Intake,3/4/1986,306,50,0,W,OMR,Interior
Contra Costa PP Number 01,7/6/2005,151,49,69.97360216,AN,OMR,Interior
Middle River at Bacon Island Bridge,9/1/1993,175,49,78.41118016,AN,OMR,Interior
Middle River @ Union Point - P10A,8/4/2009,265,49,84.14076361,D,OMR,Interior
Contra Costa PP Number 01,7/8/1993,159,48,75.05380959,AN,OMR,Interior
Contra Costa PP Number 01,8/12/1993,185,48,71.58781984,AN,OMR,Interior
Middle River @ Union Point - P10A,4/4/2011,247,48,0,W,OMR,Interior
Middle River @ Union Point - P10A,9/7/2017,193,47,77.48586469,W,OMR,Interior
Middle River @ Union Point - P10A,8/1/2016,207,47,83.57049111,BN,OMR,Interior
Old River South of Rock Slough (St 5A),3/21/1986,210,47,0,W,OMR,Interior
Middle River @ Union Point - P10A,1/3/2011,274,47,53.33698971,W,OMR,Interior
Old River North of Rock Slough (St 4b),7/8/1993,148,46,75.05380959,AN,OMR,Interior
Rock Slough @ Old River,7/8/1993,156,46,75.05380959,AN,OMR,Interior
Contra Costa PP Number 01,7/22/1993,159,46,69.41514716,AN,OMR,Interior
Clifton Court Intake,7/20/1993,166,46,75.81769133,AN,OMR,Interior
Contra Costa PP Number 01,8/5/1998,190,46,70.95431958,W,OMR,Interior
Middle River @ Union Point - P10A,2/6/2017,258,46,50.46962633,W,OMR,Interior
Middle River at Bacon Island Bridge,8/10/1993,147,45,70.9026113,AN,OMR,Interior
Middle River @ Union Point - P10A,8/7/2017,217,45,80.74384873,W,OMR,Interior
Rock Slough at Delta Road Bridge,7/5/2011,169,44,56.36389323,W,OMR,Interior
Middle River @ Union Point - P10A,6/6/2011,257,43,57.57300551,W,OMR,Interior
Middle River @ Union Point - P10A,5/2/2011,199,40,57.60965856,W,OMR,Interior
Contra Costa PP Number 01,6/14/1995,214,40,58.38588799,W,OMR,Interior
Clifton Court Intake,4/9/1986,197,39,52.99907803,W,OMR,Interior
Middle River at Bacon Island Bridge,7/25/1989,200,39,80.02863026,D,OMR,Interior
Contra Costa PP Number 01,7/12/1995,146,38,65.49822638,W,OMR,Interior
Contra Costa PP Number 01,8/9/1995,150,38,68.77947219,W,OMR,Interior
Contra Costa PP Number 01,7/5/2006,162,38,67.43685291,W,OMR,Interior
Middle River @ Union Point - P10A,3/8/2017,187,38,46.65054443,W,OMR,Interior
Middle River @ Union Point - P10A,7/5/2011,184,37,56.36389323,W,OMR,Interior
Middle River @ Union Point - P10A,4/3/2017,201,35,49.18404199,W,OMR,Interior
Middle River @ Union Point - P10A,6/5/2017,177,33,57.96351261,W,OMR,Interior
Middle River @ Union Point - P10A,7/10/2017,177,32,70.04911852,W,OMR,Interior
Middle River @ Union Point - P10A,7/5/2006,154,31,67.43685291,W,OMR,Interior
Middle River @ Union Point - P10A,5/3/2017,120,27,50.00669585,W,OMR,Interior
P8 - San Joaquin River @ Buckley Cove,2/2/1968,650,90,60.82383763,BN,SJRcorridor,Interior
P8 - San Joaquin River @ Buckley Cove,3/22/1968,395,66,57.81297746,BN,SJRcorridor,Interior
P8 - San Joaquin River @ Buckley Cove,10/10/1968,900,155,83.16574214,W,SJRcorridor,Interior
P8 - San Joaquin River @ Buckley Cove,1/23/1969,180,51,48.06579729,W,SJRcorridor,Interior
P8 - San Joaquin River @ Buckley Cove,4/16/1969,200,46,50.10640361,W,SJRcorridor,Interior
P8 - San Joaquin River @ Buckley Cove,7/17/1969,360,64,68.77308425,W,SJRcorridor,Interior
P8 - San Joaquin River @ Buckley Cove,4/3/1973,518,83,56.44372714,AN,SJRcorridor,Interior
P8 - San Joaquin River @ Buckley Cove,5/1/1973,732,102,71.50691023,AN,SJRcorridor,Interior
P8 - San Joaquin River @ Buckley Cove,6/5/1973,390,61,75.03508802,AN,SJRcorridor,Interior
P8 - San Joaquin River @ Buckley Cove,7/2/1973,412,69,83.15487119,AN,SJRcorridor,Interior
P8 - San Joaquin River @ Buckley Cove,7/31/1973,410,102,85.28607593,AN,SJRcorridor,Interior
P8 - San Joaquin River @ Buckley Cove,8/28/1973,415,78,83.35486185,AN,SJRcorridor,Interior
P8 - San Joaquin River @ Buckley Cove,9/25/1973,648,119,73.56187894,AN,SJRcorridor,Interior
P8 - San Joaquin River @ Buckley Cove,10/15/1973,530,98,74.39350789,BN,SJRcorridor,Interior
P8 - San Joaquin River @ Buckley Cove,11/13/1973,647,98,72.91115416,BN,SJRcorridor,Interior
P8 - San Joaquin River @ Buckley Cove,12/11/1973,600,82,54.96370577,AN,SJRcorridor,Interior
P8 - San Joaquin River @ Buckley Cove,1/9/1974,249,62,52.3990248,W,SJRcorridor,Interior
P8 - San Joaquin River @ Buckley Cove,2/6/1974,403,57,51.00464256,W,SJRcorridor,Interior
P8 - San Joaquin River @ Buckley Cove,7/22/1974,289,62,75.62640398,W,SJRcorridor,Interior
P8 - San Joaquin River @ Buckley Cove,8/6/1974,229,61,75.76911836,W,SJRcorridor,Interior
P8 - San Joaquin River @ Buckley Cove,8/22/1974,282,66,71.49326964,W,SJRcorridor,Interior
P8 - San Joaquin River @ Buckley Cove,9/5/1974,504,110,66.73838917,W,SJRcorridor,Interior
P8 - San Joaquin River @ Buckley Cove,9/18/1974,529,112,61.92807121,W,SJRcorridor,Interior
P8 - San Joaquin River @ Buckley Cove,10/1/1974,388,79,64.58639727,AN,SJRcorridor,Interior
P8 - San Joaquin River @ Buckley Cove,10/16/1974,510,90,65.9782773,AN,SJRcorridor,Interior
P8 - San Joaquin River @ Buckley Cove,11/6/1974,313,56,66.51113004,AN,SJRcorridor,Interior
P8 - San Joaquin River @ Buckley Cove,11/18/1974,405,75,65.81281422,AN,SJRcorridor,Interior
P8 - San Joaquin River @ Buckley Cove,12/17/1974,370,54,59.95905109,W,SJRcorridor,Interior
P8 - San Joaquin River @ Buckley Cove,2/3/1975,508,66,75.04331266,W,SJRcorridor,Interior
P8 - San Joaquin River @ Buckley Cove,3/18/1975,335,66,53.72341881,W,SJRcorridor,Interior
P8 - San Joaquin River @ Buckley Cove,4/1/1975,315,62,50.66749811,W,SJRcorridor,Interior
P8 - San Joaquin River @ Buckley Cove,5/1/1975,549,86,60.77989824,W,SJRcorridor,Interior
P8 - San Joaquin River @ Buckley Cove,5/1/1975,549,88,60.77989824,W,SJRcorridor,Interior
P8 - San Joaquin River @ Buckley Cove,5/15/1975,453,80,64.74148651,W,SJRcorridor,Interior
P8 - San Joaquin River @ Buckley Cove,6/3/1975,333,57,63.4770031,W,SJRcorridor,Interior
P8 - San Joaquin River @ Buckley Cove,7/1/1975,415,71,65.61350093,W,SJRcorridor,Interior
P8 - San Joaquin River @ Buckley Cove,7/15/1975,560,85,72.78657388,W,SJRcorridor,Interior
P8 - San Joaquin River @ Buckley Cove,8/12/1975,426,80,77.40602531,W,SJRcorridor,Interior
P8 - San Joaquin River @ Buckley Cove,8/25/1975,566,98,72.50785297,W,SJRcorridor,Interior
P8 - San Joaquin River @ Buckley Cove,9/11/1975,620,125,72.50531258,W,SJRcorridor,Interior
P8 - San Joaquin River @ Buckley Cove,10/9/1975,403,84,69.58169251,W,SJRcorridor,Interior
P8 - San Joaquin River @ Buckley Cove,10/23/1975,262,51,64.39367576,W,SJRcorridor,Interior
P8 - San Joaquin River @ Buckley Cove,11/26/1975,472,79,68.81861425,W,SJRcorridor,Interior
P8 - San Joaquin River @ Buckley Cove,12/23/1975,422,73,69.03046395,W,SJRcorridor,Interior
P8 - San Joaquin River @ Buckley Cove,1/22/1976,445,61,76.64284768,C,SJRcorridor,Interior
P8 - San Joaquin River @ Buckley Cove,2/19/1976,783,98,82.29375485,C,SJRcorridor,Interior
P8 - San Joaquin River @ Buckley Cove,3/9/1976,827,100,75.28454988,C,SJRcorridor,Interior
P8 - San Joaquin River @ Buckley Cove,3/22/1976,633,84,80.53182831,C,SJRcorridor,Interior
P8 - San Joaquin River @ Buckley Cove,4/6/1976,699,88,83.05086025,C,SJRcorridor,Interior
P8 - San Joaquin River @ Buckley Cove,4/20/1976,802,98,77.04748941,C,SJRcorridor,Interior
P8 - San Joaquin River @ Buckley Cove,5/6/1976,606,86,82.95644102,C,SJRcorridor,Interior
P8 - San Joaquin River @ Buckley Cove,5/20/1976,494,83,86.25465911,C,SJRcorridor,Interior
P8 - San Joaquin River @ Buckley Cove,6/3/1976,465,86,86.05790799,C,SJRcorridor,Interior
P8 - San Joaquin River @ Buckley Cove,7/7/1976,472,85,87.94264314,C,SJRcorridor,Interior
P8 - San Joaquin River @ Buckley Cove,7/20/1976,487,84,85.68882507,C,SJRcorridor,Interior
P8 - San Joaquin River @ Buckley Cove,8/3/1976,418,79,85.66917278,C,SJRcorridor,Interior
P8 - San Joaquin River @ Buckley Cove,8/27/1976,500,88,84.3652361,C,SJRcorridor,Interior
P8 - San Joaquin River @ Buckley Cove,9/14/1976,410,90,85.13108289,C,SJRcorridor,Interior
P8 - San Joaquin River @ Buckley Cove,9/27/1976,498,104,88.69855102,C,SJRcorridor,Interior
P8 - San Joaquin River @ Buckley Cove,10/13/1976,749,121,89.70007234,W,SJRcorridor,Interior
P8 - San Joaquin River @ Buckley Cove,10/28/1976,819,136,91.56769133,W,SJRcorridor,Interior
P8 - San Joaquin River @ Buckley Cove,11/10/1976,1075,153,92.93277,W,SJRcorridor,Interior
P8 - San Joaquin River @ Buckley Cove,1/25/1977,1000,118,90.99498693,C,SJRcorridor,Interior
P8 - San Joaquin River @ Buckley Cove,2/23/1977,942,113,93.09831658,C,SJRcorridor,Interior
P8 - San Joaquin River @ Buckley Cove,3/10/1977,791,94,93.08331717,C,SJRcorridor,Interior
P8 - San Joaquin River @ Buckley Cove,3/28/1977,792,98,93.2301192,C,SJRcorridor,Interior
P8 - San Joaquin River @ Buckley Cove,4/12/1977,726,89,93.62243221,C,SJRcorridor,Interior
P8 - San Joaquin River @ Buckley Cove,4/26/1977,658,87,94.7314341,C,SJRcorridor,Interior
P8 - San Joaquin River @ Buckley Cove,5/10/1977,686,86,93.59917768,C,SJRcorridor,Interior
P8 - San Joaquin River @ Buckley Cove,5/25/1977,685,90,93.86880732,C,SJRcorridor,Interior
P8 - San Joaquin River @ Buckley Cove,6/6/1977,617,84,96.28690157,C,SJRcorridor,Interior
P8 - San Joaquin River @ Buckley Cove,6/23/1977,610,75,95.42512283,C,SJRcorridor,Interior
P8 - San Joaquin River @ Buckley Cove,8/9/1977,685,71,94.66206153,C,SJRcorridor,Interior
P8 - San Joaquin River @ Buckley Cove,8/22/1977,703,77,95.22599302,C,SJRcorridor,Interior
P8 - San Joaquin River @ Buckley Cove,9/2/1977,676,77,97.63934042,C,SJRcorridor,Interior
P8 - San Joaquin River @ Buckley Cove,9/20/1977,667,86,94.30759826,C,SJRcorridor,Interior
P8 - San Joaquin River @ Buckley Cove,10/4/1977,766,109,95.16189775,C,SJRcorridor,Interior
P8 - San Joaquin River @ Buckley Cove,10/18/1977,853,126,0,C,SJRcorridor,Interior
P8 - San Joaquin River @ Buckley Cove,11/15/1977,1410,198,96.41856401,C,SJRcorridor,Interior
P8 - San Joaquin River @ Buckley Cove,12/16/1977,1140,142,97.47276004,C,SJRcorridor,Interior
P8 - San Joaquin River @ Buckley Cove,1/13/1978,805,84,67.39051241,AN,SJRcorridor,Interior
P8 - San Joaquin River @ Buckley Cove,2/15/1978,369,60,50.92561655,AN,SJRcorridor,Interior
P8 - San Joaquin River @ Buckley Cove,3/16/1978,349,55,49.81651337,AN,SJRcorridor,Interior
P8 - San Joaquin River @ Buckley Cove,4/4/1978,327,49,57.31670008,AN,SJRcorridor,Interior
P8 - San Joaquin River @ Buckley Cove,4/18/1978,240,47,55.92473399,AN,SJRcorridor,Interior
P8 - San Joaquin River @ Buckley Cove,5/2/1978,204,43,50.92561655,AN,SJRcorridor,Interior
P8 - San Joaquin River @ Buckley Cove,5/16/1978,224,43,60.36200235,AN,SJRcorridor,Interior
P8 - San Joaquin River @ Buckley Cove,6/13/1978,225,40,66.90227077,AN,SJRcorridor,Interior
P8 - San Joaquin River @ Buckley Cove,6/27/1978,384,62,78.37465134,AN,SJRcorridor,Interior
P8 - San Joaquin River @ Buckley Cove,7/11/1978,481,73,82.38755921,AN,SJRcorridor,Interior
P8 - San Joaquin River @ Buckley Cove,7/25/1978,424,70,85.01327052,AN,SJRcorridor,Interior
P8 - San Joaquin River @ Buckley Cove,8/9/1978,399,69,84.05648792,AN,SJRcorridor,Interior
P8 - San Joaquin River @ Buckley Cove,8/22/1978,387,72,83.59458748,AN,SJRcorridor,Interior
P8 - San Joaquin River @ Buckley Cove,9/12/1978,503,93,77.82234538,AN,SJRcorridor,Interior
P8 - San Joaquin River @ Buckley Cove,9/26/1978,496,92,76.05153948,AN,SJRcorridor,Interior
P8 - San Joaquin River @ Buckley Cove,10/11/1978,407,76,73.92111953,C,SJRcorridor,Interior
P8 - San Joaquin River @ Buckley Cove,10/24/1978,413,74,76.7846321,C,SJRcorridor,Interior
P8 - San Joaquin River @ Buckley Cove,11/20/1978,378,53,79.17830243,C,SJRcorridor,Interior
P8 - San Joaquin River @ Buckley Cove,12/5/1978,590,80,75.96131065,AN,SJRcorridor,Interior
P8 - San Joaquin River @ Buckley Cove,1/17/1979,266,47,60.85168643,BN,SJRcorridor,Interior
P8 - San Joaquin River @ Buckley Cove,2/15/1979,493,52,69.04812625,BN,SJRcorridor,Interior
P8 - San Joaquin River @ Buckley Cove,3/6/1979,242,36,58.17682582,BN,SJRcorridor,Interior
P8 - San Joaquin River @ Buckley Cove,3/20/1979,327,40,59.54056787,BN,SJRcorridor,Interior
P8 - San Joaquin River @ Buckley Cove,4/3/1979,381,51,55.89304686,BN,SJRcorridor,Interior
P8 - San Joaquin River @ Buckley Cove,5/2/1979,713,76,74.19905898,BN,SJRcorridor,Interior
P8 - San Joaquin River @ Buckley Cove,5/22/1979,707,81,71.9435071,BN,SJRcorridor,Interior
P8 - San Joaquin River @ Buckley Cove,7/17/1979,338,52,82.37194526,BN,SJRcorridor,Interior
P8 - San Joaquin River @ Buckley Cove,8/14/1979,361,59,83.11503272,BN,SJRcorridor,Interior
P8 - San Joaquin River @ Buckley Cove,8/28/1979,415,57,84.30117598,BN,SJRcorridor,Interior
P8 - San Joaquin River @ Buckley Cove,9/11/1979,519,63,87.07749081,BN,SJRcorridor,Interior
P8 - San Joaquin River @ Buckley Cove,9/25/1979,623,80,82.86895876,BN,SJRcorridor,Interior
P8 - San Joaquin River @ Buckley Cove,10/10/1979,429,64,83.85505666,AN,SJRcorridor,Interior
P8 - San Joaquin River @ Buckley Cove,10/24/1979,471,53,82.84708115,AN,SJRcorridor,Interior
P8 - San Joaquin River @ Buckley Cove,12/6/1979,627,75,75.8049134,BN,SJRcorridor,Interior
P8 - San Joaquin River @ Buckley Cove,2/7/1980,243,32,56.15652999,AN,SJRcorridor,Interior
P8 - San Joaquin River @ Buckley Cove,3/11/1980,210,32,49.39264929,AN,SJRcorridor,Interior
P8 - San Joaquin River @ Buckley Cove,3/25/1980,239,33,55.01367247,AN,SJRcorridor,Interior
P8 - San Joaquin River @ Buckley Cove,4/7/1980,279,36,57.57943317,AN,SJRcorridor,Interior
P8 - San Joaquin River @ Buckley Cove,4/22/1980,237,35,60.4529479,AN,SJRcorridor,Interior
P8 - San Joaquin River @ Buckley Cove,5/6/1980,244,38,64.42849928,AN,SJRcorridor,Interior
P8 - San Joaquin River @ Buckley Cove,5/20/1980,185,30,61.52746743,AN,SJRcorridor,Interior
P8 - San Joaquin River @ Buckley Cove,6/18/1980,405,51,68.21800044,AN,SJRcorridor,Interior
P8 - San Joaquin River @ Buckley Cove,7/1/1980,496,57,69.91469054,AN,SJRcorridor,Interior
P8 - San Joaquin River @ Buckley Cove,7/16/1980,399,50,71.00727741,AN,SJRcorridor,Interior
P8 - San Joaquin River @ Buckley Cove,8/5/1980,478,60,76.09952366,AN,SJRcorridor,Interior
P8 - San Joaquin River @ Buckley Cove,8/19/1980,550,62,80.23345008,AN,SJRcorridor,Interior
P8 - San Joaquin River @ Buckley Cove,9/3/1980,647,66,80.90049445,AN,SJRcorridor,Interior
P8 - San Joaquin River @ Buckley Cove,9/16/1980,408,56,76.76415917,AN,SJRcorridor,Interior
P8 - San Joaquin River @ Buckley Cove,10/15/1980,272,41,74.45344406,BN,SJRcorridor,Interior
P8 - San Joaquin River @ Buckley Cove,10/28/1980,480,59,78.49192408,BN,SJRcorridor,Interior
P8 - San Joaquin River @ Buckley Cove,11/13/1980,478,62,78.88599987,BN,SJRcorridor,Interior
P8 - San Joaquin River @ Buckley Cove,12/10/1980,504,61,72.01796665,AN,SJRcorridor,Interior
San Joaquin River @ Mossdale Bridge - C7A,3/2/1989,1370,139,91.3346382,D,SJRcorridor,Interior
San Joaquin River @ Mossdale Bridge - C7A,7/25/1989,800,120,80.02863026,D,SJRcorridor,Interior
Little Connection Sl. @ Empire Tr.,7/25/1989,130,50,80.02863026,D,SJRcorridor,Interior
Little Connection Sl. @ Empire Tr.,1/24/1990,204,58,79.66720736,C,SJRcorridor,Interior
San Joaquin River @ Mossdale Bridge - C7A,1/24/1990,1310,140,79.66720736,C,SJRcorridor,Interior
San Joaquin River @ Mossdale Bridge - C7A,2/14/1990,1300,131,84.5852336,C,SJRcorridor,Interior
Little Connection Sl. @ Empire Tr.,4/25/1990,164,56,87.22990049,C,SJRcorridor,Interior
San Joaquin River @ Mossdale Bridge - C7A,4/25/1990,823,106,87.22990049,C,SJRcorridor,Interior
Little Connection Sl. @ Empire Tr.,7/26/1990,160,53,86.56430395,C,SJRcorridor,Interior
San Joaquin River @ Mossdale Bridge - C7A,7/26/1990,853,115,86.56430395,C,SJRcorridor,Interior
Little Connection Sl. @ Empire Tr.,8/22/1990,178,64,83.47764088,C,SJRcorridor,Interior
San Joaquin River @ Mossdale Bridge - C7A,8/22/1990,738,105,83.47764088,C,SJRcorridor,Interior
Little Connection Sl. @ Empire Tr.,10/24/1990,191,60,94.04183083,D,SJRcorridor,Interior
San Joaquin River @ Mossdale Bridge - C7A,10/24/1990,739,108,94.04183083,D,SJRcorridor,Interior
Little Connection Sl. @ Empire Tr.,1/29/1991,344,81,94.90599798,C,SJRcorridor,Interior
San Joaquin River @ Mossdale Bridge - C7A,1/29/1991,1100,135,94.90599798,C,SJRcorridor,Interior
San Joaquin River @ Mossdale Bridge - C7A,4/23/1991,1330,150,85.01362795,C,SJRcorridor,Interior
Little Connection Sl. @ Empire Tr.,4/23/1991,251,83,85.01362795,C,SJRcorridor,Interior
San Joaquin River @ Mossdale Bridge - C7A,7/24/1991,962,129,92.78926842,C,SJRcorridor,Interior
Little Connection Sl. @ Empire Tr.,7/24/1991,275,60,92.78926842,C,SJRcorridor,Interior
San Joaquin River @ Mossdale Bridge - C7A,8/21/1991,950,140,88.57096592,C,SJRcorridor,Interior
Little Connection Sl. @ Empire Tr.,8/21/1991,245,60,88.57096592,C,SJRcorridor,Interior
San Joaquin River @ Mossdale Bridge - C7A,10/23/1991,727,118,94.27657666,C,SJRcorridor,Interior
Little Connection Sl. @ Empire Tr.,10/23/1991,160,53,94.27657666,C,SJRcorridor,Interior
San Joaquin River @ Mossdale Bridge - C7A,1/23/1992,1080,135,92.69366513,C,SJRcorridor,Interior
Little Connection Sl. @ Empire Tr.,1/23/1992,247,76,92.69366513,C,SJRcorridor,Interior
San Joaquin River @ Mossdale Bridge - C7A,4/22/1992,834,114,77.19407905,C,SJRcorridor,Interior
Little Connection Sl. @ Empire Tr.,4/22/1992,231,73,77.19407905,C,SJRcorridor,Interior
San Joaquin River @ Mossdale Bridge - C7A,7/22/1992,979,118,92.3938467,C,SJRcorridor,Interior
Little Connection Sl. @ Empire Tr.,7/22/1992,179,51,92.3938467,C,SJRcorridor,Interior
Little Connection Sl. @ Empire Tr.,8/19/1992,163,52,92.0935494,C,SJRcorridor,Interior
San Joaquin River @ Mossdale Bridge - C7A,10/7/1992,944,145,92.45317986,C,SJRcorridor,Interior
Little Connection Sl. @ Empire Tr.,10/7/1992,232,66,92.45317986,C,SJRcorridor,Interior
San Joaquin River @ Mossdale Bridge - C7A,1/13/1993,357,60,64.09402935,AN,SJRcorridor,Interior
Little Connection Sl. @ Empire Tr.,1/13/1993,247,49,64.09402935,AN,SJRcorridor,Interior
San Joaquin River @ Mossdale Bridge - C7A,4/21/1993,601,79,62.38347365,AN,SJRcorridor,Interior
Little Connection Sl. @ Empire Tr.,4/21/1993,145,47,62.38347365,AN,SJRcorridor,Interior
San Joaquin River @ Mossdale Bridge - C7A,7/8/1993,842,98,75.05380959,AN,SJRcorridor,Interior
Little Connection Sl. @ Empire Tr.,7/8/1993,120,38,75.05380959,AN,SJRcorridor,Interior
San Joaquin River @ Mossdale Bridge - C7A,9/1/1993,349,55,78.41118016,AN,SJRcorridor,Interior
Little Connection Sl. @ Empire Tr.,9/1/1993,162,52,78.41118016,AN,SJRcorridor,Interior
San Joaquin River @ Mossdale Bridge - C7A,10/20/1993,245,48,84.89979461,C,SJRcorridor,Interior
Little Connection Sl. @ Empire Tr.,10/20/1993,151,49,84.89979461,C,SJRcorridor,Interior
San Joaquin River @ Mossdale Bridge - C7A,1/12/1994,731,89,82.38546939,C,SJRcorridor,Interior
Little Connection Sl. @ Empire Tr.,1/12/1994,227,67,82.38546939,C,SJRcorridor,Interior
San Joaquin River @ Mossdale Bridge - C7A,4/20/1994,880,106,78.884997,C,SJRcorridor,Interior
Little Connection Sl. @ Empire Tr.,4/20/1994,236,72,78.884997,C,SJRcorridor,Interior
San Joaquin River @ Mossdale Bridge - C7A,7/20/1994,942,114,90.6143213,C,SJRcorridor,Interior
Little Connection Sl. @ Empire Tr.,7/20/1994,248,54,90.6143213,C,SJRcorridor,Interior
San Joaquin River @ Mossdale Bridge - C7A,11/17/1994,796,108,91.53716312,AN,SJRcorridor,Interior
San Joaquin River @ Mossdale Bridge - C7A,12/20/1994,946,121,81.11970496,C,SJRcorridor,Interior
San Joaquin River @ Mossdale Bridge - C7A,1/26/1995,383,78,53.05662006,W,SJRcorridor,Interior
San Joaquin River @ Mossdale Bridge - C7A,2/16/1995,487,60,49.77058978,W,SJRcorridor,Interior
San Joaquin River @ Mossdale Bridge - C7A,3/20/1995,301,49,35.26878783,W,SJRcorridor,Interior
San Joaquin River @ Mossdale Bridge - C7A,4/24/1995,184,36,55.06228913,W,SJRcorridor,Interior
San Joaquin River @ Mossdale Bridge - C7A,5/18/1995,143,31,50.95156216,W,SJRcorridor,Interior
San Joaquin River @ Mossdale Bridge - C7A,6/22/1995,240,43,57.6171137,W,SJRcorridor,Interior
San Joaquin River @ Mossdale Bridge - C7A,7/20/1995,218,37,58.74876866,W,SJRcorridor,Interior
San Joaquin River @ Mossdale Bridge - C7A,8/17/1995,633,83,74.57233985,W,SJRcorridor,Interior
San Joaquin River @ Mossdale Bridge - C7A,9/14/1995,387,57,67.19233682,W,SJRcorridor,Interior
San Joaquin River @ Mossdale Bridge - C7A,10/19/1995,202,39,74.05131326,C,SJRcorridor,Interior
San Joaquin River @ Mossdale Bridge - C7A,11/16/1995,750,111,79.55759468,C,SJRcorridor,Interior
San Joaquin River @ Mossdale Bridge - C7A,12/7/1995,746,104,79.94458802,W,SJRcorridor,Interior
San Joaquin River @ Mossdale Bridge - C7A,1/18/1996,946,116,81.11891586,W,SJRcorridor,Interior
San Joaquin River @ Mossdale Bridge - C7A,2/15/1996,290,42,53.64428507,W,SJRcorridor,Interior
San Joaquin River @ Mossdale Bridge - C7A,3/14/1996,253,52,48.94207006,W,SJRcorridor,Interior
San Joaquin River @ Mossdale Bridge - C7A,4/11/1996,413,62,53.46132043,W,SJRcorridor,Interior
San Joaquin River @ Mossdale Bridge - C7A,5/9/1996,336,47,62.32099718,W,SJRcorridor,Interior
San Joaquin River @ Mossdale Bridge - C7A,6/13/1996,592,76,65.4871296,W,SJRcorridor,Interior
San Joaquin River @ Mossdale Bridge - C7A,7/18/1996,774,101,73.33974661,W,SJRcorridor,Interior
San Joaquin River @ Mossdale Bridge - C7A,8/15/1996,747,102,77.45680181,W,SJRcorridor,Interior
San Joaquin River @ Mossdale Bridge - C7A,9/12/1996,666,108,76.73553471,W,SJRcorridor,Interior
San Joaquin River @ Mossdale Bridge - C7A,10/10/1996,609,101,83.55493234,W,SJRcorridor,Interior
San Joaquin River @ Mossdale Bridge - C7A,11/14/1996,690,113,87.30019572,W,SJRcorridor,Interior
San Joaquin River @ Mossdale Bridge - C7A,12/12/1996,220,50,67.9766535,W,SJRcorridor,Interior
San Joaquin River @ Mossdale Bridge - C7A,2/13/1997,185,42,47.19212894,W,SJRcorridor,Interior
San Joaquin River @ Mossdale Bridge - C7A,3/13/1997,338,61,55.45327752,W,SJRcorridor,Interior
San Joaquin River @ Mossdale Bridge - C7A,4/9/1997,788,108,73.79612645,W,SJRcorridor,Interior
San Joaquin River @ Mossdale Bridge - C7A,5/13/1997,346,53,71.63203277,W,SJRcorridor,Interior
San Joaquin River @ Mossdale Bridge - C7A,6/4/1997,560,84,78.50514499,W,SJRcorridor,Interior
San Joaquin River @ Mossdale Bridge - C7A,7/2/1997,620,104,78.23532434,W,SJRcorridor,Interior
San Joaquin River @ Mossdale Bridge - C7A,8/7/1997,663,108,77.94958475,W,SJRcorridor,Interior
San Joaquin River @ Mossdale Bridge - C7A,9/2/1997,671,109,77.2650624,W,SJRcorridor,Interior
San Joaquin River @ Mossdale Bridge - C7A,12/12/2009,789,112,92.72553683,D,SJRcorridor,Interior
SAN JOAQUIN R A BRANDT BR        ,12/12/2009,766,113,92.72553683,D,SJRcorridor,Interior
SAN JOAQUIN R A BRANDT BR        ,1/12/2010,928,122,91.08275529,BN,SJRcorridor,Interior
San Joaquin River @ Mossdale Bridge - C7A,1/12/2010,1008,126,91.08275529,BN,SJRcorridor,Interior
SAN JOAQUIN R A BRANDT BR        ,1/18/2010,945,122,86.04685619,BN,SJRcorridor,Interior
San Joaquin River @ Mossdale Bridge - C7A,1/18/2010,848,110,86.04685619,BN,SJRcorridor,Interior
San Joaquin River @ Mossdale Bridge - C7A,1/20/2010,778,102,82.2895829,BN,SJRcorridor,Interior
SAN JOAQUIN R A BRANDT BR        ,1/20/2010,923,118,82.2895829,BN,SJRcorridor,Interior
San Joaquin River at Holt Rd.,1/19/2011,247,48,66.73352135,W,SJRcorridor,Interior
Old River nr Tracy,10/23/1991,1220,173,94.27657666,C,SouthDelta,Interior
Old River nr Tracy,4/23/1991,1510,161,85.01362795,C,SouthDelta,Interior
Old River @ Tracy Road Bridge - P12,3/23/2009,1179,159,67.34893515,D,SouthDelta,Interior
Old River nr Tracy,10/24/1990,1140,158,94.04183083,D,SouthDelta,Interior
Old River nr Tracy,1/29/1991,1320,157,94.90599798,C,SouthDelta,Interior
Grant Line Canal @ Tracy Blvd,3/23/2009,1156,156,67.34893515,D,SouthDelta,Interior
Old River @ Tracy Road Bridge - P12,12/23/2008,1257,155,91.80575032,C,SouthDelta,Interior
Grant Ln Can @ Tracy Rd Bdg,4/23/1991,1360,154,85.01362795,C,SouthDelta,Interior
Old River @ Middle River,3/16/2009,1043,149,64.397985,D,SouthDelta,Interior
Grant Ln Can @ Tracy Rd Bdg,10/23/1991,997,146,94.27657666,C,SouthDelta,Interior
Old River nr Tracy,7/24/1991,1110,145,92.78926842,C,SouthDelta,Interior
Grant Ln Can @ Tracy Rd Bdg,1/29/1991,1240,143,94.90599798,C,SouthDelta,Interior
Old River @ Tracy Road Bridge - P12,12/11/2008,1047,143,93.85276614,C,SouthDelta,Interior
Grant Ln Can @ Tracy Rd Bdg,3/2/1989,1430,142,91.3346382,D,SouthDelta,Interior
Old River nr Tracy,1/23/1992,1150,142,92.69366513,C,SouthDelta,Interior
Old River @ Tracy Road Bridge - P12,2/11/2009,1093,142,83.0036227,D,SouthDelta,Interior
Grant Ln Can @ Tracy Rd Bdg,8/19/1992,1080,142,92.0935494,C,SouthDelta,Interior
Grant Ln Can @ Tracy Rd Bdg,10/24/1990,1030,142,94.04183083,D,SouthDelta,Interior
Old River nr Tracy,8/21/1991,1140,140,88.57096592,C,SouthDelta,Interior
Grant Ln Can @ Tracy Rd Bdg,7/22/1992,1100,139,92.3938467,C,SouthDelta,Interior
Old River @ Tracy Road Bridge - P12,1/12/2009,1092,138,89.32251087,D,SouthDelta,Interior
Old River nr Tracy,3/2/1989,1410,137,91.3346382,D,SouthDelta,Interior
Old River nr Tracy,2/14/1990,1320,137,84.5852336,C,SouthDelta,Interior
Old River nr Tracy,4/22/1992,1110,136,77.19407905,C,SouthDelta,Interior
Old River @ Middle River,2/10/2009,1079,136,84.02790463,D,SouthDelta,Interior
Grant Line Canal @ Tracy Blvd,2/11/2009,1068,136,83.0036227,D,SouthDelta,Interior
Old River @ Middle River,4/1/2009,1008,135,73.95020527,D,SouthDelta,Interior
Old River nr Tracy,10/7/1992,974,135,92.45317986,C,SouthDelta,Interior
Old River nr Tracy,1/24/1990,1190,134,79.66720736,C,SouthDelta,Interior
Grant Ln Can @ Tracy Rd Bdg,1/23/1992,1100,134,92.69366513,C,SouthDelta,Interior
Old River @ Tracy Road Bridge - P12,4/9/2009,1013,133,75.01511525,D,SouthDelta,Interior
Grant Ln Can @ Tracy Rd Bdg,8/21/1991,1000,133,88.57096592,C,SouthDelta,Interior
Grant Ln Can @ Tracy Rd Bdg,1/24/1990,1200,132,79.66720736,C,SouthDelta,Interior
Old River nr Tracy,4/25/1990,1120,130,87.22990049,C,SouthDelta,Interior
Old River nr Tracy,7/25/1989,850,130,80.02863026,D,SouthDelta,Interior
Grant Line Canal @ Tracy Blvd,1/12/2009,1009,129,89.32251087,D,SouthDelta,Interior
Old River @ Middle River,1/7/2009,962,129,86.91076865,D,SouthDelta,Interior
Grant Ln Can @ Tracy Rd Bdg,2/14/1990,1240,128,84.5852336,C,SouthDelta,Interior
Old River @ Tracy Road Bridge - P12,1/26/2009,995,127,88.07443799,D,SouthDelta,Interior
Grant Ln Can @ Tracy Rd Bdg,7/24/1991,974,127,92.78926842,C,SouthDelta,Interior
Old River nr Tracy,7/26/1990,916,124,86.56430395,C,SouthDelta,Interior
Old River @ Tracy Road Bridge - P12,2/26/2009,911,124,60.14582078,D,SouthDelta,Interior
Grant Ln Can @ Tracy Rd Bdg,10/7/1992,881,124,92.45317986,C,SouthDelta,Interior
Grant Line Canal @ Tracy Blvd,12/23/2008,928,123,91.80575032,C,SouthDelta,Interior
Grant Line Canal @ Tracy Blvd,1/26/2009,952,122,88.07443799,D,SouthDelta,Interior
Grant Line Canal @ Tracy Blvd,12/11/2008,898,122,93.85276614,C,SouthDelta,Interior
Old River nr Tracy,7/20/1994,997,121,90.6143213,C,SouthDelta,Interior
Old River @ Middle River,12/22/2008,900,121,92.48009562,C,SouthDelta,Interior
Grant Line/Fabian/Bell Canals nr Old R.,1/24/1990,1100,118,79.66720736,C,SouthDelta,Interior
Old River @ Tracy Road Bridge - P12,3/9/2009,868,117,54.40866096,D,SouthDelta,Interior
Old River nr Tracy,8/22/1990,857,117,83.47764088,C,SouthDelta,Interior
Old River nr Tracy,8/19/1992,1160,116,92.0935494,C,SouthDelta,Interior
Old River nr Tracy,7/22/1992,1120,116,92.3938467,C,SouthDelta,Interior
Grant Ln Can @ Tracy Rd Bdg,7/20/1994,956,116,90.6143213,C,SouthDelta,Interior
Old River @ Middle River,2/25/2009,844,116,63.13375011,D,SouthDelta,Interior
Grant Line Canal @ Tracy Blvd,4/9/2009,844,116,75.01511525,D,SouthDelta,Interior
Old River nr Tracy,7/8/1993,950,115,75.05380959,AN,SouthDelta,Interior
Grant Ln Can @ Tracy Rd Bdg,4/22/1992,932,115,77.19407905,C,SouthDelta,Interior
Grant Line Canal @ Tracy Blvd,2/26/2009,840,115,60.14582078,D,SouthDelta,Interior
Old River @ Tracy Road Bridge - P12,4/23/2009,814,114,79.53429049,D,SouthDelta,Interior
Grant Ln Can @ Tracy Rd Bdg,7/26/1990,843,113,86.56430395,C,SouthDelta,Interior
Old River @ Middle River,1/29/2009,862,112,83.77227583,D,SouthDelta,Interior
Old River nr Tracy,4/20/1994,942,111,78.884997,C,SouthDelta,Interior
Grant Line/Fabian/Bell Canals nr Old R.,8/21/1991,840,111,88.57096592,C,SouthDelta,Interior
Grant Ln Can @ Tracy Rd Bdg,7/25/1989,800,110,80.02863026,D,SouthDelta,Interior
Grant Line/Fabian/Bell Canals nr Old R.,7/25/1989,800,110,80.02863026,D,SouthDelta,Interior
Grant Line/Fabian/Bell Canals nr Old R.,4/20/1994,922,108,78.884997,C,SouthDelta,Interior
Grant Ln Can @ Tracy Rd Bdg,7/8/1993,855,104,75.05380959,AN,SouthDelta,Interior
Grant Ln Can @ Tracy Rd Bdg,8/22/1990,735,103,83.47764088,C,SouthDelta,Interior
Grant Line/Fabian/Bell Canals nr Old R.,7/20/1994,852,102,90.6143213,C,SouthDelta,Interior
Old River @ Tracy Road Bridge - P12,6/8/2009,739,102,77.24823856,D,SouthDelta,Interior
Grant Ln Can @ Tracy Rd Bdg,4/25/1990,839,101,87.22990049,C,SouthDelta,Interior
Grant Ln Can @ Tracy Rd Bdg,4/20/1994,824,99,78.884997,C,SouthDelta,Interior
Old River nr Tracy,4/21/1993,802,99,62.38347365,AN,SouthDelta,Interior
Grant Line Canal @ Tracy Blvd,3/9/2009,728,99,54.40866096,D,SouthDelta,Interior
Old River @ Middle River,4/16/2009,694,99,67.73613947,D,SouthDelta,Interior
Old River nr Tracy,1/12/1994,771,96,82.38546939,C,SouthDelta,Interior
Grant Line/Fabian/Bell Canals nr Old R.,7/22/1992,900,95,92.3938467,C,SouthDelta,Interior
Grant Line/Fabian/Bell Canals nr Old R.,8/22/1990,652,91,83.47764088,C,SouthDelta,Interior
Middle River @ Union Point - P10A,3/3/2014,725,90,80.57624471,C,SouthDelta,Interior
Middle River @ Union Point - P10A,5/4/2015,568,90,94.17154572,C,SouthDelta,Interior
Grant Ln Can @ Tracy Rd Bdg,1/12/1994,726,89,82.38546939,C,SouthDelta,Interior
Middle River @ Union Point - P10A,3/2/2009,583,89,65.57301543,D,SouthDelta,Interior
Middle River @ Union Point - P10A,4/8/2008,492,89,78.37516679,C,SouthDelta,Interior
Middle River @ Union Point - P10A,6/1/2015,697,87,93.2549537,C,SouthDelta,Interior
Middle River @ Union Point - P10A,4/6/2015,419,87,88.0123047,C,SouthDelta,Interior
Middle River @ Union Point - P10A,2/3/2009,633,86,84.30493265,D,SouthDelta,Interior
Middle River @ Union Point - P10A,1/6/2009,589,86,86.18470086,D,SouthDelta,Interior
Middle River @ Union Point - P10A,5/6/2008,503,86,81.24308533,C,SouthDelta,Interior
Grant Line/Fabian/Bell Canals nr Old R.,8/19/1992,822,85,92.0935494,C,SouthDelta,Interior
Grant Line/Fabian/Bell Canals nr Old R.,5/22/1991,479,85,90.63835999,C,SouthDelta,Interior
Middle River @ Union Point - P10A,2/3/2015,415,84,87.92593622,C,SouthDelta,Interior
Grant Line/Fabian/Bell Canals nr Old R.,4/22/1992,409,84,77.19407905,C,SouthDelta,Interior
Grant Ln Can @ Tracy Rd Bdg,4/21/1993,615,83,62.38347365,AN,SouthDelta,Interior
Middle River @ Union Point - P10A,4/7/2014,459,83,75.44547873,C,SouthDelta,Interior
Grant Line/Fabian/Bell Canals nr Old R.,10/24/1990,703,82,94.04183083,D,SouthDelta,Interior
Middle River @ Union Point - P10A,3/2/2010,483,82,63.81753273,BN,SouthDelta,Interior
Middle River @ Union Point - P10A,4/6/2010,441,82,68.63765096,BN,SouthDelta,Interior
Middle River @ Union Point - P10A,2/3/2014,774,81,93.92384943,C,SouthDelta,Interior
Grant Line/Fabian/Bell Canals nr Old R.,4/25/1990,671,81,87.22990049,C,SouthDelta,Interior
Grant Line Canal @ Tracy Blvd,6/8/2009,550,81,77.24823856,D,SouthDelta,Interior
Middle River @ Union Point - P10A,11/3/2014,613,80,92.39401068,D,SouthDelta,Interior
Middle River @ Union Point - P10A,10/1/2008,461,80,88.30977329,D,SouthDelta,Interior
Middle River @ Union Point - P10A,3/2/2015,406,80,78.10690622,C,SouthDelta,Interior
Grant Line/Fabian/Bell Canals nr Old R.,1/29/1991,700,79,94.90599798,C,SouthDelta,Interior
Grant Line/Fabian/Bell Canals nr Old R.,10/7/1992,684,79,92.45317986,C,SouthDelta,Interior
Middle River @ Union Point - P10A,10/6/2014,503,79,94.77701545,D,SouthDelta,Interior
Middle River @ Union Point - P10A,5/3/2016,461,79,75.47029728,BN,SouthDelta,Interior
Middle River @ Union Point - P10A,6/2/2008,435,79,81.73068377,C,SouthDelta,Interior
Middle River @ Union Point - P10A,12/7/2015,710,78,94.9140377,C,SouthDelta,Interior
Middle River @ Union Point - P10A,11/2/2015,675,78,93.88533024,C,SouthDelta,Interior
Old River @ Tracy Road Bridge - P12,5/7/2009,554,78,68.40551796,D,SouthDelta,Interior
Middle River @ Union Point - P10A,2/2/2010,536,78,54.29400396,BN,SouthDelta,Interior
Middle River @ Union Point - P10A,5/5/2014,483,78,87.63000727,C,SouthDelta,Interior
Middle River @ Union Point - P10A,10/5/2015,616,77,94.93479848,C,SouthDelta,Interior
Middle River @ Union Point - P10A,12/2/2008,511,77,92.75840841,C,SouthDelta,Interior
Middle River @ Union Point - P10A,3/4/2008,374,77,66.16351777,C,SouthDelta,Interior
Middle River @ Union Point - P10A,1/9/2019,543,76,#N/A,W,SouthDelta,Interior
Old River nr Tracy,9/1/1993,530,76,78.41118016,AN,SouthDelta,Interior
Middle River @ Union Point - P10A,11/3/2008,443,76,93.02142734,D,SouthDelta,Interior
Middle River @ Union Point - P10A,10/6/2009,411,76,87.99178837,C,SouthDelta,Interior
Middle River @ Union Point - P10A,5/5/2009,358,76,73.26168644,D,SouthDelta,Interior
Middle River @ Union Point - P10A,7/6/2015,667,75,95.81957478,C,SouthDelta,Interior
Middle River @ Union Point - P10A,1/3/2008,544,75,83.34570353,C,SouthDelta,Interior
Middle R @ Tracy Rd Bdg,3/2/1989,506,75,91.3346382,D,SouthDelta,Interior
Middle River @ Union Point - P10A,1/5/2010,466,74,86.26711441,BN,SouthDelta,Interior
Middle River @ Union Point - P10A,6/2/2014,436,74,93.56618111,C,SouthDelta,Interior
Middle River @ Union Point - P10A,11/6/2007,427,74,89.58054651,W,SouthDelta,Interior
Middle River @ Union Point - P10A,1/4/2016,601,73,89.47617765,BN,SouthDelta,Interior
Middle River @ Union Point - P10A,12/1/2014,542,73,93.6049299,C,SouthDelta,Interior
Old River @ Tracy Road Bridge - P12,5/21/2009,488,73,75.54540529,D,SouthDelta,Interior
Middle River @ Union Point - P10A,1/6/2014,601,72,92.33233742,C,SouthDelta,Interior
Grant Line/Fabian/Bell Canals nr Old R.,7/24/1991,511,72,92.78926842,C,SouthDelta,Interior
Middle River @ Union Point - P10A,2/6/2007,460,72,79.89948567,D,SouthDelta,Interior
Middle River @ Union Point - P10A,2/5/2008,456,72,54.87619201,C,SouthDelta,Interior
Middle R @ Tracy Rd Bdg,7/24/1991,454,72,92.78926842,C,SouthDelta,Interior
Middle River @ Union Point - P10A,2/5/2018,402,72,74.06112596,BN,SouthDelta,Interior
Middle River @ Union Point - P10A,3/10/2016,321,72,62.66343249,BN,SouthDelta,Interior
Middle River @ Union Point - P10A,4/7/2009,314,72,75.36176628,D,SouthDelta,Interior
Grant Line/Fabian/Bell Canals nr Old R.,1/23/1992,546,71,92.69366513,C,SouthDelta,Interior
Middle River @ Union Point - P10A,1/2/2007,490,71,80.23657174,D,SouthDelta,Interior
Middle River @ Union Point - P10A,3/5/2007,485,71,58.91442023,D,SouthDelta,Interior
Grant Line/Fabian/Bell Canals nr Old R.,10/23/1991,463,71,94.27657666,C,SouthDelta,Interior
Middle River @ Union Point - P10A,11/4/2013,463,71,90.34617646,BN,SouthDelta,Interior
Middle River @ Union Point - P10A,9/2/2008,387,71,88.7732302,C,SouthDelta,Interior
Middle River @ Union Point - P10A,8/3/2015,648,70,95.38511805,C,SouthDelta,Interior
Middle River @ Union Point - P10A,1/5/2015,470,70,71.50190239,C,SouthDelta,Interior
Grant Line Canal @ Tracy Blvd,4/23/2009,463,70,79.53429049,D,SouthDelta,Interior
Middle River @ Union Point - P10A,10/7/2013,430,70,87.90258861,BN,SouthDelta,Interior
Middle River @ Union Point - P10A,2/4/2019,411,70,#N/A,W,SouthDelta,Interior
Middle River @ Union Point - P10A,12/4/2007,348,70,87.28423839,D,SouthDelta,Interior
Middle River @ Union Point - P10A,12/5/2006,341,70,88.65054031,W,SouthDelta,Interior
Middle River @ Union Point - P10A,10/5/2010,340,70,83.98583932,D,SouthDelta,Interior
Middle River @ Union Point - P10A,7/1/2008,318,70,84.87243383,C,SouthDelta,Interior
Middle River @ Union Point - P10A,7/7/2014,541,69,90.2187572,C,SouthDelta,Interior
Middle River @ Union Point - P10A,9/2/2014,452,69,90.3346038,C,SouthDelta,Interior
Middle River @ Union Point - P10A,10/2/2007,335,69,87.02852586,W,SouthDelta,Interior
Middle River @ Union Point - P10A,9/9/2015,581,68,94.75346141,C,SouthDelta,Interior
Middle River @ Union Point - P10A,12/2/2013,507,68,93.39492499,D,SouthDelta,Interior
Middle River @ Union Point - P10A,9/10/2018,346,68,84.8982076,BN,SouthDelta,Interior
Middle River @ Union Point - P10A,2/3/2016,488,67,59.65346245,BN,SouthDelta,Interior
Middle River @ Union Point - P10A,6/2/2009,336,67,74.90839371,D,SouthDelta,Interior
Middle River @ Union Point - P10A,10/11/2018,407,66,#N/A,W,SouthDelta,Interior
Middle River @ Union Point - P10A,6/4/2007,399,66,80.25338455,D,SouthDelta,Interior
Middle River @ Union Point - P10A,12/7/2016,398,66,83.68530205,BN,SouthDelta,Interior
Middle River @ Union Point - P10A,9/5/2007,364,66,85.25541551,D,SouthDelta,Interior
Middle River @ Union Point - P10A,11/3/2009,352,66,88.3635176,C,SouthDelta,Interior
Middle River @ Union Point - P10A,9/9/2009,345,66,84.37552482,D,SouthDelta,Interior
Middle River @ Union Point - P10A,4/2/2007,318,66,72.02877378,D,SouthDelta,Interior
Middle River @ Union Point - P10A,7/2/2007,303,66,80.94470218,D,SouthDelta,Interior
Middle River @ Union Point - P10A,10/4/2016,387,65,86.5637221,C,SouthDelta,Interior
Middle River @ Union Point - P10A,4/7/2016,328,65,66.37589317,BN,SouthDelta,Interior
Middle River @ Union Point - P10A,8/5/2008,304,65,88.35573476,C,SouthDelta,Interior
Middle River @ Union Point - P10A,8/4/2014,490,64,88.73599436,C,SouthDelta,Interior
Middle River @ Union Point - P10A,1/8/2018,456,64,84.74492337,BN,SouthDelta,Interior
Grant Line Canal @ Tracy Blvd,5/7/2009,425,64,68.40551796,D,SouthDelta,Interior
Middle River @ Union Point - P10A,12/1/2009,320,64,92.29828513,D,SouthDelta,Interior
Grant Line/Fabian/Bell Canals nr Old R.,7/26/1990,396,63,86.56430395,C,SouthDelta,Interior
Middle River @ Union Point - P10A,12/3/2018,408,62,#N/A,BN,SouthDelta,Interior
Middle River @ Union Point - P10A,5/2/2007,346,62,74.44600721,D,SouthDelta,Interior
Middle River @ Union Point - P10A,11/3/2010,334,61,84.63274041,D,SouthDelta,Interior
Middle River @ Union Point - P10A,6/7/2016,319,61,82.94141541,BN,SouthDelta,Interior
Middle River @ Union Point - P10A,9/7/2010,294,61,86.84207092,BN,SouthDelta,Interior
Middle River @ Union Point - P10A,9/7/2016,288,61,84.03725468,BN,SouthDelta,Interior
Middle River @ Union Point - P10A,10/3/2006,253,61,79.15994988,AN,SouthDelta,Interior
Middle River @ Union Point - P10A,12/4/2017,246,61,83.87250454,W,SouthDelta,Interior
Middle River @ Union Point - P10A,5/4/2010,400,60,57.05251942,BN,SouthDelta,Interior
Grant Ln Can @ Tracy Rd Bdg,1/13/1993,376,60,64.09402935,AN,SouthDelta,Interior
Middle River @ Union Point - P10A,11/5/2018,362,60,#N/A,W,SouthDelta,Interior
Middle River @ Union Point - P10A,12/6/2010,321,60,84.27592276,BN,SouthDelta,Interior
Grant Line/Fabian/Bell Canals nr Old R.,10/20/1993,318,60,84.89979461,C,SouthDelta,Interior
Old River nr Tracy,1/13/1993,332,59,64.09402935,AN,SouthDelta,Interior
Middle River @ Union Point - P10A,11/7/2006,274,59,88.98570418,AN,SouthDelta,Interior
Middle River @ Union Point - P10A,7/7/2009,228,59,82.06398554,D,SouthDelta,Interior
Grant Ln Can @ Tracy Rd Bdg,9/1/1993,386,58,78.41118016,AN,SouthDelta,Interior
Grant Line Canal @ Tracy Blvd,5/21/2009,353,58,75.54540529,D,SouthDelta,Interior
Middle River @ Union Point - P10A,8/6/2007,277,58,84.7182393,D,SouthDelta,Interior
Middle River @ Union Point - P10A,7/9/2018,246,57,82.60710477,BN,SouthDelta,Interior
Middle River @ Union Point - P10A,11/7/2016,353,56,87.41045331,C,SouthDelta,Interior
Middle River @ Union Point - P10A,2/7/2011,334,56,64.18410148,W,SouthDelta,Interior
Middle River @ Union Point - P10A,8/6/2018,197,56,82.35063213,BN,SouthDelta,Interior
Middle River @ Union Point - P10A,4/9/2018,358,55,54.04390508,BN,SouthDelta,Interior
Middle River @ Union Point - P10A,8/2/2006,261,54,78.28975195,W,SouthDelta,Interior
Middle River @ Union Point - P10A,9/6/2006,240,54,78.70958184,W,SouthDelta,Interior
Middle River @ Union Point - P10A,1/9/2017,338,53,56.18463132,W,SouthDelta,Interior
Middle River @ Union Point - P10A,6/8/2010,288,53,67.97063022,BN,SouthDelta,Interior
Middle River @ Union Point - P10A,3/7/2011,372,52,56.35666923,W,SouthDelta,Interior
Middle River @ Union Point - P10A,5/7/2018,352,52,64.92049336,BN,SouthDelta,Interior
Middle River @ Union Point - P10A,3/13/2019,278,52,#N/A,W,SouthDelta,Interior
Middle River @ Union Point - P10A,7/6/2010,241,52,80.72423904,BN,SouthDelta,Interior
Middle River @ Union Point - P10A,7/6/2016,222,52,84.55059684,BN,SouthDelta,Interior
Middle River @ Union Point - P10A,10/2/2017,186,52,77.2692402,BN,SouthDelta,Interior
Middle River @ Union Point - P10A,6/5/2018,284,50,74.73149108,BN,SouthDelta,Interior
Middle River @ Union Point - P10A,8/2/2010,189,50,79.32890201,BN,SouthDelta,Interior
Middle River @ Union Point - P10A,8/4/2009,265,49,84.14076361,D,SouthDelta,Interior
Middle River @ Union Point - P10A,4/4/2011,247,48,0,W,SouthDelta,Interior
Middle River @ Union Point - P10A,1/3/2011,274,47,53.33698971,W,SouthDelta,Interior
Old River nr Tracy,10/20/1993,249,47,84.89979461,C,SouthDelta,Interior
Middle River @ Union Point - P10A,8/1/2016,207,47,83.57049111,BN,SouthDelta,Interior
Middle River @ Union Point - P10A,9/7/2017,193,47,77.48586469,W,SouthDelta,Interior
Middle River @ Union Point - P10A,2/6/2017,258,46,50.46962633,W,SouthDelta,Interior
Grant Ln Can @ Tracy Rd Bdg,10/20/1993,244,46,84.89979461,C,SouthDelta,Interior
Middle River @ Union Point - P10A,8/7/2017,217,45,80.74384873,W,SouthDelta,Interior
Middle River @ Union Point - P10A,6/6/2011,257,43,57.57300551,W,SouthDelta,Interior
Old River @ Middle River,6/9/1998,236,42,51.89782644,W,SouthDelta,Interior
Middle River @ Union Point - P10A,5/2/2011,199,40,57.60965856,W,SouthDelta,Interior
Middle River @ Union Point - P10A,3/8/2017,187,38,46.65054443,W,SouthDelta,Interior
Middle River @ Union Point - P10A,7/5/2011,184,37,56.36389323,W,SouthDelta,Interior
Middle River @ Union Point - P10A,4/3/2017,201,35,49.18404199,W,SouthDelta,Interior
Middle River @ Union Point - P10A,6/5/2017,177,33,57.96351261,W,SouthDelta,Interior
Middle River @ Union Point - P10A,7/10/2017,177,32,70.04911852,W,SouthDelta,Interior
Middle River @ Union Point - P10A,7/5/2006,154,31,67.43685291,W,SouthDelta,Interior
Middle River @ Union Point - P10A,5/3/2017,120,27,50.00669585,W,SouthDelta,Interior
