Long Station Name,Collection Date,EC,Br,Sacramento X2,WYT,Location,Area
Middle River @ Union Point - P10A,5/3/2017,120,0.03,50.00669585,W,OMR,Interior
Little Connection Sl. @ Empire Tr.,7/8/1993,120,0.02,75.05380959,AN,SJRcorridor,Interior
Middle River @ Union Point - P10A,5/3/2017,120,0.03,50.00669585,W,SouthDelta,Interior
San Joaquin River @ Mossdale Bridge - C7A,5/18/1995,143,0.03,50.95156216,W,SJRcorridor,Interior
Little Connection Sl. @ Empire Tr.,4/21/1993,145,0.02,62.38347365,AN,SJRcorridor,Interior
Contra Costa PP Number 01,7/12/1995,146,0.04,65.49822638,W,OMR,Interior
Middle River at Bacon Island Bridge,8/10/1993,147,0.03,70.9026113,AN,OMR,Interior
Old River North of Rock Slough (St 4b),7/8/1993,148,0.03,75.05380959,AN,OMR,Interior
Contra Costa PP Number 01,8/9/1995,150,0.03,68.77947219,W,OMR,Interior
Contra Costa PP Number 01,7/6/2005,151,0.03,69.97360216,AN,OMR,Interior
Little Connection Sl. @ Empire Tr.,10/20/1993,151,0.03,84.89979461,C,SJRcorridor,Interior
Middle River @ Union Point - P10A,7/5/2006,154,0.05,67.43685291,W,OMR,Interior
Middle River @ Union Point - P10A,7/5/2006,154,0.05,67.43685291,W,SouthDelta,Interior
Rock Slough @ Old River,7/8/1993,156,0.04,75.05380959,AN,OMR,Interior
San Joaquin River at Prisoner's Point,7/7/2009,157.5,0.04,82.06398554,D,SJRcorridor,Interior
Contra Costa PP Number 01,7/22/1993,159,0.04,69.41514716,AN,OMR,Interior
Contra Costa PP Number 01,7/8/1993,159,0.03,75.05380959,AN,OMR,Interior
Little Connection Sl. @ Empire Tr.,7/26/1990,160,0.03,86.56430395,C,SJRcorridor,Interior
Little Connection Sl. @ Empire Tr.,10/23/1991,160,0.03,94.27657666,C,SJRcorridor,Interior
Middle River at Bacon Island Bridge,7/20/1993,161,0.04,75.81769133,AN,OMR,Interior
Contra Costa PP Number 01,9/2/1998,161,0.03,67.79734317,W,OMR,Interior
Contra Costa PP Number 01,7/5/2006,162,0.04,67.43685291,W,OMR,Interior
Little Connection Sl. @ Empire Tr.,9/1/1993,162,0.04,78.41118016,AN,SJRcorridor,Interior
Little Connection Sl. @ Empire Tr.,8/19/1992,163,0.03,92.0935494,C,SJRcorridor,Interior
Clifton Court Intake,7/20/1993,166,0.04,75.81769133,AN,OMR,Interior
Rock Slough at Delta Road Bridge,7/5/2011,169,0.03,56.36389323,W,OMR,Interior
Middle River at Bacon Island Bridge,9/1/1993,175,0.04,78.41118016,AN,OMR,Interior
Contra Costa PP Number 01,7/11/1996,175,0.03,75.57077698,W,OMR,Interior
San Joaquin River at Prisoner's Point,5/27/2009,176.6,0.05,78.39738548,D,SJRcorridor,Interior
Middle River @ Union Point - P10A,6/5/2017,177,0.06,57.96351261,W,OMR,Interior
Middle River @ Union Point - P10A,7/10/2017,177,0.06,70.04911852,W,OMR,Interior
Middle River @ Union Point - P10A,6/5/2017,177,0.06,57.96351261,W,SouthDelta,Interior
Middle River @ Union Point - P10A,7/10/2017,177,0.06,70.04911852,W,SouthDelta,Interior
Little Connection Sl. @ Empire Tr.,8/22/1990,178,0.04,83.47764088,C,SJRcorridor,Interior
Little Connection Sl. @ Empire Tr.,7/22/1992,179,0.06,92.3938467,C,SJRcorridor,Interior
Middle River @ Union Point - P10A,7/5/2011,184,0.06,56.36389323,W,OMR,Interior
San Joaquin River @ Mossdale Bridge - C7A,4/24/1995,184,0.1,55.06228913,W,SJRcorridor,Interior
Middle River @ Union Point - P10A,7/5/2011,184,0.06,56.36389323,W,SouthDelta,Interior
Contra Costa PP Number 01,8/12/1993,185,0.06,71.58781984,AN,OMR,Interior
San Joaquin River @ Mossdale Bridge - C7A,2/13/1997,185,0.04,47.19212894,W,SJRcorridor,Interior
Middle River @ Union Point - P10A,10/2/2017,186,0.06,77.2692402,BN,OMR,Interior
Middle River @ Union Point - P10A,10/2/2017,186,0.06,77.2692402,BN,SouthDelta,Interior
Middle River @ Union Point - P10A,3/8/2017,187,0.05,46.65054443,W,OMR,Interior
Contra Costa PP Number 01,9/6/1995,187,0.04,67.21706163,W,OMR,Interior
Middle River @ Union Point - P10A,3/8/2017,187,0.05,46.65054443,W,SouthDelta,Interior
Middle River @ Union Point - P10A,8/2/2010,189,0.06,79.32890201,BN,OMR,Interior
Middle River @ Union Point - P10A,8/2/2010,189,0.06,79.32890201,BN,SouthDelta,Interior
Contra Costa PP Number 01,8/5/1998,190,0.05,70.95431958,W,OMR,Interior
Contra Costa PP Number 01,11/4/1998,190,0.04,78.12007996,W,OMR,Interior
Little Connection Sl. @ Empire Tr.,10/24/1990,191,0.04,94.04183083,D,SJRcorridor,Interior
San Joaquin River at Prisoner's Point,4/29/2009,191.7,0.04,77.28892347,D,SJRcorridor,Interior
San Joaquin River at Prisoner's Point,6/16/2009,192.4,0.06,75.74081285,D,SJRcorridor,Interior
Middle River @ Union Point - P10A,9/7/2017,193,0.07,77.48586469,W,OMR,Interior
Contra Costa PP Number 01,10/11/1995,193,0.04,69.40952731,C,OMR,Interior
Middle River @ Union Point - P10A,9/7/2017,193,0.07,77.48586469,W,SouthDelta,Interior
Contra Costa PP Number 01,8/2/2005,196,0.04,80.7913406,AN,OMR,Interior
Middle River @ Union Point - P10A,8/6/2018,197,0.06,82.35063213,BN,OMR,Interior
Middle River @ Union Point - P10A,8/6/2018,197,0.06,82.35063213,BN,SouthDelta,Interior
Middle River @ Union Point - P10A,5/2/2011,199,0.05,57.60965856,W,OMR,Interior
Middle River @ Union Point - P10A,5/2/2011,199,0.05,57.60965856,W,SouthDelta,Interior
Contra Costa PP Number 01,11/8/1995,200,0.04,81.20170079,C,OMR,Interior
Middle River @ Union Point - P10A,4/3/2017,201,0.06,49.18404199,W,OMR,Interior
Middle River @ Union Point - P10A,4/3/2017,201,0.06,49.18404199,W,SouthDelta,Interior
San Joaquin River @ Mossdale Bridge - C7A,10/19/1995,202,0.06,74.05131326,C,SJRcorridor,Interior
Middle River at Bacon Island Bridge,7/8/1993,203,0.06,75.05380959,AN,OMR,Interior
Contra Costa PP Number 01,9/1/1993,205,0.06,78.41118016,AN,OMR,Interior
Middle River @ Union Point - P10A,8/1/2016,207,0.08,83.57049111,BN,OMR,Interior
Middle River @ Union Point - P10A,8/1/2016,207,0.08,83.57049111,BN,SouthDelta,Interior
Contra Costa PP Number 01,10/14/1998,208,0.04,70.16642583,W,OMR,Interior
Contra Costa PP Number 01,7/8/1999,211,0.05,73.33227294,W,OMR,Interior
Rock Slough @ Old River,4/21/1993,211,0.04,62.38347365,AN,OMR,Interior
Old River North of Rock Slough (St 4b),9/1/1993,212,0.08,78.41118016,AN,OMR,Interior
Old River North of Rock Slough (St 4b),4/21/1993,212,0.04,62.38347365,AN,OMR,Interior
Contra Costa PP Number 01,12/6/1995,213,0.05,79.32528838,W,OMR,Interior
Contra Costa PP Number 01,6/14/1995,214,0.07,58.38588799,W,OMR,Interior
Rock Slough @ Old River,9/1/1993,216,0.08,78.41118016,AN,OMR,Interior
Middle River @ Union Point - P10A,8/7/2017,217,0.07,80.74384873,W,OMR,Interior
Middle River @ Union Point - P10A,8/7/2017,217,0.07,80.74384873,W,SouthDelta,Interior
Contra Costa PP Number 01,8/5/1999,218,0.06,71.77110367,W,OMR,Interior
San Joaquin River @ Mossdale Bridge - C7A,7/20/1995,218,0.06,58.74876866,W,SJRcorridor,Interior
San Joaquin River at Prisoner's Point,3/24/2009,219.7,0.05,67.79671251,D,SJRcorridor,Interior
San Joaquin River @ Mossdale Bridge - C7A,12/12/1996,220,0.04,67.9766535,W,SJRcorridor,Interior
Middle River @ Union Point - P10A,7/6/2016,222,0.07,84.55059684,BN,OMR,Interior
Middle River @ Union Point - P10A,7/6/2016,222,0.07,84.55059684,BN,SouthDelta,Interior
Little Connection Sl. @ Empire Tr.,1/12/1994,227,0.05,82.38546939,C,SJRcorridor,Interior
Middle River @ Union Point - P10A,7/7/2009,228,0.1,82.06398554,D,OMR,Interior
Middle River @ Union Point - P10A,7/7/2009,228,0.1,82.06398554,D,SouthDelta,Interior
Contra Costa PP Number 01,7/3/2000,229,0.05,80.70368222,AN,OMR,Interior
Little Connection Sl. @ Empire Tr.,4/22/1992,231,0.04,77.19407905,C,SJRcorridor,Interior
Contra Costa PP Number 01,3/6/2006,232,0.05,50.66954548,W,OMR,Interior
Little Connection Sl. @ Empire Tr.,10/7/1992,232,0.06,92.45317986,C,SJRcorridor,Interior
Contra Costa PP Number 01,7/8/1998,233,0.06,56.61660003,W,OMR,Interior
Contra Costa PP Number 01,5/4/2004,233,0.04,76.25300399,BN,OMR,Interior
Little Connection Sl. @ Empire Tr.,4/20/1994,236,0.06,78.884997,C,SJRcorridor,Interior
Old River @ Middle River,6/9/1998,236,0.07,51.89782644,W,SouthDelta,Interior
Contra Costa PP Number 01,4/6/2004,238,0.03,69.18983307,BN,OMR,Interior
Middle River @ Union Point - P10A,9/6/2006,240,0.08,78.70958184,W,OMR,Interior
San Joaquin River @ Mossdale Bridge - C7A,6/22/1995,240,0.08,57.6171137,W,SJRcorridor,Interior
Middle River @ Union Point - P10A,9/6/2006,240,0.08,78.70958184,W,SouthDelta,Interior
Middle River @ Union Point - P10A,7/6/2010,241,0.07,80.72423904,BN,OMR,Interior
Middle River @ Union Point - P10A,7/6/2010,241,0.07,80.72423904,BN,SouthDelta,Interior
Contra Costa PP Number 01,8/2/2000,244,0.07,77.4197889,AN,OMR,Interior
Grant Ln Can @ Tracy Rd Bdg,10/20/1993,244,0.08,84.89979461,C,SouthDelta,Interior
Clifton Court Intake,9/21/1993,245,0.08,80.87356521,AN,OMR,Interior
Little Connection Sl. @ Empire Tr.,8/21/1991,245,0.09,88.57096592,C,SJRcorridor,Interior
San Joaquin River @ Mossdale Bridge - C7A,10/20/1993,245,0.07,84.89979461,C,SJRcorridor,Interior
Middle River @ Union Point - P10A,7/9/2018,246,0.08,82.60710477,BN,OMR,Interior
Middle River @ Union Point - P10A,12/4/2017,246,0.08,83.87250454,W,OMR,Interior
Middle River @ Union Point - P10A,12/4/2017,246,0.08,83.87250454,W,SouthDelta,Interior
Middle River @ Union Point - P10A,7/9/2018,246,0.08,82.60710477,BN,SouthDelta,Interior
Middle River @ Union Point - P10A,4/4/2011,247,0.06,0,W,OMR,Interior
Little Connection Sl. @ Empire Tr.,1/23/1992,247,0.04,92.69366513,C,SJRcorridor,Interior
Little Connection Sl. @ Empire Tr.,1/13/1993,247,0.05,64.09402935,AN,SJRcorridor,Interior
Middle River @ Union Point - P10A,4/4/2011,247,0.06,0,W,SouthDelta,Interior
San Joaquin River at Prisoner's Point,7/30/2009,247.3,0.12,85.45859171,D,SJRcorridor,Interior
Little Connection Sl. @ Empire Tr.,7/20/1994,248,0.1,90.6143213,C,SJRcorridor,Interior
Contra Costa PP Number 01,7/1/1997,249,0.07,78.99333076,W,OMR,Interior
Old River nr Tracy,10/20/1993,249,0.08,84.89979461,C,SouthDelta,Interior
Contra Costa PP Number 01,6/8/1993,250,0.06,57.7015985,AN,OMR,Interior
Little Connection Sl. @ Empire Tr.,4/23/1991,251,0.08,85.01362795,C,SJRcorridor,Interior
Middle River @ Union Point - P10A,10/3/2006,253,0.08,79.15994988,AN,OMR,Interior
San Joaquin River @ Mossdale Bridge - C7A,3/14/1996,253,0.06,48.94207006,W,SJRcorridor,Interior
Middle River @ Union Point - P10A,10/3/2006,253,0.08,79.15994988,AN,SouthDelta,Interior
Contra Costa PP Number 01,6/6/2000,254,0.06,72.94579268,AN,OMR,Interior
Contra Costa PP Number 01,4/2/2007,255,0.04,72.02877378,D,OMR,Interior
Contra Costa PP Number 01,6/7/2005,256,0.07,54.24209382,AN,OMR,Interior
Middle River @ Union Point - P10A,6/6/2011,257,0.08,57.57300551,W,OMR,Interior
Middle River @ Union Point - P10A,6/6/2011,257,0.08,57.57300551,W,SouthDelta,Interior
Middle River @ Union Point - P10A,2/6/2017,258,0.07,50.46962633,W,OMR,Interior
Middle River @ Union Point - P10A,2/6/2017,258,0.07,50.46962633,W,SouthDelta,Interior
San Joaquin River at Prisoner's Point,11/18/2009,258.8,0.1,88.28529367,C,SJRcorridor,Interior
Rock Slough at Delta Road Bridge,6/6/2011,259,0.06,57.57300551,W,OMR,Interior
Middle River @ Union Point - P10A,8/2/2006,261,0.08,78.28975195,W,OMR,Interior
Middle River @ Union Point - P10A,8/2/2006,261,0.08,78.28975195,W,SouthDelta,Interior
San Joaquin River at Prisoner's Point,2/16/2010,261.4,0.08,56.73294725,BN,SJRcorridor,Interior
Contra Costa PP Number 01,7/2/2002,262,0.08,80.39099747,D,OMR,Interior
San Joaquin River at Prisoner's Point,10/30/2009,262.1,0.1,84.65210123,C,SJRcorridor,Interior
Contra Costa PP Number 01,7/2/2007,264,0.06,80.94470218,D,OMR,Interior
Middle River @ Union Point - P10A,8/4/2009,265,0.13,84.14076361,D,OMR,Interior
Contra Costa PP Number 01,4/21/1993,265,0.06,62.38347365,AN,OMR,Interior
Middle River @ Union Point - P10A,8/4/2009,265,0.13,84.14076361,D,SouthDelta,Interior
Middle River at Bacon Island Bridge,8/27/1990,267,0.15,83.52017111,C,OMR,Interior
Contra Costa PP Number 01,8/6/1997,267,0.12,77.35304839,W,OMR,Interior
Contra Costa PP Number 01,5/2/2007,268,0.06,74.44600721,D,OMR,Interior
Middle River at Bacon Island Bridge,8/22/1990,269,0.16,83.47764088,C,OMR,Interior
Contra Costa PP Number 01,9/2/1997,269,0.08,77.2650624,W,OMR,Interior
Contra Costa PP Number 01,10/3/2006,272,0.11,79.15994988,AN,OMR,Interior
Contra Costa PP Number 01,4/10/1997,272,0.07,73.77999403,W,OMR,Interior
San Joaquin River at Prisoner's Point,6/12/2008,272,0.07,81.05885354,C,SJRcorridor,Interior
Middle River @ Union Point - P10A,11/7/2006,274,0.1,88.98570418,AN,OMR,Interior
Middle River @ Union Point - P10A,1/3/2011,274,0.08,53.33698971,W,OMR,Interior
Middle River @ Union Point - P10A,11/7/2006,274,0.1,88.98570418,AN,SouthDelta,Interior
Middle River @ Union Point - P10A,1/3/2011,274,0.08,53.33698971,W,SouthDelta,Interior
Middle River at Bacon Island Bridge,9/21/1993,275,0.08,80.87356521,AN,OMR,Interior
Little Connection Sl. @ Empire Tr.,7/24/1991,275,0.13,92.78926842,C,SJRcorridor,Interior
Middle River @ Union Point - P10A,8/6/2007,277,0.11,84.7182393,D,OMR,Interior
Contra Costa PP Number 01,6/6/1996,277,0.08,61.33562885,W,OMR,Interior
Middle River @ Union Point - P10A,8/6/2007,277,0.11,84.7182393,D,SouthDelta,Interior
Middle River @ Union Point - P10A,3/13/2019,278,0.07,#N/A,W,OMR,Interior
Middle River @ Union Point - P10A,3/13/2019,278,0.07,#N/A,W,SouthDelta,Interior
San Joaquin River at Prisoner's Point,8/5/2008,280.8,0.12,88.35573476,C,SJRcorridor,Interior
Middle River at Bacon Island Bridge,7/30/1990,281,0.15,85.42890232,C,OMR,Interior
Contra Costa PP Number 01,9/5/1996,283,0.11,73.8076039,W,OMR,Interior
Middle River @ Union Point - P10A,6/5/2018,284,0.11,74.73149108,BN,OMR,Interior
Middle River @ Union Point - P10A,6/5/2018,284,0.11,74.73149108,BN,SouthDelta,Interior
Contra Costa PP Number 01,9/23/1993,285,0.11,83.44869348,AN,OMR,Interior
Middle River at Bacon Island Bridge,7/26/1990,286,0.14,86.56430395,C,OMR,Interior
Middle River at Bacon Island Bridge,10/20/1993,287,0.1,84.89979461,C,OMR,Interior
Clifton Court Intake,10/14/1993,287,0.1,84.61138109,C,OMR,Interior
Contra Costa PP Number 01,7/1/2008,287,0.09,84.87243383,C,OMR,Interior
Middle River @ Union Point - P10A,9/7/2016,288,0.14,84.03725468,BN,OMR,Interior
Middle River @ Union Point - P10A,6/8/2010,288,0.09,67.97063022,BN,OMR,Interior
Contra Costa PP Number 01,6/2/1999,288,0.08,67.44761682,W,OMR,Interior
Old River North of Rock Slough (St 4b),3/23/1993,288,0.07,56.65439542,AN,OMR,Interior
Middle River @ Union Point - P10A,9/7/2016,288,0.14,84.03725468,BN,SouthDelta,Interior
Middle River @ Union Point - P10A,6/8/2010,288,0.09,67.97063022,BN,SouthDelta,Interior
San Joaquin River at Prisoner's Point,10/15/2008,288.7,0.12,90.3992398,D,SJRcorridor,Interior
Contra Costa PP Number 01,12/2/1998,289,0.09,64.89739823,W,OMR,Interior
Middle River at Bacon Island Bridge,3/26/1992,290,0.06,68.43776556,C,OMR,Interior
Rock Slough @ Old River,2/18/1993,290,0.06,59.5796831,AN,OMR,Interior
San Joaquin River @ Mossdale Bridge - C7A,2/15/1996,290,0.08,53.64428507,W,SJRcorridor,Interior
San Joaquin River at Prisoner's Point,1/25/2010,290.7,0.11,63.07199036,BN,SJRcorridor,Interior
Contra Costa PP Number 01,10/3/1996,292,0.12,81.93439648,W,OMR,Interior
Middle River at Bacon Island Bridge,9/4/1990,293,0.16,85.84737194,C,OMR,Interior
Middle River at Bacon Island Bridge,11/10/1993,293,0.14,87.72748074,C,OMR,Interior
Contra Costa PP Number 01,6/4/2003,293,0.08,66.71648137,AN,OMR,Interior
Middle River @ Union Point - P10A,9/7/2010,294,0.13,86.84207092,BN,OMR,Interior
Middle River at Bacon Island Bridge,4/23/1991,294,0.11,85.01362795,C,OMR,Interior
Contra Costa PP Number 01,6/4/1997,294,0.09,78.50514499,W,OMR,Interior
Rock Slough @ Old River,1/27/1993,294,0.07,54.16889291,AN,OMR,Interior
Middle River @ Union Point - P10A,9/7/2010,294,0.13,86.84207092,BN,SouthDelta,Interior
Middle River at Bacon Island Bridge,10/14/1993,295,0.11,84.61138109,C,OMR,Interior
Contra Costa PP Number 01,4/2/2002,295,0.08,71.94484474,D,OMR,Interior
Middle River at Bacon Island Bridge,8/13/1990,296,0.18,82.37363354,C,OMR,Interior
Middle River at Bacon Island Bridge,4/7/1992,297,0.06,81.84286737,C,OMR,Interior
Clifton Court Intake,6/10/1993,301,0.08,57.844797,AN,OMR,Interior
Rock Slough @ Old River,3/23/1993,301,0.07,56.65439542,AN,OMR,Interior
San Joaquin River @ Mossdale Bridge - C7A,3/20/1995,301,0.05,35.26878783,W,SJRcorridor,Interior
Middle River at Bacon Island Bridge,9/10/1990,302,0.18,83.68375569,C,OMR,Interior
Contra Costa PP Number 01,11/7/2006,302,0.14,88.98570418,AN,OMR,Interior
Old River North of Rock Slough (St 4b),1/27/1993,302,0.07,54.16889291,AN,OMR,Interior
Old River North of Rock Slough (St 4b),3/11/1992,302,0.07,67.72093556,C,OMR,Interior
Middle River at Bacon Island Bridge,7/16/1990,303,0.16,85.00509504,C,OMR,Interior
Contra Costa PP Number 01,1/10/1996,303,0.08,68.97868863,W,OMR,Interior
Middle River @ Union Point - P10A,7/2/2007,303,0.08,80.94470218,D,OMR,Interior
Middle River @ Union Point - P10A,7/2/2007,303,0.08,80.94470218,D,SouthDelta,Interior
Middle River @ Union Point - P10A,8/5/2008,304,0.12,88.35573476,C,OMR,Interior
Middle River @ Union Point - P10A,8/5/2008,304,0.12,88.35573476,C,SouthDelta,Interior
Middle River at Bacon Island Bridge,12/15/1993,305,0.13,84.34978841,AN,OMR,Interior
San Joaquin River at Prisoner's Point,5/20/2008,305.7,0.09,83.51606562,C,SJRcorridor,Interior
Middle River at Bacon Island Bridge,4/9/1991,306,0.13,70.47185036,C,OMR,Interior
Contra Costa PP Number 01,5/10/1995,307,0.09,49.34111805,W,OMR,Interior
Contra Costa PP Number 01,6/8/2004,308,0.09,86.24729429,BN,OMR,Interior
Middle River at Bacon Island Bridge,1/12/1994,311,0.11,82.38546939,C,OMR,Interior
San Joaquin River at Prisoner's Point,10/8/2009,311.4,0.13,90.73343555,C,SJRcorridor,Interior
San Joaquin River at Prisoner's Point,4/10/2008,313.3,0.08,78.60601526,C,SJRcorridor,Interior
Middle River @ Union Point - P10A,4/7/2009,314,0.1,75.36176628,D,OMR,Interior
Contra Costa PP Number 01,3/12/1997,314,0.08,55.67296976,W,OMR,Interior
Middle River @ Union Point - P10A,4/7/2009,314,0.1,75.36176628,D,SouthDelta,Interior
Contra Costa PP Number 01,3/5/2007,315,0.11,58.91442023,D,OMR,Interior
San Joaquin River at Prisoner's Point,8/17/2009,315,0.18,86.7435617,D,SJRcorridor,Interior
Middle River @ Union Point - P10A,7/1/2008,318,0.1,84.87243383,C,OMR,Interior
Middle River @ Union Point - P10A,4/2/2007,318,0.08,72.02877378,D,OMR,Interior
Rock Slough @ Old River,3/11/1992,318,0.08,67.72093556,C,OMR,Interior
Grant Line/Fabian/Bell Canals nr Old R.,10/20/1993,318,0.14,84.89979461,C,SouthDelta,Interior
Middle River @ Union Point - P10A,7/1/2008,318,0.1,84.87243383,C,SouthDelta,Interior
Middle River @ Union Point - P10A,4/2/2007,318,0.08,72.02877378,D,SouthDelta,Interior
Middle River @ Union Point - P10A,6/7/2016,319,0.12,82.94141541,BN,OMR,Interior
Middle River @ Union Point - P10A,6/7/2016,319,0.12,82.94141541,BN,SouthDelta,Interior
Old River North of Rock Slough (St 4b),4/9/1991,320,0.14,70.47185036,C,OMR,Interior
Middle River @ Union Point - P10A,12/1/2009,320,0.13,92.29828513,D,OMR,Interior
Middle River at Bacon Island Bridge,2/9/1993,320,0.1,67.78217395,AN,OMR,Interior
Middle River @ Union Point - P10A,12/1/2009,320,0.13,92.29828513,D,SouthDelta,Interior
Middle River @ Union Point - P10A,12/6/2010,321,0.15,84.27592276,BN,OMR,Interior
Middle River @ Union Point - P10A,3/10/2016,321,0.1,62.66343249,BN,OMR,Interior
Clifton Court Intake,3/26/1992,321,0.07,68.43776556,C,OMR,Interior
Middle River @ Union Point - P10A,12/6/2010,321,0.15,84.27592276,BN,SouthDelta,Interior
Middle River @ Union Point - P10A,3/10/2016,321,0.1,62.66343249,BN,SouthDelta,Interior
Contra Costa PP Number 01,2/3/2004,322,0.08,71.8099759,BN,OMR,Interior
Contra Costa PP Number 01,3/13/1995,322,0.08,37.53111646,W,OMR,Interior
Middle River at Bacon Island Bridge,9/10/1991,323,0.2,92.73110822,C,OMR,Interior
Rock Slough @ Old River,4/9/1991,323,0.16,70.47185036,C,OMR,Interior
Contra Costa PP Number 01,4/8/1999,324,0.1,57.34361395,W,OMR,Interior
Contra Costa PP Number 01,6/4/2007,324,0.1,80.25338455,D,OMR,Interior
Old River North of Rock Slough (St 4b),4/22/1992,325,0.08,77.19407905,C,OMR,Interior
Middle River at Bacon Island Bridge,9/18/1990,327,0.2,87.49634818,C,OMR,Interior
Old River North of Rock Slough (St 4b),4/8/1992,327,0.08,79.86326901,C,OMR,Interior
Middle River @ Union Point - P10A,4/7/2016,328,0.1,66.37589317,BN,OMR,Interior
Rock Slough @ Old River,3/24/1994,328,0.09,72.52425966,C,OMR,Interior
Middle River @ Union Point - P10A,4/7/2016,328,0.1,66.37589317,BN,SouthDelta,Interior
Middle River at Bacon Island Bridge,7/9/1990,330,0.16,87.6328401,C,OMR,Interior
Contra Costa PP Number 01,6/4/2002,330,0.11,69.35185908,D,OMR,Interior
Contra Costa PP Number 01,5/6/2003,330,0.08,51.50084909,AN,OMR,Interior
Rock Slough @ Old River,4/22/1992,330,0.08,77.19407905,C,OMR,Interior
Old River North of Rock Slough (St 4b),5/5/1992,331,0.09,86.61933596,C,OMR,Interior
Old River nr Tracy,1/13/1993,332,0.08,64.09402935,AN,SouthDelta,Interior
Middle River @ Union Point - P10A,11/3/2010,334,0.16,84.63274041,D,OMR,Interior
Middle River @ Union Point - P10A,2/7/2011,334,0.11,64.18410148,W,OMR,Interior
Rock Slough @ Old River,4/8/1992,334,0.09,79.86326901,C,OMR,Interior
Middle River @ Union Point - P10A,11/3/2010,334,0.16,84.63274041,D,SouthDelta,Interior
Middle River @ Union Point - P10A,2/7/2011,334,0.11,64.18410148,W,SouthDelta,Interior
Middle River @ Union Point - P10A,10/2/2007,335,0.15,87.02852586,W,OMR,Interior
Contra Costa PP Number 01,6/6/2001,335,0.11,80.28545946,D,OMR,Interior
Middle River at Bacon Island Bridge,4/22/1992,335,0.07,77.19407905,C,OMR,Interior
Middle River @ Union Point - P10A,10/2/2007,335,0.15,87.02852586,W,SouthDelta,Interior
Middle River at Bacon Island Bridge,8/25/1994,336,0.15,90.48799198,C,OMR,Interior
Middle River @ Union Point - P10A,6/2/2009,336,0.1,74.90839371,D,OMR,Interior
San Joaquin River @ Mossdale Bridge - C7A,5/9/1996,336,0.11,62.32099718,W,SJRcorridor,Interior
Middle River @ Union Point - P10A,6/2/2009,336,0.1,74.90839371,D,SouthDelta,Interior
San Joaquin River at Prisoner's Point,9/8/2009,336.2,0.16,83.47406172,D,SJRcorridor,Interior
Old River North of Rock Slough (St 4b),1/12/1994,337,0.16,82.38546939,C,OMR,Interior
Middle River at Bacon Island Bridge,6/10/1993,337,0.1,57.844797,AN,OMR,Interior
Rock Slough @ Old River,5/5/1992,337,0.1,86.61933596,C,OMR,Interior
Middle River @ Union Point - P10A,1/9/2017,338,0.14,56.18463132,W,OMR,Interior
San Joaquin River @ Mossdale Bridge - C7A,3/13/1997,338,0.1,55.45327752,W,SJRcorridor,Interior
Middle River @ Union Point - P10A,1/9/2017,338,0.14,56.18463132,W,SouthDelta,Interior
Middle River @ Union Point - P10A,10/5/2010,340,0.14,83.98583932,D,OMR,Interior
San Joaquin River at Prisoner's Point,12/9/2009,340,0.16,88.75050471,D,SJRcorridor,Interior
Middle River @ Union Point - P10A,10/5/2010,340,0.14,83.98583932,D,SouthDelta,Interior
Grant Line/Fabian/Bell Canals nr Old R.,4/8/1992,340,0.08,79.86326901,C,SouthDelta,Interior
Rock Slough @ Old River,1/12/1994,341,0.16,82.38546939,C,OMR,Interior
Middle River @ Union Point - P10A,12/5/2006,341,0.13,88.65054031,W,OMR,Interior
Contra Costa PP Number 01,4/4/2001,341,0.08,72.87905364,D,OMR,Interior
Middle River @ Union Point - P10A,12/5/2006,341,0.13,88.65054031,W,SouthDelta,Interior
Little Connection Sl. @ Empire Tr.,1/29/1991,344,0.11,94.90599798,C,SJRcorridor,Interior
Middle River @ Union Point - P10A,9/9/2009,345,0.16,84.37552482,D,OMR,Interior
Clifton Court Intake,2/9/1993,345,0.09,67.78217395,AN,OMR,Interior
Middle River @ Union Point - P10A,9/9/2009,345,0.16,84.37552482,D,SouthDelta,Interior
Middle River @ Union Point - P10A,9/10/2018,346,0.16,84.8982076,BN,OMR,Interior
Contra Costa PP Number 01,5/3/2005,346,0.1,60.83995013,AN,OMR,Interior
Middle River @ Union Point - P10A,5/2/2007,346,0.1,74.44600721,D,OMR,Interior
San Joaquin River @ Mossdale Bridge - C7A,5/13/1997,346,0.11,71.63203277,W,SJRcorridor,Interior
Middle River @ Union Point - P10A,9/10/2018,346,0.16,84.8982076,BN,SouthDelta,Interior
Middle River @ Union Point - P10A,5/2/2007,346,0.1,74.44600721,D,SouthDelta,Interior
Middle River at Bacon Island Bridge,8/21/1991,347,0.22,88.57096592,C,OMR,Interior
Contra Costa PP Number 01,8/5/2003,348,0.15,69.2729812,AN,OMR,Interior
Middle River @ Union Point - P10A,12/4/2007,348,0.15,87.28423839,D,OMR,Interior
Clifton Court Intake,8/10/1993,348,0.13,70.9026113,AN,OMR,Interior
Old River North of Rock Slough (St 4b),4/20/1994,348,0.11,78.884997,C,OMR,Interior
Middle River @ Union Point - P10A,12/4/2007,348,0.15,87.28423839,D,SouthDelta,Interior
San Joaquin River at Prisoner's Point,2/23/2009,348.2,0.15,69.09157517,D,SJRcorridor,Interior
San Joaquin River @ Mossdale Bridge - C7A,9/1/1993,349,0.12,78.41118016,AN,SJRcorridor,Interior
Contra Costa PP Number 01,5/6/2002,350,0.1,71.01564345,D,OMR,Interior
Middle River @ Union Point - P10A,11/3/2009,352,0.16,88.3635176,C,OMR,Interior
Contra Costa PP Number 01,2/3/1999,352,0.11,51.6298188,W,OMR,Interior
Middle River @ Union Point - P10A,5/7/2018,352,0.11,64.92049336,BN,OMR,Interior
Middle River @ Union Point - P10A,11/3/2009,352,0.16,88.3635176,C,SouthDelta,Interior
Middle River @ Union Point - P10A,5/7/2018,352,0.11,64.92049336,BN,SouthDelta,Interior
Middle River @ Union Point - P10A,11/7/2016,353,0.19,87.41045331,C,OMR,Interior
Middle River @ Union Point - P10A,11/7/2016,353,0.19,87.41045331,C,SouthDelta,Interior
Grant Line Canal @ Tracy Blvd,5/21/2009,353,0.14,75.54540529,D,SouthDelta,Interior
Middle River at Bacon Island Bridge,1/19/1994,356,0.14,80.49647088,C,OMR,Interior
Rock Slough @ Old River,4/20/1994,357,0.11,78.884997,C,OMR,Interior
San Joaquin River @ Mossdale Bridge - C7A,1/13/1993,357,0.09,64.09402935,AN,SJRcorridor,Interior
Middle River @ Union Point - P10A,4/9/2018,358,0.13,54.04390508,BN,OMR,Interior
Middle River @ Union Point - P10A,5/5/2009,358,0.12,73.26168644,D,OMR,Interior
Middle River @ Union Point - P10A,4/9/2018,358,0.13,54.04390508,BN,SouthDelta,Interior
Middle River @ Union Point - P10A,5/5/2009,358,0.12,73.26168644,D,SouthDelta,Interior
Middle River at Bacon Island Bridge,5/21/1991,359,0.14,91.14886705,C,OMR,Interior
Grant Line/Fabian/Bell Canals nr Old R.,3/11/1992,360,0.09,67.72093556,C,SouthDelta,Interior
Contra Costa PP Number 01,3/4/2008,361,0.1,66.16351777,C,OMR,Interior
Contra Costa PP Number 01,2/10/1993,361,0.08,66.22571537,AN,OMR,Interior
Middle River @ Union Point - P10A,11/5/2018,362,0.15,#N/A,W,OMR,Interior
Contra Costa PP Number 01,4/22/1992,362,0.08,77.19407905,C,OMR,Interior
Middle River @ Union Point - P10A,11/5/2018,362,0.15,#N/A,W,SouthDelta,Interior
Contra Costa PP Number 01,5/13/1997,363,0.11,71.63203277,W,OMR,Interior
Middle River @ Union Point - P10A,9/5/2007,364,0.16,85.25541551,D,OMR,Interior
Middle River @ Union Point - P10A,9/5/2007,364,0.16,85.25541551,D,SouthDelta,Interior
Middle River at Bacon Island Bridge,9/24/1991,365,0.23,90.17385402,C,OMR,Interior
Middle River at Bacon Island Bridge,7/20/1994,365,0.18,90.6143213,C,OMR,Interior
Middle River at Bacon Island Bridge,10/23/1991,365,0.14,94.27657666,C,OMR,Interior
Contra Costa PP Number 01,6/2/2008,366,0.11,81.73068377,C,OMR,Interior
Clifton Court Intake,1/19/1994,367,0.15,80.49647088,C,OMR,Interior
Grant Line/Fabian/Bell Canals nr Old R.,7/10/1990,367,0.19,87.75334412,C,SouthDelta,Interior
Middle River at Bacon Island Bridge,9/24/1990,368,0.21,90.82305445,C,OMR,Interior
Contra Costa PP Number 01,10/5/1993,368,0.16,83.89162437,C,OMR,Interior
Rock Slough @ Old River,2/17/1994,370,0.15,75.37363149,C,OMR,Interior
Middle River @ Union Point - P10A,3/7/2011,372,0.13,56.35666923,W,OMR,Interior
Middle River @ Union Point - P10A,3/7/2011,372,0.13,56.35666923,W,SouthDelta,Interior
Middle River at Bacon Island Bridge,1/26/1993,373,0.1,53.01541285,AN,OMR,Interior
Middle River @ Union Point - P10A,3/4/2008,374,0.11,66.16351777,C,OMR,Interior
Middle River @ Union Point - P10A,3/4/2008,374,0.11,66.16351777,C,SouthDelta,Interior
Contra Costa PP Number 01,4/20/1994,375,0.12,78.884997,C,OMR,Interior
Grant Ln Can @ Tracy Rd Bdg,1/13/1993,376,0.11,64.09402935,AN,SouthDelta,Interior
Rock Slough @ Old River,6/26/1990,377,0.2,87.03302324,C,OMR,Interior
Contra Costa PP Number 01,2/7/2005,379,0.11,66.68285541,AN,OMR,Interior
Contra Costa PP Number 01,5/2/2000,381,0.1,63.70366373,AN,OMR,Interior
San Joaquin River @ Mossdale Bridge - C7A,1/26/1995,383,0.08,53.05662006,W,SJRcorridor,Interior
Contra Costa PP Number 01,2/8/2000,385,0.12,57.61717763,AN,OMR,Interior
Contra Costa PP Number 01,2/5/2002,385,0.09,70.70857903,D,OMR,Interior
Grant Ln Can @ Tracy Rd Bdg,9/1/1993,386,0.13,78.41118016,AN,SouthDelta,Interior
Middle River @ Union Point - P10A,10/4/2016,387,0.21,86.5637221,C,OMR,Interior
Middle River @ Union Point - P10A,9/2/2008,387,0.19,88.7732302,C,OMR,Interior
San Joaquin River @ Mossdale Bridge - C7A,9/14/1995,387,0.13,67.19233682,W,SJRcorridor,Interior
Middle River @ Union Point - P10A,10/4/2016,387,0.21,86.5637221,C,SouthDelta,Interior
Middle River @ Union Point - P10A,9/2/2008,387,0.19,88.7732302,C,SouthDelta,Interior
Contra Costa PP Number 01,9/10/2003,388,0.22,81.97587927,AN,OMR,Interior
Contra Costa PP Number 01,2/9/1994,388,0.16,80.94524586,C,OMR,Interior
Middle River at Bacon Island Bridge,6/22/1994,389,0.18,89.49535368,C,OMR,Interior
Contra Costa PP Number 01,4/4/2000,391,0.09,70.46558651,AN,OMR,Interior
Rock Slough @ Old River,5/19/1994,395,0.15,76.51544974,C,OMR,Interior
Grant Line/Fabian/Bell Canals nr Old R.,7/26/1990,396,0.3,86.56430395,C,SouthDelta,Interior
Clifton Court Intake,8/21/1990,397,0.28,82.94560259,C,OMR,Interior
Contra Costa PP Number 01,2/8/1996,397,0.12,47.52751567,W,OMR,Interior
Grant Line/Fabian/Bell Canals nr Old R.,9/11/1990,397,0.26,86.1336185,C,SouthDelta,Interior
Grant Line/Fabian/Bell Canals nr Old R.,5/5/1992,397,0.1,86.61933596,C,SouthDelta,Interior
Middle River at Bacon Island Bridge,10/8/1991,398,0.21,88.19157893,C,OMR,Interior
Middle River @ Union Point - P10A,12/7/2016,398,0.21,83.68530205,BN,OMR,Interior
Middle River @ Union Point - P10A,12/7/2016,398,0.21,83.68530205,BN,SouthDelta,Interior
Middle River @ Union Point - P10A,6/4/2007,399,0.13,80.25338455,D,OMR,Interior
Middle River @ Union Point - P10A,6/4/2007,399,0.13,80.25338455,D,SouthDelta,Interior
Middle River @ Union Point - P10A,5/4/2010,400,0.13,57.05251942,BN,OMR,Interior
Clifton Court Intake,4/8/1993,400,0.12,54.30864006,AN,OMR,Interior
Middle River @ Union Point - P10A,5/4/2010,400,0.13,57.05251942,BN,SouthDelta,Interior
Middle River @ Union Point - P10A,2/5/2018,402,0.16,74.06112596,BN,OMR,Interior
Middle River @ Union Point - P10A,2/5/2018,402,0.16,74.06112596,BN,SouthDelta,Interior
Contra Costa PP Number 01,1/5/1994,403,0.21,81.23635172,C,OMR,Interior
Middle River at Bacon Island Bridge,7/24/1991,404,0.22,92.78926842,C,OMR,Interior
Clifton Court Intake,3/20/1990,404,0.22,85.09103604,C,OMR,Interior
Middle River @ Union Point - P10A,3/2/2015,406,0.16,78.10690622,C,OMR,Interior
Middle River @ Union Point - P10A,3/2/2015,406,0.16,78.10690622,C,SouthDelta,Interior
Middle River @ Union Point - P10A,10/11/2018,407,0.2,#N/A,W,OMR,Interior
Contra Costa PP Number 01,6/16/1994,407,0.19,86.55672415,C,OMR,Interior
Middle River at Bacon Island Bridge,9/22/1994,407,0.18,90.04354307,C,OMR,Interior
Middle River @ Union Point - P10A,10/11/2018,407,0.2,#N/A,W,SouthDelta,Interior
Old River North of Rock Slough (St 4b),7/10/1990,408,0.25,87.75334412,C,OMR,Interior
Middle River @ Union Point - P10A,12/3/2018,408,0.23,#N/A,BN,OMR,Interior
Middle River @ Union Point - P10A,12/3/2018,408,0.23,#N/A,BN,SouthDelta,Interior
Grant Line/Fabian/Bell Canals nr Old R.,4/22/1992,409,0.11,77.19407905,C,SouthDelta,Interior
Contra Costa PP Number 01,5/12/1993,410,0.12,63.16142825,AN,OMR,Interior
Middle River @ Union Point - P10A,10/6/2009,411,0.21,87.99178837,C,OMR,Interior
Middle River @ Union Point - P10A,2/4/2019,411,0.18,#N/A,W,OMR,Interior
Middle River at Bacon Island Bridge,5/13/1993,411,0.13,61.911538,AN,OMR,Interior
Middle River @ Union Point - P10A,10/6/2009,411,0.21,87.99178837,C,SouthDelta,Interior
Middle River @ Union Point - P10A,2/4/2019,411,0.18,#N/A,W,SouthDelta,Interior
San Joaquin River @ Mossdale Bridge - C7A,4/11/1996,413,0.13,53.46132043,W,SJRcorridor,Interior
Middle River at Bacon Island Bridge,7/8/1991,414,0.21,90.66370954,C,OMR,Interior
Middle River at Bacon Island Bridge,8/5/1991,415,0.23,91.32485805,C,OMR,Interior
Clifton Court Intake,2/17/1994,415,0.17,75.37363149,C,OMR,Interior
Middle River @ Union Point - P10A,2/3/2015,415,0.16,87.92593622,C,OMR,Interior
Contra Costa PP Number 01,5/6/2008,415,0.13,81.24308533,C,OMR,Interior
Middle River @ Union Point - P10A,2/3/2015,415,0.16,87.92593622,C,SouthDelta,Interior
Middle River at Bacon Island Bridge,3/25/1993,416,0.12,54.90975845,AN,OMR,Interior
Contra Costa PP Number 01,9/6/2005,418,0.27,83.07162013,AN,OMR,Interior
Clifton Court Intake,11/10/1993,418,0.26,87.72748074,C,OMR,Interior
Middle River @ Union Point - P10A,4/6/2015,419,0.16,88.0123047,C,OMR,Interior
Middle River @ Union Point - P10A,4/6/2015,419,0.16,88.0123047,C,SouthDelta,Interior
Contra Costa PP Number 01,3/24/1992,421,0.1,67.98576989,C,OMR,Interior
Grant Line/Fabian/Bell Canals nr Old R.,9/17/1990,422,0.28,85.19881494,C,SouthDelta,Interior
Middle River at Bacon Island Bridge,1/13/1993,423,0.2,64.09402935,AN,OMR,Interior
Grant Line/Fabian/Bell Canals nr Old R.,9/12/1991,423,0.29,88.08357466,C,SouthDelta,Interior
Rock Slough @ Old River,10/20/1993,425,0.26,84.89979461,C,OMR,Interior
Grant Line Canal @ Tracy Blvd,5/7/2009,425,0.15,68.40551796,D,SouthDelta,Interior
Middle River @ Union Point - P10A,11/6/2007,427,0.16,89.58054651,W,OMR,Interior
Contra Costa PP Number 01,1/9/1997,427,0.15,31.8495819,W,OMR,Interior
Contra Costa PP Number 01,5/26/1994,427,0.15,79.98947042,C,OMR,Interior
Middle River @ Union Point - P10A,11/6/2007,427,0.16,89.58054651,W,SouthDelta,Interior
Contra Costa PP Number 01,4/3/2006,428,0.1,47.97842568,W,OMR,Interior
Middle River @ Union Point - P10A,10/7/2013,430,0.22,87.90258861,BN,OMR,Interior
Contra Costa PP Number 01,7/7/2004,430,0.16,83.05294294,BN,OMR,Interior
Grant Line/Fabian/Bell Canals nr Old R.,10/10/1991,430,0.22,88.47167384,C,SouthDelta,Interior
Middle River @ Union Point - P10A,10/7/2013,430,0.22,87.90258861,BN,SouthDelta,Interior
Middle River @ Union Point - P10A,6/2/2008,435,0.15,81.73068377,C,OMR,Interior
Middle River @ Union Point - P10A,6/2/2008,435,0.15,81.73068377,C,SouthDelta,Interior
Old River North of Rock Slough (St 4b),10/20/1993,436,0.27,84.89979461,C,OMR,Interior
Middle River @ Union Point - P10A,6/2/2014,436,0.18,93.56618111,C,OMR,Interior
Middle River @ Union Point - P10A,6/2/2014,436,0.18,93.56618111,C,SouthDelta,Interior
Middle River at Bacon Island Bridge,10/2/1990,437,0.25,92.40360011,D,OMR,Interior
Clifton Court Intake,3/24/1994,437,0.14,72.52425966,C,OMR,Interior
San Joaquin River at Prisoner's Point,9/16/2008,439,0.23,88.07483179,C,SJRcorridor,Interior
Middle River at Bacon Island Bridge,4/21/1993,440,0.14,62.38347365,AN,OMR,Interior
Rock Slough @ Old River,7/16/1990,441,0.32,85.00509504,C,OMR,Interior
Middle River at Bacon Island Bridge,4/20/1994,441,0.17,78.884997,C,OMR,Interior
Middle River @ Union Point - P10A,4/6/2010,441,0.14,68.63765096,BN,OMR,Interior
Middle River @ Union Point - P10A,4/6/2010,441,0.14,68.63765096,BN,SouthDelta,Interior
Middle River @ Union Point - P10A,11/3/2008,443,0.22,93.02142734,D,OMR,Interior
Middle River @ Union Point - P10A,11/3/2008,443,0.22,93.02142734,D,SouthDelta,Interior
Grant Line/Fabian/Bell Canals nr Old R.,9/25/1990,447,0.33,91.8739207,C,SouthDelta,Interior
Rock Slough @ Old River,7/10/1990,449,0.28,87.75334412,C,OMR,Interior
Old River North of Rock Slough (St 4b),7/16/1990,450,0.34,85.00509504,C,OMR,Interior
Rock Slough @ Old River,6/22/1994,450,0.21,89.49535368,C,OMR,Interior
Clifton Court Intake,6/22/1994,450,0.2,89.49535368,C,OMR,Interior
Middle River at Bacon Island Bridge,6/28/1991,451,0.23,91.92518677,C,OMR,Interior
Clifton Court Intake,10/20/1994,451,0.19,92.73586707,AN,OMR,Interior
Contra Costa PP Number 01,5/19/1992,451,0.17,92.35936602,C,OMR,Interior
Contra Costa PP Number 01,5/5/1999,451,0.15,57.23000982,W,OMR,Interior
Middle River @ Union Point - P10A,9/2/2014,452,0.27,90.3346038,C,OMR,Interior
Middle River @ Union Point - P10A,9/2/2014,452,0.27,90.3346038,C,SouthDelta,Interior
Middle R @ Tracy Rd Bdg,7/24/1991,454,0.27,92.78926842,C,SouthDelta,Interior
Middle River at Bacon Island Bridge,1/23/1992,455,0.2,92.69366513,C,OMR,Interior
Middle River @ Union Point - P10A,1/8/2018,456,0.25,84.74492337,BN,OMR,Interior
Contra Costa PP Number 01,2/6/2007,456,0.21,79.89948567,D,OMR,Interior
Middle River @ Union Point - P10A,2/5/2008,456,0.17,54.87619201,C,OMR,Interior
Clifton Court Intake,5/13/1993,456,0.16,61.911538,AN,OMR,Interior
Middle River at Bacon Island Bridge,5/7/1992,456,0.13,90.34949329,C,OMR,Interior
Middle River @ Union Point - P10A,1/8/2018,456,0.25,84.74492337,BN,SouthDelta,Interior
Middle River @ Union Point - P10A,2/5/2008,456,0.17,54.87619201,C,SouthDelta,Interior
Clifton Court Intake,7/25/1990,457,0.31,87.85147172,C,OMR,Interior
Grant Line/Fabian/Bell Canals nr Old R.,9/26/1991,457,0.26,89.13268814,C,SouthDelta,Interior
Middle River at Bacon Island Bridge,8/6/1990,458,0.3,86.53798294,C,OMR,Interior
Contra Costa PP Number 01,10/20/1993,458,0.25,84.89979461,C,OMR,Interior
Middle River at Bacon Island Bridge,9/24/1992,458,0.24,92.85385013,C,OMR,Interior
Middle River at Bacon Island Bridge,5/21/1992,458,0.16,91.77345049,C,OMR,Interior
Middle River @ Union Point - P10A,4/7/2014,459,0.2,75.44547873,C,OMR,Interior
Contra Costa PP Number 01,1/6/1999,459,0.15,64.63920091,W,OMR,Interior
Middle River @ Union Point - P10A,4/7/2014,459,0.2,75.44547873,C,SouthDelta,Interior
Middle River @ Union Point - P10A,2/6/2007,460,0.19,79.89948567,D,OMR,Interior
Middle River @ Union Point - P10A,2/6/2007,460,0.19,79.89948567,D,SouthDelta,Interior
Rock Slough @ Old River,8/28/1990,461,0.39,84.07314596,C,OMR,Interior
Contra Costa PP Number 01,12/5/2006,461,0.25,88.65054031,W,OMR,Interior
Middle River @ Union Point - P10A,10/1/2008,461,0.24,88.30977329,D,OMR,Interior
Middle River @ Union Point - P10A,5/3/2016,461,0.17,75.47029728,BN,OMR,Interior
Middle River @ Union Point - P10A,10/1/2008,461,0.24,88.30977329,D,SouthDelta,Interior
Middle River @ Union Point - P10A,5/3/2016,461,0.17,75.47029728,BN,SouthDelta,Interior
Contra Costa PP Number 01,2/5/2008,462,0.19,54.87619201,C,OMR,Interior
Old River North of Rock Slough (St 4b),8/22/1990,463,0.34,83.47764088,C,OMR,Interior
Middle River @ Union Point - P10A,11/4/2013,463,0.3,90.34617646,BN,OMR,Interior
Clifton Court Intake,5/21/1992,463,0.16,91.77345049,C,OMR,Interior
Middle River @ Union Point - P10A,11/4/2013,463,0.3,90.34617646,BN,SouthDelta,Interior
Grant Line/Fabian/Bell Canals nr Old R.,10/23/1991,463,0.24,94.27657666,C,SouthDelta,Interior
Grant Line Canal @ Tracy Blvd,4/23/2009,463,0.2,79.53429049,D,SouthDelta,Interior
Old River North of Rock Slough (St 4b),8/28/1990,464,0.36,84.07314596,C,OMR,Interior
Middle River at Bacon Island Bridge,10/20/1994,464,0.2,92.73586707,AN,OMR,Interior
Middle River at Bacon Island Bridge,9/1/1992,465,0.29,91.88565434,C,OMR,Interior
Middle River at Bacon Island Bridge,4/8/1993,465,0.15,54.30864006,AN,OMR,Interior
Contra Costa PP Number 01,4/8/2008,465,0.14,78.37516679,C,OMR,Interior
Middle River @ Union Point - P10A,1/5/2010,466,0.26,86.26711441,BN,OMR,Interior
Middle River @ Union Point - P10A,1/5/2010,466,0.26,86.26711441,BN,SouthDelta,Interior
Contra Costa PP Number 01,11/7/2005,468,0.27,89.68142253,BN,OMR,Interior
Middle River at Bacon Island Bridge,6/11/1991,468,0.26,92.37007644,C,OMR,Interior
Clifton Court Intake,9/10/1991,469,0.36,92.73110822,C,OMR,Interior
Middle River at Bacon Island Bridge,3/25/1991,469,0.26,72.32639176,C,OMR,Interior
Contra Costa PP Number 01,8/3/2004,470,0.29,81.28623188,BN,OMR,Interior
Middle River @ Union Point - P10A,1/5/2015,470,0.22,71.50190239,C,OMR,Interior
Middle River @ Union Point - P10A,1/5/2015,470,0.22,71.50190239,C,SouthDelta,Interior
Middle River at Bacon Island Bridge,3/9/1993,471,0.14,59.04059358,AN,OMR,Interior
Clifton Court Intake,2/21/1990,472,0.26,80.12996718,C,OMR,Interior
Old River North of Rock Slough (St 4b),9/5/1990,474,0.36,86.59648732,C,OMR,Interior
Rock Slough @ Old River,8/22/1990,477,0.36,83.47764088,C,OMR,Interior
Grant Line/Fabian/Bell Canals nr Old R.,5/22/1991,479,0.2,90.63835999,C,SouthDelta,Interior
Middle River at Bacon Island Bridge,10/10/1990,481,0.26,93.96433834,D,OMR,Interior
Contra Costa PP Number 01,1/12/1994,482,0.2,82.38546939,C,OMR,Interior
Middle River at Bacon Island Bridge,2/17/1994,482,0.18,75.37363149,C,OMR,Interior
San Joaquin River at Prisoner's Point,12/23/2008,482,0.3,91.80575032,C,SJRcorridor,Interior
Grant Line/Fabian/Bell Canals nr Old R.,8/7/1990,482,0.31,84.4251127,C,SouthDelta,Interior
Rock Slough @ Old River,9/5/1990,483,0.35,86.59648732,C,OMR,Interior
Middle River @ Union Point - P10A,5/5/2014,483,0.21,87.63000727,C,OMR,Interior
Middle River @ Union Point - P10A,3/2/2010,483,0.18,63.81753273,BN,OMR,Interior
Middle River @ Union Point - P10A,5/5/2014,483,0.21,87.63000727,C,SouthDelta,Interior
Middle River @ Union Point - P10A,3/2/2010,483,0.18,63.81753273,BN,SouthDelta,Interior
Middle River at Bacon Island Bridge,8/19/1992,484,0.3,92.0935494,C,OMR,Interior
Middle River @ Union Point - P10A,3/5/2007,485,0.18,58.91442023,D,OMR,Interior
Middle River @ Union Point - P10A,3/5/2007,485,0.18,58.91442023,D,SouthDelta,Interior
San Joaquin River @ Mossdale Bridge - C7A,2/16/1995,487,0.13,49.77058978,W,SJRcorridor,Interior
Middle River @ Union Point - P10A,2/3/2016,488,0.22,59.65346245,BN,OMR,Interior
Middle River @ Union Point - P10A,2/3/2016,488,0.22,59.65346245,BN,SouthDelta,Interior
Old River @ Tracy Road Bridge - P12,5/21/2009,488,0.17,75.54540529,D,SouthDelta,Interior
Clifton Court Intake,12/15/1993,490,0.32,84.34978841,AN,OMR,Interior
Middle River @ Union Point - P10A,8/4/2014,490,0.29,88.73599436,C,OMR,Interior
Middle River @ Union Point - P10A,1/2/2007,490,0.23,80.23657174,D,OMR,Interior
Middle River @ Union Point - P10A,8/4/2014,490,0.29,88.73599436,C,SouthDelta,Interior
Middle River @ Union Point - P10A,1/2/2007,490,0.23,80.23657174,D,SouthDelta,Interior
Contra Costa PP Number 01,2/6/2006,491,0.18,52.81827396,W,OMR,Interior
Contra Costa PP Number 01,8/6/2007,492,0.32,84.7182393,D,OMR,Interior
Contra Costa PP Number 01,8/5/2008,492,0.29,88.35573476,C,OMR,Interior
Middle River @ Union Point - P10A,4/8/2008,492,0.16,78.37516679,C,OMR,Interior
Middle River @ Union Point - P10A,4/8/2008,492,0.16,78.37516679,C,SouthDelta,Interior
Contra Costa PP Number 01,11/7/1996,495,0.3,84.27562766,W,OMR,Interior
Middle River at Bacon Island Bridge,5/19/1994,499,0.2,76.51544974,C,OMR,Interior
Contra Costa PP Number 01,4/4/2005,499,0.15,55.79737907,AN,OMR,Interior
Contra Costa PP Number 01,3/2/2004,500,0.1,49.65011755,BN,OMR,Interior
Middle River at Bacon Island Bridge,1/15/1991,501,0.26,92.72130445,C,OMR,Interior
Middle River @ Union Point - P10A,10/6/2014,503,0.28,94.77701545,D,OMR,Interior
Middle River @ Union Point - P10A,5/6/2008,503,0.17,81.24308533,C,OMR,Interior
San Joaquin River at Prisoner's Point,12/30/2009,503,0.29,92.01120098,D,SJRcorridor,Interior
Middle River @ Union Point - P10A,10/6/2014,503,0.28,94.77701545,D,SouthDelta,Interior
Middle River @ Union Point - P10A,5/6/2008,503,0.17,81.24308533,C,SouthDelta,Interior
Clifton Court Intake,9/24/1990,504,0.41,90.82305445,C,OMR,Interior
Old River North of Rock Slough (St 4b),8/13/1990,504,0.39,82.37363354,C,OMR,Interior
Contra Costa PP Number 01,10/3/2005,504,0.35,81.90521431,BN,OMR,Interior
Middle River @ Union Point - P10A,12/2/2013,507,0.3,93.39492499,D,OMR,Interior
Middle River @ Union Point - P10A,12/2/2013,507,0.3,93.39492499,D,SouthDelta,Interior
Rock Slough @ Old River,8/13/1990,508,0.39,82.37363354,C,OMR,Interior
Rock Slough @ Old River,9/11/1990,510,0.44,86.1336185,C,OMR,Interior
Middle River @ Union Point - P10A,12/2/2008,511,0.36,92.75840841,C,OMR,Interior
Grant Line/Fabian/Bell Canals nr Old R.,7/24/1991,511,0.36,92.78926842,C,SouthDelta,Interior
Middle River @ Union Point - P10A,12/2/2008,511,0.36,92.75840841,C,SouthDelta,Interior
Middle River at Bacon Island Bridge,3/11/1991,514,0.3,78.62871498,C,OMR,Interior
Contra Costa PP Number 01,5/2/1996,516,0.18,66.95278638,W,OMR,Interior
Middle River at Bacon Island Bridge,3/24/1994,516,0.18,72.52425966,C,OMR,Interior
San Joaquin River at Prisoner's Point,1/23/2009,516,0.27,92.25514125,D,SJRcorridor,Interior
Middle River at Bacon Island Bridge,1/7/1992,519,0.25,93.01508883,C,OMR,Interior
Middle River at Bacon Island Bridge,10/7/1992,522,0.31,92.45317986,C,OMR,Interior
Old River North of Rock Slough (St 4b),7/26/1990,524,0.44,86.56430395,C,OMR,Interior
Middle River at Bacon Island Bridge,2/16/1993,524,0.17,58.91466321,AN,OMR,Interior
Old River North of Rock Slough (St 4b),9/11/1990,527,0.47,86.1336185,C,OMR,Interior
Middle River at Bacon Island Bridge,7/22/1992,527,0.36,92.3938467,C,OMR,Interior
Clifton Court Intake,5/21/1991,527,0.24,91.14886705,C,OMR,Interior
Clifton Court Intake,7/23/1991,528,0.3,91.47785985,C,OMR,Interior
Old River nr Tracy,9/1/1993,530,0.21,78.41118016,AN,SouthDelta,Interior
Middle River at Bacon Island Bridge,1/29/1991,532,0.29,94.90599798,C,OMR,Interior
Old River North of Rock Slough (St 4b),7/31/1990,533,0.4,85.26138636,C,OMR,Interior
Contra Costa PP Number 01,2/6/1995,533,0.14,48.45038827,W,OMR,Interior
Middle River at Bacon Island Bridge,10/19/1992,534,0.28,94.57151352,C,OMR,Interior
Middle River at Bacon Island Bridge,6/9/1992,535,0.25,88.84783983,C,OMR,Interior
Middle River at Bacon Island Bridge,1/2/1991,536,0.3,93.51732212,C,OMR,Interior
Middle River @ Union Point - P10A,2/2/2010,536,0.24,54.29400396,BN,OMR,Interior
Grant Line/Fabian/Bell Canals nr Old R.,8/7/1991,536,0.36,92.52821793,C,SouthDelta,Interior
Middle River @ Union Point - P10A,2/2/2010,536,0.24,54.29400396,BN,SouthDelta,Interior
Contra Costa PP Number 01,5/21/1991,537,0.27,91.14886705,C,OMR,Interior
Old River North of Rock Slough (St 4b),8/7/1991,539,0.42,92.52821793,C,OMR,Interior
Contra Costa PP Number 01,9/8/2004,540,0.32,83.45154489,BN,OMR,Interior
Middle River @ Union Point - P10A,7/7/2014,541,0.31,90.2187572,C,OMR,Interior
Middle River @ Union Point - P10A,7/7/2014,541,0.31,90.2187572,C,SouthDelta,Interior
Middle River at Bacon Island Bridge,10/16/1990,542,0.35,94.0236734,D,OMR,Interior
Middle River @ Union Point - P10A,12/1/2014,542,0.34,93.6049299,C,OMR,Interior
Middle River at Bacon Island Bridge,12/11/1990,542,0.3,93.08539402,C,OMR,Interior
Middle River @ Union Point - P10A,12/1/2014,542,0.34,93.6049299,C,SouthDelta,Interior
Middle River @ Union Point - P10A,1/9/2019,543,0.3,#N/A,W,OMR,Interior
Middle River @ Union Point - P10A,1/9/2019,543,0.3,#N/A,W,SouthDelta,Interior
Old River North of Rock Slough (St 4b),9/17/1990,544,0.45,85.19881494,C,OMR,Interior
Middle River @ Union Point - P10A,1/3/2008,544,0.32,83.34570353,C,OMR,Interior
Middle River @ Union Point - P10A,1/3/2008,544,0.32,83.34570353,C,SouthDelta,Interior
Rock Slough @ Old River,8/7/1991,546,0.44,92.52821793,C,OMR,Interior
Grant Line/Fabian/Bell Canals nr Old R.,1/23/1992,546,0.27,92.69366513,C,SouthDelta,Interior
Rock Slough @ Old River,7/31/1990,547,0.4,85.26138636,C,OMR,Interior
Middle River at Bacon Island Bridge,11/21/1991,547,0.31,93.42904814,C,OMR,Interior
Rock Slough @ Old River,9/17/1990,548,0.47,85.19881494,C,OMR,Interior
Contra Costa PP Number 01,10/3/2000,548,0.34,87.25802224,W,OMR,Interior
Clifton Court Intake,3/27/1991,548,0.34,71.68911216,C,OMR,Interior
Rock Slough @ Old River,3/20/1990,548,0.34,85.09103604,C,OMR,Interior
Old River North of Rock Slough (St 4b),3/26/1991,549,0.35,72.01442228,C,OMR,Interior
Rock Slough @ Old River,8/21/1991,550,0.37,88.57096592,C,OMR,Interior
Grant Line Canal @ Tracy Blvd,6/8/2009,550,0.27,77.24823856,D,SouthDelta,Interior
Old River North of Rock Slough (St 4b),8/21/1991,551,0.38,88.57096592,C,OMR,Interior
Rock Slough @ Old River,10/10/1991,554,0.36,88.47167384,C,OMR,Interior
Clifton Court Intake,2/25/1992,554,0.21,65.86224313,C,OMR,Interior
Contra Costa PP Number 01,4/4/1996,554,0.18,58.29157662,W,OMR,Interior
Old River @ Tracy Road Bridge - P12,5/7/2009,554,0.21,68.40551796,D,SouthDelta,Interior
Middle River at Bacon Island Bridge,2/13/1991,557,0.37,94.27904419,C,OMR,Interior
San Joaquin River @ Mossdale Bridge - C7A,6/4/1997,560,0.22,78.50514499,W,SJRcorridor,Interior
Old River North of Rock Slough (St 4b),10/10/1991,563,0.34,88.47167384,C,OMR,Interior
Middle River at Bacon Island Bridge,6/25/1992,564,0.33,90.85817896,C,OMR,Interior
Grant Line/Fabian/Bell Canals nr Old R.,7/10/1991,564,0.36,92.07471565,C,SouthDelta,Interior
Contra Costa PP Number 01,12/16/1993,566,0.38,82.70555681,AN,OMR,Interior
Rock Slough @ Old River,3/26/1991,567,0.36,72.01442228,C,OMR,Interior
Middle River @ Union Point - P10A,5/4/2015,568,0.29,94.17154572,C,OMR,Interior
Middle River @ Union Point - P10A,5/4/2015,568,0.29,94.17154572,C,SouthDelta,Interior
Contra Costa PP Number 01,10/13/1994,569,0.35,90.78710967,AN,OMR,Interior
Clifton Court Intake,6/4/1992,569,0.25,92.61021102,C,OMR,Interior
Middle River at Bacon Island Bridge,8/4/1992,571,0.39,93.425676,C,OMR,Interior
Rock Slough @ Old River,7/26/1990,572,0.48,86.56430395,C,OMR,Interior
Old River North of Rock Slough (St 4b),9/25/1990,573,0.46,91.8739207,C,OMR,Interior
Contra Costa PP Number 01,12/2/2008,574,0.36,92.75840841,C,OMR,Interior
Grant Line/Fabian/Bell Canals nr Old R.,6/13/1991,575,0.37,92.96709129,C,SouthDelta,Interior
Contra Costa PP Number 01,12/6/2004,579,0.36,88.99645057,BN,OMR,Interior
Middle River @ Union Point - P10A,9/9/2015,581,0.37,94.75346141,C,OMR,Interior
Middle River @ Union Point - P10A,9/9/2015,581,0.37,94.75346141,C,SouthDelta,Interior
Rock Slough @ Old River,9/25/1990,583,0.49,91.8739207,C,OMR,Interior
Middle River @ Union Point - P10A,3/2/2009,583,0.32,65.57301543,D,OMR,Interior
Middle River @ Union Point - P10A,3/2/2009,583,0.32,65.57301543,D,SouthDelta,Interior
Middle River at Bacon Island Bridge,10/24/1990,585,0.39,94.04183083,D,OMR,Interior
Contra Costa PP Number 01,10/23/1991,585,0.38,94.27657666,C,OMR,Interior
Middle River @ Union Point - P10A,1/6/2009,589,0.39,86.18470086,D,OMR,Interior
Middle River @ Union Point - P10A,1/6/2009,589,0.39,86.18470086,D,SouthDelta,Interior
Contra Costa PP Number 01,3/3/2003,591,0.17,60.574921,AN,OMR,Interior
San Joaquin River @ Mossdale Bridge - C7A,6/13/1996,592,0.24,65.4871296,W,SJRcorridor,Interior
Old River North of Rock Slough (St 4b),8/7/1990,595,0.53,84.4251127,C,OMR,Interior
Old River North of Rock Slough (St 4b),7/24/1991,595,0.49,92.78926842,C,OMR,Interior
Grant Line/Fabian/Bell Canals nr Old R.,10/1/1990,595,0.38,91.47315676,D,SouthDelta,Interior
Rock Slough @ Old River,7/24/1991,596,0.48,92.78926842,C,OMR,Interior
Rock Slough @ Old River,5/22/1991,596,0.36,90.63835999,C,OMR,Interior
Clifton Court Intake,8/25/1994,597,0.39,90.48799198,C,OMR,Interior
Rock Slough @ Old River,2/23/1990,598,0.37,83.08252588,C,OMR,Interior
Clifton Court Intake,5/19/1994,599,0.24,76.51544974,C,OMR,Interior
Middle River @ Union Point - P10A,1/6/2014,601,0.38,92.33233742,C,OMR,Interior
Middle River @ Union Point - P10A,1/4/2016,601,0.37,89.47617765,BN,OMR,Interior
San Joaquin River @ Mossdale Bridge - C7A,4/21/1993,601,0.19,62.38347365,AN,SJRcorridor,Interior
Middle River @ Union Point - P10A,1/6/2014,601,0.38,92.33233742,C,SouthDelta,Interior
Middle River @ Union Point - P10A,1/4/2016,601,0.37,89.47617765,BN,SouthDelta,Interior
Contra Costa PP Number 01,10/7/2003,604,0.38,88.64679121,D,OMR,Interior
Middle River at Bacon Island Bridge,11/19/1992,607,0.37,93.66767375,C,OMR,Interior
Clifton Court Intake,6/25/1991,607,0.36,93.04612539,C,OMR,Interior
Middle River at Bacon Island Bridge,12/11/1991,609,0.34,94.35994762,C,OMR,Interior
San Joaquin River @ Mossdale Bridge - C7A,10/10/1996,609,0.26,83.55493234,W,SJRcorridor,Interior
Middle River at Bacon Island Bridge,2/26/1991,610,0.42,94.34149831,C,OMR,Interior
Old River North of Rock Slough (St 4b),10/1/1990,613,0.51,91.47315676,D,OMR,Interior
Old River North of Rock Slough (St 4b),5/22/1991,613,0.38,90.63835999,C,OMR,Interior
Middle River @ Union Point - P10A,11/3/2014,613,0.37,92.39401068,D,OMR,Interior
Middle River @ Union Point - P10A,11/3/2014,613,0.37,92.39401068,D,SouthDelta,Interior
Grant Ln Can @ Tracy Rd Bdg,4/21/1993,615,0.2,62.38347365,AN,SouthDelta,Interior
Middle River @ Union Point - P10A,10/5/2015,616,0.33,94.93479848,C,OMR,Interior
Contra Costa PP Number 01,1/8/2002,616,0.25,54.28372948,D,OMR,Interior
Middle River @ Union Point - P10A,10/5/2015,616,0.33,94.93479848,C,SouthDelta,Interior
Rock Slough @ Old River,10/1/1990,618,0.53,91.47315676,D,OMR,Interior
Middle River at Bacon Island Bridge,11/27/1990,618,0.35,93.19458317,D,OMR,Interior
San Joaquin River @ Mossdale Bridge - C7A,7/2/1997,620,0.24,78.23532434,W,SJRcorridor,Interior
Contra Costa PP Number 01,10/2/1990,625,0.51,92.40360011,D,OMR,Interior
Middle River at Bacon Island Bridge,11/13/1990,625,0.32,93.89378554,D,OMR,Interior
Rock Slough @ Old River,7/10/1991,630,0.52,92.07471565,C,OMR,Interior
Grant Line/Fabian/Bell Canals nr Old R.,10/11/1990,631,0.39,94.23950241,D,SouthDelta,Interior
Middle River @ Union Point - P10A,2/3/2009,633,0.34,84.30493265,D,OMR,Interior
Contra Costa PP Number 01,1/13/1993,633,0.29,64.09402935,AN,OMR,Interior
San Joaquin River @ Mossdale Bridge - C7A,8/17/1995,633,0.23,74.57233985,W,SJRcorridor,Interior
Middle River @ Union Point - P10A,2/3/2009,633,0.34,84.30493265,D,SouthDelta,Interior
Rock Slough @ Old River,8/7/1990,635,0.49,84.4251127,C,OMR,Interior
Contra Costa PP Number 01,4/10/1995,635,0.22,50.51772825,W,OMR,Interior
Rock Slough @ Old River,10/20/1994,636,0.41,92.73586707,AN,OMR,Interior
Grant Line/Fabian/Bell Canals nr Old R.,6/26/1991,636,0.4,92.70986559,C,SouthDelta,Interior
Rock Slough @ Old River,10/23/1991,637,0.43,94.27657666,C,OMR,Interior
Old River North of Rock Slough (St 4b),6/26/1991,639,0.46,92.70986559,C,OMR,Interior
Contra Costa PP Number 01,1/3/2005,640,0.47,63.06546569,AN,OMR,Interior
Contra Costa PP Number 01,11/3/2008,642,0.39,93.02142734,D,OMR,Interior
Grant Line/Fabian/Bell Canals nr Old R.,8/28/1990,644,0.41,84.07314596,C,SouthDelta,Interior
Contra Costa PP Number 01,11/17/1993,647,0.48,88.13138401,C,OMR,Interior
Rock Slough @ Old River,6/26/1991,647,0.47,92.70986559,C,OMR,Interior
Old River North of Rock Slough (St 4b),7/10/1991,648,0.53,92.07471565,C,OMR,Interior
Middle River @ Union Point - P10A,8/3/2015,648,0.4,95.38511805,C,OMR,Interior
Middle River @ Union Point - P10A,8/3/2015,648,0.4,95.38511805,C,SouthDelta,Interior
Grant Line/Fabian/Bell Canals nr Old R.,8/22/1990,652,0.38,83.47764088,C,SouthDelta,Interior
Clifton Court Intake,5/23/1990,654,0.34,90.30188297,C,OMR,Interior
Contra Costa PP Number 01,3/7/2005,654,0.2,57.47547175,AN,OMR,Interior
Middle River at Bacon Island Bridge,10/30/1990,656,0.38,93.26510574,D,OMR,Interior
Contra Costa PP Number 01,12/5/2005,660,0.43,82.80590189,AN,OMR,Interior
Rock Slough @ Old River,5/23/1990,660,0.42,90.30188297,C,OMR,Interior
Contra Costa PP Number 01,4/1/2003,663,0.18,69.81194277,AN,OMR,Interior
San Joaquin River @ Mossdale Bridge - C7A,8/7/1997,663,0.27,77.94958475,W,SJRcorridor,Interior
Old River North of Rock Slough (St 4b),10/23/1991,665,0.47,94.27657666,C,OMR,Interior
Contra Costa PP Number 01,8/5/2002,665,0.44,83.27712196,D,OMR,Interior
Contra Costa PP Number 01,7/20/1994,666,0.46,90.6143213,C,OMR,Interior
San Joaquin River @ Mossdale Bridge - C7A,9/12/1996,666,0.27,76.73553471,W,SJRcorridor,Interior
Grant Line/Fabian/Bell Canals nr Old R.,4/9/1991,666,0.26,70.47185036,C,SouthDelta,Interior
Clifton Court Intake,9/22/1994,667,0.43,90.04354307,C,OMR,Interior
Middle River @ Union Point - P10A,7/6/2015,667,0.39,95.81957478,C,OMR,Interior
Middle River @ Union Point - P10A,7/6/2015,667,0.39,95.81957478,C,SouthDelta,Interior
Contra Costa PP Number 01,11/7/2000,668,0.43,84.3926938,W,OMR,Interior
San Joaquin River @ Mossdale Bridge - C7A,9/2/1997,671,0.26,77.2650624,W,SJRcorridor,Interior
Grant Line/Fabian/Bell Canals nr Old R.,8/13/1990,672,0.37,82.37363354,C,SouthDelta,Interior
Contra Costa PP Number 01,11/4/2003,673,0.43,88.40480968,D,OMR,Interior
Middle River @ Union Point - P10A,11/2/2015,675,0.37,93.88533024,C,OMR,Interior
Middle River @ Union Point - P10A,11/2/2015,675,0.37,93.88533024,C,SouthDelta,Interior
Grant Line/Fabian/Bell Canals nr Old R.,10/7/1992,684,0.43,92.45317986,C,SouthDelta,Interior
Middle River at Bacon Island Bridge,12/10/1992,686,0.42,95.44056579,C,OMR,Interior
Grant Line/Fabian/Bell Canals nr Old R.,6/11/1992,686,0.37,90.14218042,C,SouthDelta,Interior
Clifton Court Intake,11/21/1991,688,0.48,93.42904814,C,OMR,Interior
Contra Costa PP Number 01,12/5/1996,688,0.41,78.03491703,W,OMR,Interior
Old River North of Rock Slough (St 4b),7/20/1994,690,0.49,90.6143213,C,OMR,Interior
San Joaquin River @ Mossdale Bridge - C7A,11/14/1996,690,0.27,87.30019572,W,SJRcorridor,Interior
Rock Slough @ Old River,7/20/1994,692,0.51,90.6143213,C,OMR,Interior
Old River @ Middle River,4/16/2009,694,0.32,67.73613947,D,SouthDelta,Interior
Middle River @ Union Point - P10A,6/1/2015,697,0.41,93.2549537,C,OMR,Interior
Middle River @ Union Point - P10A,6/1/2015,697,0.41,93.2549537,C,SouthDelta,Interior
Grant Line/Fabian/Bell Canals nr Old R.,3/26/1991,698,0.23,72.01442228,C,SouthDelta,Interior
Contra Costa PP Number 01,8/21/1991,699,0.45,88.57096592,C,OMR,Interior
Grant Line/Fabian/Bell Canals nr Old R.,1/29/1991,700,0.49,94.90599798,C,SouthDelta,Interior
Old River North of Rock Slough (St 4b),9/12/1991,702,0.55,88.08357466,C,OMR,Interior
Contra Costa PP Number 01,1/3/2006,703,0.55,0,W,OMR,Interior
Contra Costa PP Number 01,8/23/1994,703,0.51,91.93258472,C,OMR,Interior
Grant Line/Fabian/Bell Canals nr Old R.,10/24/1990,703,0.49,94.04183083,D,SouthDelta,Interior
Contra Costa PP Number 01,1/2/2007,704,0.44,80.23657174,D,OMR,Interior
Old River North of Rock Slough (St 4b),9/26/1991,705,0.51,89.13268814,C,OMR,Interior
Contra Costa PP Number 01,6/24/1991,705,0.47,92.83977948,C,OMR,Interior
Contra Costa PP Number 01,1/17/1995,709,0.35,46.35508675,W,OMR,Interior
Clifton Court Intake,10/23/1990,710,0.52,94.64630634,D,OMR,Interior
Middle River @ Union Point - P10A,12/7/2015,710,0.49,94.9140377,C,OMR,Interior
Middle River @ Union Point - P10A,12/7/2015,710,0.49,94.9140377,C,SouthDelta,Interior
Rock Slough @ Old River,6/13/1991,713,0.57,92.96709129,C,OMR,Interior
Grant Line/Fabian/Bell Canals nr Old R.,11/14/1990,715,0.44,93.90716742,D,SouthDelta,Interior
Clifton Court Intake,9/24/1992,717,0.53,92.85385013,C,OMR,Interior
Old River North of Rock Slough (St 4b),6/13/1991,719,0.58,92.96709129,C,OMR,Interior
Rock Slough @ Old River,9/12/1991,722,0.58,88.08357466,C,OMR,Interior
Contra Costa PP Number 01,12/3/2003,724,0.48,87.61870823,AN,OMR,Interior
Clifton Court Intake,6/25/1992,724,0.47,90.85817896,C,OMR,Interior
Grant Line/Fabian/Bell Canals nr Old R.,7/9/1992,724,0.48,91.63677332,C,SouthDelta,Interior
Grant Ln Can @ Tracy Rd Bdg,1/12/1994,726,0.31,82.38546939,C,SouthDelta,Interior
San Joaquin River @ Mossdale Bridge - C7A,10/23/1991,727,0.34,94.27657666,C,SJRcorridor,Interior
Grant Line Canal @ Tracy Blvd,3/9/2009,728,0.25,54.40866096,D,SouthDelta,Interior
Contra Costa PP Number 01,10/6/2004,730,0.38,80.20091081,AN,OMR,Interior
Clifton Court Intake,3/9/1993,730,0.24,59.04059358,AN,OMR,Interior
Clifton Court Intake,1/31/1991,731,0.45,94.0793962,C,OMR,Interior
San Joaquin River @ Mossdale Bridge - C7A,1/12/1994,731,0.32,82.38546939,C,SJRcorridor,Interior
Contra Costa PP Number 01,1/23/1992,732,0.46,92.69366513,C,OMR,Interior
Grant Ln Can @ Tracy Rd Bdg,8/22/1990,735,0.48,83.47764088,C,SouthDelta,Interior
Clifton Court Intake,11/19/1992,737,0.5,93.66767375,C,OMR,Interior
San Joaquin River @ Mossdale Bridge - C7A,8/22/1990,738,0.44,83.47764088,C,SJRcorridor,Interior
San Joaquin River @ Mossdale Bridge - C7A,10/24/1990,739,0.37,94.04183083,D,SJRcorridor,Interior
Old River @ Tracy Road Bridge - P12,6/8/2009,739,0.35,77.24823856,D,SouthDelta,Interior
Rock Slough @ Old River,9/26/1991,741,0.56,89.13268814,C,OMR,Interior
Contra Costa PP Number 01,9/2/2008,744,0.52,88.7732302,C,OMR,Interior
San Joaquin River @ Mossdale Bridge - C7A,12/7/1995,746,0.32,79.94458802,W,SJRcorridor,Interior
San Joaquin River @ Mossdale Bridge - C7A,8/15/1996,747,0.31,77.45680181,W,SJRcorridor,Interior
Contra Costa PP Number 01,12/3/2001,750,0.45,82.50576236,D,OMR,Interior
San Joaquin River @ Mossdale Bridge - C7A,11/16/1995,750,0.31,79.55759468,C,SJRcorridor,Interior
Contra Costa PP Number 01,3/6/2001,753,0.3,70.05240742,D,OMR,Interior
Grant Line/Fabian/Bell Canals nr Old R.,10/17/1990,761,0.45,93.81403956,D,SouthDelta,Interior
Contra Costa PP Number 01,11/1/2004,765,0.32,83.50140273,AN,OMR,Interior
Old River North of Rock Slough (St 4b),10/20/1992,766,0.6,94.16017229,C,OMR,Interior
Old River nr Tracy,1/12/1994,771,0.33,82.38546939,C,SouthDelta,Interior
Middle River @ Union Point - P10A,2/3/2014,774,0.5,93.92384943,C,OMR,Interior
San Joaquin River @ Mossdale Bridge - C7A,7/18/1996,774,0.31,73.33974661,W,SJRcorridor,Interior
Middle River @ Union Point - P10A,2/3/2014,774,0.5,93.92384943,C,SouthDelta,Interior
Grant Line/Fabian/Bell Canals nr Old R.,7/16/1990,777,0.43,85.00509504,C,SouthDelta,Interior
Old River North of Rock Slough (St 4b),3/12/1991,779,0.6,78.72735886,C,OMR,Interior
Grant Line/Fabian/Bell Canals nr Old R.,12/12/1990,781,0.55,93.02603777,C,SouthDelta,Interior
Contra Costa PP Number 01,9/11/1991,782,0.5,92.53683095,C,OMR,Interior
Contra Costa PP Number 01,1/6/2004,784,0.51,55.58733795,BN,OMR,Interior
Clifton Court Intake,6/27/1990,786,0.24,84.4854239,C,OMR,Interior
San Joaquin River @ Mossdale Bridge - C7A,4/9/1997,788,0.3,73.79612645,W,SJRcorridor,Interior
Rock Slough @ Old River,1/23/1992,792,0.5,92.69366513,C,OMR,Interior
Clifton Court Intake,4/24/1991,792,0.32,86.48122671,C,OMR,Interior
Contra Costa PP Number 01,2/24/1992,793,0.45,66.71267132,C,OMR,Interior
Contra Costa PP Number 01,2/3/2009,794,0.52,84.30493265,D,OMR,Interior
Old River North of Rock Slough (St 4b),7/9/1992,795,0.6,91.63677332,C,OMR,Interior
Grant Line/Fabian/Bell Canals nr Old R.,10/20/1992,795,0.48,94.16017229,C,SouthDelta,Interior
San Joaquin River @ Mossdale Bridge - C7A,11/17/1994,796,0.41,91.53716312,AN,SJRcorridor,Interior
Contra Costa PP Number 01,3/11/1993,801,0.24,59.02850507,AN,OMR,Interior
Old River nr Tracy,4/21/1993,802,0.28,62.38347365,AN,SouthDelta,Interior
Rock Slough @ Old River,8/25/1994,805,0.59,90.48799198,C,OMR,Interior
Clifton Court Intake,12/11/1991,810,0.5,94.35994762,C,OMR,Interior
Rock Slough @ Old River,10/20/1992,811,0.62,94.16017229,C,OMR,Interior
Contra Costa PP Number 01,9/5/2007,812,0.63,85.25541551,D,OMR,Interior
Rock Slough @ Old River,7/9/1992,812,0.63,91.63677332,C,OMR,Interior
Contra Costa PP Number 01,12/13/1994,814,0.57,82.54298007,C,OMR,Interior
Old River @ Tracy Road Bridge - P12,4/23/2009,814,0.39,79.53429049,D,SouthDelta,Interior
Rock Slough @ Old River,10/11/1990,816,0.7,94.23950241,D,OMR,Interior
Grant Line/Fabian/Bell Canals nr Old R.,9/5/1990,816,0.5,86.59648732,C,SouthDelta,Interior
Grant Line/Fabian/Bell Canals nr Old R.,10/31/1990,817,0.53,92.89347904,D,SouthDelta,Interior
Grant Line/Fabian/Bell Canals nr Old R.,8/19/1992,822,0.51,92.0935494,C,SouthDelta,Interior
Grant Ln Can @ Tracy Rd Bdg,4/20/1994,824,0.39,78.884997,C,SouthDelta,Interior
Rock Slough @ Old River,10/31/1990,828,0.68,92.89347904,D,OMR,Interior
Grant Line/Fabian/Bell Canals nr Old R.,7/31/1990,828,0.43,85.26138636,C,SouthDelta,Interior
Grant Line/Fabian/Bell Canals nr Old R.,11/28/1990,829,0.43,92.60675328,D,SouthDelta,Interior
Old River North of Rock Slough (St 4b),10/31/1990,832,0.66,92.89347904,D,OMR,Interior
San Joaquin River @ Mossdale Bridge - C7A,4/22/1992,834,0.31,77.19407905,C,SJRcorridor,Interior
Old River North of Rock Slough (St 4b),10/7/1992,835,0.68,92.45317986,C,OMR,Interior
Old River North of Rock Slough (St 4b),10/11/1990,836,0.74,94.23950241,D,OMR,Interior
Contra Costa PP Number 01,11/19/1991,836,0.66,93.6335894,C,OMR,Interior
Old River North of Rock Slough (St 4b),1/23/1992,837,0.53,92.69366513,C,OMR,Interior
Old River North of Rock Slough (St 4b),8/6/1992,840,0.66,92.5804813,C,OMR,Interior
Clifton Court Intake,2/27/1991,840,0.63,95.15255136,C,OMR,Interior
Grant Line/Fabian/Bell Canals nr Old R.,2/25/1991,840,0.6,94.18554964,C,SouthDelta,Interior
Grant Line/Fabian/Bell Canals nr Old R.,8/21/1991,840,0.44,88.57096592,C,SouthDelta,Interior
Grant Line Canal @ Tracy Blvd,2/26/2009,840,0.32,60.14582078,D,SouthDelta,Interior
San Joaquin River @ Mossdale Bridge - C7A,7/8/1993,842,0.36,75.05380959,AN,SJRcorridor,Interior
Grant Ln Can @ Tracy Rd Bdg,7/26/1990,843,0.38,86.56430395,C,SouthDelta,Interior
Grant Line Canal @ Tracy Blvd,4/9/2009,844,0.43,75.01511525,D,SouthDelta,Interior
Old River @ Middle River,2/25/2009,844,0.34,63.13375011,D,SouthDelta,Interior
Rock Slough @ Old River,10/17/1990,847,0.69,93.81403956,D,OMR,Interior
Rock Slough @ Old River,11/14/1990,848,0.64,93.90716742,D,OMR,Interior
Rock Slough @ Old River,10/7/1992,849,0.7,92.45317986,C,OMR,Interior
Contra Costa PP Number 01,12/3/2002,850,0.46,93.0185482,D,OMR,Interior
Grant Line/Fabian/Bell Canals nr Old R.,7/20/1994,852,0.41,90.6143213,C,SouthDelta,Interior
Clifton Court Intake,12/11/1990,853,0.63,93.08539402,C,OMR,Interior
San Joaquin River @ Mossdale Bridge - C7A,7/26/1990,853,0.43,86.56430395,C,SJRcorridor,Interior
Contra Costa PP Number 01,9/4/2002,854,0.6,88.12309273,D,OMR,Interior
Grant Ln Can @ Tracy Rd Bdg,7/8/1993,855,0.37,75.05380959,AN,SouthDelta,Interior
Old River nr Tracy,8/22/1990,857,0.55,83.47764088,C,SouthDelta,Interior
Old River North of Rock Slough (St 4b),11/14/1990,859,0.67,93.90716742,D,OMR,Interior
Rock Slough @ Old River,3/12/1991,859,0.65,78.72735886,C,OMR,Interior
Old River North of Rock Slough (St 4b),1/16/1991,861,0.68,92.74078739,C,OMR,Interior
Rock Slough @ Old River,1/16/1991,862,0.68,92.74078739,C,OMR,Interior
Old River @ Middle River,1/29/2009,862,0.33,83.77227583,D,SouthDelta,Interior
Old River North of Rock Slough (St 4b),10/17/1990,863,0.67,93.81403956,D,OMR,Interior
Rock Slough @ Old River,4/25/1990,864,0.66,87.22990049,C,OMR,Interior
Old River @ Tracy Road Bridge - P12,3/9/2009,868,0.36,54.40866096,D,SouthDelta,Interior
Contra Costa PP Number 01,10/1/2008,870,0.65,88.30977329,D,OMR,Interior
Contra Costa PP Number 01,11/5/2002,874,0.57,91.73476989,D,OMR,Interior
Clifton Court Intake,12/10/1992,875,0.48,95.44056579,C,OMR,Interior
Old River North of Rock Slough (St 4b),1/29/1991,878,0.72,94.90599798,C,OMR,Interior
Rock Slough @ Old River,8/6/1992,878,0.69,92.5804813,C,OMR,Interior
Contra Costa PP Number 01,2/5/1998,879,0.38,41.15155574,W,OMR,Interior
Old River North of Rock Slough (St 4b),1/2/1991,880,0.7,93.51732212,C,OMR,Interior
San Joaquin River @ Mossdale Bridge - C7A,4/20/1994,880,0.41,78.884997,C,SJRcorridor,Interior
Grant Ln Can @ Tracy Rd Bdg,10/7/1992,881,0.45,92.45317986,C,SouthDelta,Interior
Contra Costa PP Number 01,9/22/1992,882,0.71,92.38888101,C,OMR,Interior
Contra Costa PP Number 01,6/23/1992,885,0.62,92.2794422,C,OMR,Interior
Contra Costa PP Number 01,10/7/1999,892,0.44,85.55971154,W,OMR,Interior
Rock Slough @ Old River,1/29/1991,897,0.74,94.90599798,C,OMR,Interior
Contra Costa PP Number 01,11/6/2001,898,0.58,92.77803114,AN,OMR,Interior
Contra Costa PP Number 01,3/7/1996,898,0.34,46.46251523,W,OMR,Interior
Grant Line Canal @ Tracy Blvd,12/11/2008,898,0.46,93.85276614,C,SouthDelta,Interior
Rock Slough @ Old River,7/22/1992,899,0.73,92.3938467,C,OMR,Interior
Contra Costa PP Number 01,10/7/1992,900,0.71,92.45317986,C,OMR,Interior
Old River @ Middle River,12/22/2008,900,0.53,92.48009562,C,SouthDelta,Interior
Grant Line/Fabian/Bell Canals nr Old R.,7/22/1992,900,0.48,92.3938467,C,SouthDelta,Interior
Rock Slough @ Old River,8/19/1992,901,0.72,92.0935494,C,OMR,Interior
Contra Costa PP Number 01,8/19/1992,904,0.74,92.0935494,C,OMR,Interior
Contra Costa PP Number 01,7/22/1992,905,0.68,92.3938467,C,OMR,Interior
Rock Slough @ Old River,1/2/1991,907,0.73,93.51732212,C,OMR,Interior
Old River North of Rock Slough (St 4b),7/22/1992,909,0.75,92.3938467,C,OMR,Interior
Grant Line/Fabian/Bell Canals nr Old R.,12/19/1991,909,0.45,95.49778406,C,SouthDelta,Interior
Old River @ Tracy Road Bridge - P12,2/26/2009,911,0.4,60.14582078,D,SouthDelta,Interior
Old River North of Rock Slough (St 4b),8/19/1992,915,0.73,92.0935494,C,OMR,Interior
Old River nr Tracy,7/26/1990,916,0.43,86.56430395,C,SouthDelta,Interior
Contra Costa PP Number 01,1/6/1998,920,0.52,80.42409534,W,OMR,Interior
Old River North of Rock Slough (St 4b),10/24/1990,921,0.76,94.04183083,D,OMR,Interior
Grant Line/Fabian/Bell Canals nr Old R.,4/20/1994,922,0.4,78.884997,C,SouthDelta,Interior
Contra Costa PP Number 01,10/2/2007,928,0.7,87.02852586,W,OMR,Interior
Grant Line Canal @ Tracy Blvd,12/23/2008,928,0.41,91.80575032,C,SouthDelta,Interior
Old River North of Rock Slough (St 4b),9/3/1992,930,0.8,90.77667797,C,OMR,Interior
Grant Ln Can @ Tracy Rd Bdg,4/22/1992,932,0.32,77.19407905,C,SouthDelta,Interior
Rock Slough @ Old River,9/3/1992,933,0.8,90.77667797,C,OMR,Interior
Contra Costa PP Number 01,12/8/1992,933,0.72,96.70881536,C,OMR,Interior
Old River North of Rock Slough (St 4b),6/11/1992,934,0.59,90.14218042,C,OMR,Interior
Contra Costa PP Number 01,9/20/1994,935,0.72,92.37559029,C,OMR,Interior
San Joaquin River @ Mossdale Bridge - C7A,7/20/1994,942,0.46,90.6143213,C,SJRcorridor,Interior
Old River nr Tracy,4/20/1994,942,0.44,78.884997,C,SouthDelta,Interior
Contra Costa PP Number 01,11/17/1992,943,0.64,94.87189975,C,OMR,Interior
Contra Costa PP Number 01,2/6/2001,943,0.5,82.30525912,D,OMR,Interior
San Joaquin River @ Mossdale Bridge - C7A,10/7/1992,944,0.54,92.45317986,C,SJRcorridor,Interior
San Joaquin River @ Mossdale Bridge - C7A,12/20/1994,946,0.42,81.11970496,C,SJRcorridor,Interior
San Joaquin River @ Mossdale Bridge - C7A,1/18/1996,946,0.37,81.11891586,W,SJRcorridor,Interior
Rock Slough @ Old River,6/11/1992,947,0.62,90.14218042,C,OMR,Interior
Contra Costa PP Number 01,11/5/1997,948,0.78,91.80829068,W,OMR,Interior
Rock Slough @ Old River,11/28/1990,949,0.77,92.60675328,D,OMR,Interior
Old River North of Rock Slough (St 4b),12/19/1991,950,0.67,95.49778406,C,OMR,Interior
San Joaquin River @ Mossdale Bridge - C7A,8/21/1991,950,0.5,88.57096592,C,SJRcorridor,Interior
Old River nr Tracy,7/8/1993,950,0.44,75.05380959,AN,SouthDelta,Interior
Grant Line Canal @ Tracy Blvd,1/26/2009,952,0.39,88.07443799,D,SouthDelta,Interior
Grant Line/Fabian/Bell Canals nr Old R.,9/3/1992,956,0.49,90.77667797,C,SouthDelta,Interior
Grant Ln Can @ Tracy Rd Bdg,7/20/1994,956,0.41,90.6143213,C,SouthDelta,Interior
Old River North of Rock Slough (St 4b),11/28/1990,959,0.79,92.60675328,D,OMR,Interior
Rock Slough @ Old River,10/24/1990,960,0.77,94.04183083,D,OMR,Interior
Rock Slough @ Old River,1/24/1990,962,0.69,79.66720736,C,OMR,Interior
San Joaquin River @ Mossdale Bridge - C7A,7/24/1991,962,0.49,92.78926842,C,SJRcorridor,Interior
Old River @ Middle River,1/7/2009,962,0.52,86.91076865,D,SouthDelta,Interior
Rock Slough @ Old River,12/19/1991,967,0.74,95.49778406,C,OMR,Interior
Grant Ln Can @ Tracy Rd Bdg,7/24/1991,974,0.52,92.78926842,C,SouthDelta,Interior
Old River nr Tracy,10/7/1992,974,0.52,92.45317986,C,SouthDelta,Interior
San Joaquin River @ Mossdale Bridge - C7A,7/22/1992,979,0.57,92.3938467,C,SJRcorridor,Interior
Contra Costa PP Number 01,12/9/1991,988,0.77,94.2937316,C,OMR,Interior
Rock Slough @ Old River,9/22/1994,988,0.74,90.04354307,C,OMR,Interior
Contra Costa PP Number 01,11/9/1994,988,0.52,92.63852791,AN,OMR,Interior
Old River @ Tracy Road Bridge - P12,1/26/2009,995,0.4,88.07443799,D,SouthDelta,Interior
Grant Ln Can @ Tracy Rd Bdg,10/23/1991,997,0.05,94.27657666,C,SouthDelta,Interior
Grant Ln Can @ Tracy Rd Bdg,8/21/1991,1000,0.55,88.57096592,C,SouthDelta,Interior
Old River @ Middle River,4/1/2009,1008,0.48,73.95020527,D,SouthDelta,Interior
Grant Line Canal @ Tracy Blvd,1/12/2009,1009,0.46,89.32251087,D,SouthDelta,Interior
Contra Costa PP Number 01,1/7/2003,1010,0.57,51.99960319,AN,OMR,Interior
Old River @ Tracy Road Bridge - P12,4/9/2009,1013,0.5,75.01511525,D,SouthDelta,Interior
Contra Costa PP Number 01,1/8/2001,1030,0.6,94.68792213,D,OMR,Interior
Grant Ln Can @ Tracy Rd Bdg,10/24/1990,1030,0.51,94.04183083,D,SouthDelta,Interior
Old River @ Middle River,3/16/2009,1043,0.46,64.397985,D,SouthDelta,Interior
Old River @ Tracy Road Bridge - P12,12/11/2008,1047,0.56,93.85276614,C,SouthDelta,Interior
Contra Costa PP Number 01,11/6/2007,1048,0.69,89.58054651,W,OMR,Interior
Old River North of Rock Slough (St 4b),12/12/1990,1060,0.88,93.02603777,C,OMR,Interior
Grant Line Canal @ Tracy Blvd,2/11/2009,1068,0.41,83.0036227,D,SouthDelta,Interior
Rock Slough @ Old River,2/14/1991,1070,0.88,93.77396204,C,OMR,Interior
Contra Costa PP Number 01,2/3/2003,1070,0.46,54.06515388,AN,OMR,Interior
Old River @ Middle River,2/10/2009,1079,0.54,84.02790463,D,SouthDelta,Interior
Old River North of Rock Slough (St 4b),2/25/1991,1080,0.89,94.18554964,C,OMR,Interior
Rock Slough @ Old River,2/25/1991,1080,0.88,94.18554964,C,OMR,Interior
Contra Costa PP Number 01,12/10/1997,1080,0.67,71.95083355,W,OMR,Interior
San Joaquin River @ Mossdale Bridge - C7A,1/23/1992,1080,0.44,92.69366513,C,SJRcorridor,Interior
Grant Ln Can @ Tracy Rd Bdg,8/19/1992,1080,0.63,92.0935494,C,SouthDelta,Interior
Grant Line/Fabian/Bell Canals nr Old R.,2/14/1991,1080,0.54,93.77396204,C,SouthDelta,Interior
Old River North of Rock Slough (St 4b),2/14/1991,1090,0.91,93.77396204,C,OMR,Interior
Old River @ Tracy Road Bridge - P12,1/12/2009,1092,0.46,89.32251087,D,SouthDelta,Interior
Old River @ Tracy Road Bridge - P12,2/11/2009,1093,0.41,83.0036227,D,SouthDelta,Interior
Rock Slough @ Old River,12/12/1990,1100,0.91,93.02603777,C,OMR,Interior
Contra Costa PP Number 01,3/3/1998,1100,0.39,46.174655,W,OMR,Interior
San Joaquin River @ Mossdale Bridge - C7A,1/29/1991,1100,0.58,94.90599798,C,SJRcorridor,Interior
Grant Ln Can @ Tracy Rd Bdg,7/22/1992,1100,0.64,92.3938467,C,SouthDelta,Interior
Grant Line/Fabian/Bell Canals nr Old R.,1/2/1991,1100,0.53,93.51732212,C,SouthDelta,Interior
Grant Ln Can @ Tracy Rd Bdg,1/23/1992,1100,0.43,92.69366513,C,SouthDelta,Interior
Old River nr Tracy,7/24/1991,1110,0.59,92.78926842,C,SouthDelta,Interior
Old River nr Tracy,4/22/1992,1110,0.4,77.19407905,C,SouthDelta,Interior
Contra Costa PP Number 01,10/8/2002,1120,0.73,89.3846487,D,OMR,Interior
Old River nr Tracy,7/22/1992,1120,0.63,92.3938467,C,SouthDelta,Interior
Contra Costa PP Number 01,3/7/2000,1125,0.35,48.16682697,AN,OMR,Interior
Old River nr Tracy,10/24/1990,1140,0.59,94.04183083,D,SouthDelta,Interior
Old River nr Tracy,8/21/1991,1140,0.53,88.57096592,C,SouthDelta,Interior
Grant Line/Fabian/Bell Canals nr Old R.,1/16/1991,1150,0.53,92.74078739,C,SouthDelta,Interior
Old River nr Tracy,1/23/1992,1150,0.48,92.69366513,C,SouthDelta,Interior
Grant Line Canal @ Tracy Blvd,3/23/2009,1156,0.5,67.34893515,D,SouthDelta,Interior
Old River nr Tracy,8/19/1992,1160,0.69,92.0935494,C,SouthDelta,Interior
Old River @ Tracy Road Bridge - P12,3/23/2009,1179,0.5,67.34893515,D,SouthDelta,Interior
Contra Costa PP Number 01,1/4/2000,1186,0.77,80.55744457,AN,OMR,Interior
Grant Line/Fabian/Bell Canals nr Old R.,3/12/1991,1210,0.55,78.72735886,C,SouthDelta,Interior
Contra Costa PP Number 01,12/4/2007,1212,0.79,87.28423839,D,OMR,Interior
Old River nr Tracy,10/23/1991,1220,0.59,94.27657666,C,SouthDelta,Interior
Grant Ln Can @ Tracy Rd Bdg,1/29/1991,1240,0.62,94.90599798,C,SouthDelta,Interior
Old River @ Tracy Road Bridge - P12,12/23/2008,1257,0.66,91.80575032,C,SouthDelta,Interior
Old River nr Tracy,1/29/1991,1320,0.66,94.90599798,C,SouthDelta,Interior
San Joaquin River @ Mossdale Bridge - C7A,4/23/1991,1330,0.6,85.01362795,C,SJRcorridor,Interior
Grant Ln Can @ Tracy Rd Bdg,4/23/1991,1360,0.7,85.01362795,C,SouthDelta,Interior
Contra Costa PP Number 01,12/7/1999,1390,0.66,84.3486242,W,OMR,Interior
Old River nr Tracy,4/23/1991,1510,0.78,85.01362795,C,SouthDelta,Interior
