Long Station Name,Collection Date,EC,Ca,Sacramento X2,WYT,Location,Area
Contra Costa PP Number 01,3/3/1998,1100,45.2,46.174655,W,OMR,Interior
Contra Costa PP Number 01,12/7/1999,1390,42,84.3486242,W,OMR,Interior
Contra Costa PP Number 01,3/7/2000,1125,41,48.16682697,AN,OMR,Interior
Contra Costa PP Number 01,2/3/2003,1070,39,54.06515388,AN,OMR,Interior
Contra Costa PP Number 01,3/7/1996,898,39,46.46251523,W,OMR,Interior
Old River South of Rock Slough (St 5A),8/5/1986,723,39,80.38588581,W,OMR,Interior
Clifton Court Intake,12/10/1992,875,38,95.44056579,C,OMR,Interior
Clifton Court Intake,3/9/1993,730,38,59.04059358,AN,OMR,Interior
Contra Costa PP Number 01,3/11/1993,801,37,59.02850507,AN,OMR,Interior
Clifton Court Intake,4/24/1991,792,37,86.48122671,C,OMR,Interior
Contra Costa PP Number 01,11/9/1994,988,36,92.63852791,AN,OMR,Interior
Contra Costa PP Number 01,3/7/2005,654,32,57.47547175,AN,OMR,Interior
Contra Costa PP Number 01,2/5/1998,879,31.6,41.15155574,W,OMR,Interior
Contra Costa PP Number 01,12/4/2007,1212,31,87.28423839,D,OMR,Interior
Contra Costa PP Number 01,1/7/2003,1010,31,51.99960319,AN,OMR,Interior
Contra Costa PP Number 01,3/6/2001,753,31,70.05240742,D,OMR,Interior
Clifton Court Intake,5/19/1994,599,31,76.51544974,C,OMR,Interior
Middle River @ Union Point - P10A,3/3/2014,725,30,80.57624471,C,OMR,Interior
Contra Costa PP Number 01,10/8/2002,1120,29,89.3846487,D,OMR,Interior
Rock Slough @ Old River,11/28/1990,949,29,92.60675328,D,OMR,Interior
Middle River @ Union Point - P10A,3/2/2010,483,29,63.81753273,BN,OMR,Interior
Old River near Rock Slough,7/21/1959,1740,28,95.92495125,BN,OMR,Interior
Middle River at Bacon Island Bridge,10/30/1990,656,28,93.26510574,D,OMR,Interior
Middle River at Bacon Island Bridge,2/16/1993,524,28,58.91466321,AN,OMR,Interior
Middle River at Bacon Island Bridge,3/24/1994,516,28,72.52425966,C,OMR,Interior
Contra Costa PP Number 01,12/10/1997,1080,27.3,71.95083355,W,OMR,Interior
Old River near Rock Slough,8/18/1959,1000,27,93.54824528,BN,OMR,Interior
Contra Costa PP Number 01,10/7/1999,892,27,85.55971154,W,OMR,Interior
Contra Costa PP Number 01,2/24/1992,793,27,66.71267132,C,OMR,Interior
Clifton Court Intake,6/27/1990,786,27,84.4854239,C,OMR,Interior
Contra Costa PP Number 01,1/17/1995,709,27,46.35508675,W,OMR,Interior
Contra Costa PP Number 01,4/10/1995,635,27,50.51772825,W,OMR,Interior
Middle River at Bacon Island Bridge,11/13/1990,625,27,93.89378554,D,OMR,Interior
Middle River @ Union Point - P10A,3/2/2009,583,27,65.57301543,D,OMR,Interior
Contra Costa PP Number 01,4/4/2005,499,27,55.79737907,AN,OMR,Interior
Contra Costa PP Number 01,1/6/1998,920,26.6,80.42409534,W,OMR,Interior
Contra Costa PP Number 01,1/4/2000,1186,26,80.55744457,AN,OMR,Interior
Old River South of Rock Slough (St 5A),12/3/1987,1000,26,94.23731184,D,OMR,Interior
Contra Costa PP Number 01,2/6/2001,943,26,82.30525912,D,OMR,Interior
Clifton Court Intake,12/11/1991,810,26,94.35994762,C,OMR,Interior
Middle River @ Union Point - P10A,2/3/2014,774,26,93.92384943,C,OMR,Interior
Contra Costa PP Number 01,4/1/2003,663,26,69.81194277,AN,OMR,Interior
Middle River @ Union Point - P10A,2/3/2009,633,26,84.30493265,D,OMR,Interior
Contra Costa PP Number 01,3/3/2003,591,26,60.574921,AN,OMR,Interior
Middle River @ Union Point - P10A,5/4/2015,568,26,94.17154572,C,OMR,Interior
Clifton Court Intake,2/25/1992,554,26,65.86224313,C,OMR,Interior
Contra Costa PP Number 01,2/6/1995,533,26,48.45038827,W,OMR,Interior
Old River South of Rock Slough (St 5A),2/20/1979,517,26,61.16117032,BN,OMR,Interior
Middle River @ Union Point - P10A,4/8/2008,492,26,78.37516679,C,OMR,Interior
Middle River at Bacon Island Bridge,2/17/1994,482,26,75.37363149,C,OMR,Interior
Middle River at Bacon Island Bridge,3/9/1993,471,26,59.04059358,AN,OMR,Interior
Old River near Rock Slough,7/21/1959,1320,25,95.92495125,BN,OMR,Interior
Middle River @ Union Point - P10A,2/2/2010,536,25,54.29400396,BN,OMR,Interior
Clifton Court Intake,5/21/1991,527,25,91.14886705,C,OMR,Interior
Middle River @ Union Point - P10A,5/6/2008,503,25,81.24308533,C,OMR,Interior
Middle River at Bacon Island Bridge,5/19/1994,499,25,76.51544974,C,OMR,Interior
Middle River @ Union Point - P10A,3/5/2007,485,25,58.91442023,D,OMR,Interior
Middle River at Bacon Island Bridge,4/8/1993,465,25,54.30864006,AN,OMR,Interior
Middle River @ Union Point - P10A,4/6/2010,441,25,68.63765096,BN,OMR,Interior
Middle River at Bacon Island Bridge,3/25/1993,416,25,54.90975845,AN,OMR,Interior
Old River near Rock Slough,8/4/1959,1580,24,91.1135463,BN,OMR,Interior
Contra Costa PP Number 01,11/6/2007,1048,24,89.58054651,W,OMR,Interior
Contra Costa PP Number 01,1/8/2001,1030,24,94.68792213,D,OMR,Interior
Clifton Court Intake,2/27/1991,840,24,95.15255136,C,OMR,Interior
Clifton Court Intake,1/31/1991,731,24,94.0793962,C,OMR,Interior
Middle River @ Union Point - P10A,6/1/2015,697,24,93.2549537,C,OMR,Interior
Contra Costa PP Number 01,1/13/1993,633,24,64.09402935,AN,OMR,Interior
Middle River at Bacon Island Bridge,11/27/1990,618,24,93.19458317,D,OMR,Interior
Middle River at Bacon Island Bridge,1/7/1992,519,24,93.01508883,C,OMR,Interior
Clifton Court Intake,6/27/1984,472,24,78.52956136,W,OMR,Interior
Contra Costa PP Number 01,1/6/1999,459,24,64.63920091,W,OMR,Interior
Clifton Court Intake,5/13/1993,456,24,61.911538,AN,OMR,Interior
Middle River at Bacon Island Bridge,4/20/1994,441,24,78.884997,C,OMR,Interior
Middle River at Bacon Island Bridge,4/21/1993,440,24,62.38347365,AN,OMR,Interior
Clifton Court Intake,3/24/1994,437,24,72.52425966,C,OMR,Interior
Old River South of Rock Slough (St 5A),11/15/1983,427,24,59.86273225,W,OMR,Interior
Middle River at Bacon Island Bridge,1/13/1993,423,24,64.09402935,AN,OMR,Interior
Middle River @ Union Point - P10A,2/3/2015,415,24,87.92593622,C,OMR,Interior
Middle River @ Union Point - P10A,3/2/2015,406,24,78.10690622,C,OMR,Interior
Rock Slough @ Old River,2/25/1991,1080,23,94.18554964,C,OMR,Interior
Old River North of Rock Slough (St 4b),2/25/1991,1080,23,94.18554964,C,OMR,Interior
Rock Slough @ Old River,2/14/1991,1070,23,93.77396204,C,OMR,Interior
Old River South of Rock Slough (St 5A),3/1/1991,1050,23,95.64094598,C,OMR,Interior
Clifton Court Intake,12/11/1990,853,23,93.08539402,C,OMR,Interior
Contra Costa PP Number 01,12/3/2002,850,23,93.0185482,D,OMR,Interior
Middle River at Bacon Island Bridge,12/10/1992,686,23,95.44056579,C,OMR,Interior
Middle River at Bacon Island Bridge,2/26/1991,610,23,94.34149831,C,OMR,Interior
Middle River @ Union Point - P10A,1/6/2009,589,23,86.18470086,D,OMR,Interior
Middle River at Bacon Island Bridge,10/24/1990,585,23,94.04183083,D,OMR,Interior
Contra Costa PP Number 01,4/4/1996,554,23,58.29157662,W,OMR,Interior
Contra Costa PP Number 01,5/2/1996,516,23,66.95278638,W,OMR,Interior
Contra Costa PP Number 01,2/6/2006,491,23,52.81827396,W,OMR,Interior
Middle River @ Union Point - P10A,1/5/2015,470,23,71.50190239,C,OMR,Interior
Old River South of Rock Slough (St 5A),2/5/1979,468,23,64.2815478,BN,OMR,Interior
Middle River @ Union Point - P10A,5/3/2016,461,23,75.47029728,BN,OMR,Interior
Middle River at Bacon Island Bridge,5/7/1992,456,23,90.34949329,C,OMR,Interior
Middle River @ Union Point - P10A,6/2/2008,435,23,81.73068377,C,OMR,Interior
Middle River @ Union Point - P10A,4/6/2015,419,23,88.0123047,C,OMR,Interior
Middle River @ Union Point - P10A,3/4/2008,374,23,66.16351777,C,OMR,Interior
Old River near Rock Slough,8/4/1959,1380,22,91.1135463,BN,OMR,Interior
Rock Slough @ Old River,12/12/1990,1100,22,93.02603777,C,OMR,Interior
Old River North of Rock Slough (St 4b),2/14/1991,1090,22,93.77396204,C,OMR,Interior
Old River South of Rock Slough (St 5A),2/1/1991,881,22,94.15033685,C,OMR,Interior
Contra Costa PP Number 01,2/3/2009,794,22,84.30493265,D,OMR,Interior
Old River near Rock Slough,7/7/1959,749,22,94.29889644,BN,OMR,Interior
Clifton Court Intake,11/19/1992,737,22,93.66767375,C,OMR,Interior
Clifton Court Intake,6/25/1992,724,22,90.85817896,C,OMR,Interior
Contra Costa PP Number 01,1/8/2002,616,22,54.28372948,D,OMR,Interior
Middle River at Bacon Island Bridge,11/19/1992,607,22,93.66767375,C,OMR,Interior
Clifton Court Intake,6/4/1992,569,22,92.61021102,C,OMR,Interior
Middle River at Bacon Island Bridge,2/13/1991,557,22,94.27904419,C,OMR,Interior
Middle River at Bacon Island Bridge,10/16/1990,542,22,94.0236734,D,OMR,Interior
Middle River at Bacon Island Bridge,12/11/1990,542,22,93.08539402,C,OMR,Interior
Middle River at Bacon Island Bridge,1/29/1991,532,22,94.90599798,C,OMR,Interior
Middle River at Bacon Island Bridge,3/11/1991,514,22,78.62871498,C,OMR,Interior
Contra Costa PP Number 01,3/2/2004,500,22,49.65011755,BN,OMR,Interior
Middle River @ Union Point - P10A,2/3/2016,488,22,59.65346245,BN,OMR,Interior
Middle River at Bacon Island Bridge,3/25/1991,469,22,72.32639176,C,OMR,Interior
Contra Costa PP Number 01,4/8/2008,465,22,78.37516679,C,OMR,Interior
Clifton Court Intake,5/21/1992,463,22,91.77345049,C,OMR,Interior
Middle River @ Union Point - P10A,2/6/2007,460,22,79.89948567,D,OMR,Interior
Middle River at Bacon Island Bridge,5/21/1992,458,22,91.77345049,C,OMR,Interior
Middle River @ Union Point - P10A,2/5/2008,456,22,54.87619201,C,OMR,Interior
Contra Costa PP Number 01,5/5/1999,451,22,57.23000982,W,OMR,Interior
Middle River at Bacon Island Bridge,5/13/1993,411,22,61.911538,AN,OMR,Interior
Middle River @ Union Point - P10A,2/4/2019,411,22,#N/A,W,OMR,Interior
Clifton Court Intake,4/8/1993,400,22,54.30864006,AN,OMR,Interior
Old River North of Rock Slough (St 4b),12/12/1990,1060,21,93.02603777,C,OMR,Interior
Rock Slough @ Old River,6/11/1992,947,21,90.14218042,C,OMR,Interior
Contra Costa PP Number 01,11/17/1992,943,21,94.87189975,C,OMR,Interior
Contra Costa PP Number 01,12/8/1992,933,21,96.70881536,C,OMR,Interior
Contra Costa PP Number 01,11/6/2001,898,21,92.77803114,AN,OMR,Interior
Old River North of Rock Slough (St 4b),1/29/1991,878,21,94.90599798,C,OMR,Interior
Old River South of Rock Slough (St 5A),1/4/1991,860,21,93.20280671,C,OMR,Interior
Rock Slough @ Old River,3/12/1991,859,21,78.72735886,C,OMR,Interior
Contra Costa PP Number 01,1/6/2004,784,21,55.58733795,BN,OMR,Interior
Old River North of Rock Slough (St 4b),3/12/1991,779,21,78.72735886,C,OMR,Interior
Contra Costa PP Number 01,12/3/2001,750,21,82.50576236,D,OMR,Interior
Old River near Rock Slough,7/7/1959,716,21,94.29889644,BN,OMR,Interior
Clifton Court Intake,10/23/1990,710,21,94.64630634,D,OMR,Interior
Clifton Court Intake,11/13/1990,689,21,93.89378554,D,OMR,Interior
Middle River @ Union Point - P10A,7/6/2015,667,21,95.81957478,C,OMR,Interior
Contra Costa PP Number 01,12/2/2008,574,21,92.75840841,C,OMR,Interior
Middle River @ Union Point - P10A,1/9/2019,543,21,#N/A,W,OMR,Interior
Middle River at Bacon Island Bridge,1/2/1991,536,21,93.51732212,C,OMR,Interior
Middle River at Bacon Island Bridge,6/9/1992,535,21,88.84783983,C,OMR,Interior
Middle River at Bacon Island Bridge,1/15/1991,501,21,92.72130445,C,OMR,Interior
Middle River @ Union Point - P10A,5/5/2014,483,21,87.63000727,C,OMR,Interior
Middle River at Bacon Island Bridge,10/10/1990,481,21,93.96433834,D,OMR,Interior
Middle River @ Union Point - P10A,4/7/2014,459,21,75.44547873,C,OMR,Interior
Clifton Court Intake,6/22/1994,450,21,89.49535368,C,OMR,Interior
Contra Costa PP Number 01,4/3/2006,428,21,47.97842568,W,OMR,Interior
Contra Costa PP Number 01,5/26/1994,427,21,79.98947042,C,OMR,Interior
Clifton Court Intake,2/17/1994,415,21,75.37363149,C,OMR,Interior
Contra Costa PP Number 01,5/12/1993,410,21,63.16142825,AN,OMR,Interior
Old River South of Rock Slough (St 5A),4/9/1979,409,21,64.68168078,BN,OMR,Interior
Contra Costa PP Number 01,2/7/2005,379,21,66.68285541,AN,OMR,Interior
Middle River at Bacon Island Bridge,1/26/1993,373,21,53.01541285,AN,OMR,Interior
Middle River at Bacon Island Bridge,4/22/1992,335,21,77.19407905,C,OMR,Interior
Contra Costa PP Number 01,11/5/1997,948,20.7,91.80829068,W,OMR,Interior
Rock Slough @ Old River,12/19/1991,967,20,95.49778406,C,OMR,Interior
Rock Slough @ Old River,10/24/1990,960,20,94.04183083,D,OMR,Interior
Old River North of Rock Slough (St 4b),11/28/1990,959,20,92.60675328,D,OMR,Interior
Old River North of Rock Slough (St 4b),12/19/1991,950,20,95.49778406,C,OMR,Interior
Old River North of Rock Slough (St 4b),6/11/1992,934,20,90.14218042,C,OMR,Interior
Old River North of Rock Slough (St 4b),10/24/1990,921,20,94.04183083,D,OMR,Interior
Rock Slough @ Old River,1/2/1991,907,20,93.51732212,C,OMR,Interior
Contra Costa PP Number 01,10/7/1992,900,20,92.45317986,C,OMR,Interior
Contra Costa PP Number 01,6/23/1992,885,20,92.2794422,C,OMR,Interior
Old River North of Rock Slough (St 4b),1/2/1991,880,20,93.51732212,C,OMR,Interior
Contra Costa PP Number 01,11/5/2002,874,20,91.73476989,D,OMR,Interior
Rock Slough @ Old River,1/16/1991,862,20,92.74078739,C,OMR,Interior
Old River North of Rock Slough (St 4b),1/16/1991,861,20,92.74078739,C,OMR,Interior
Contra Costa PP Number 01,9/4/2002,854,20,88.12309273,D,OMR,Interior
Contra Costa PP Number 01,12/13/1994,814,20,82.54298007,C,OMR,Interior
Contra Costa PP Number 01,1/23/1992,732,20,92.69366513,C,OMR,Interior
Middle River @ Union Point - P10A,12/7/2015,710,20,94.9140377,C,OMR,Interior
Old River South of Rock Slough (St 5A),1/6/1988,669,20,87.58232555,C,OMR,Interior
Contra Costa PP Number 01,1/3/2005,640,20,63.06546569,AN,OMR,Interior
Middle River at Bacon Island Bridge,12/11/1991,609,20,94.35994762,C,OMR,Interior
Middle River @ Union Point - P10A,1/4/2016,601,20,89.47617765,BN,OMR,Interior
Contra Costa PP Number 01,12/6/2004,579,20,88.99645057,BN,OMR,Interior
Clifton Court Intake,3/27/1991,548,20,71.68911216,C,OMR,Interior
Middle River at Bacon Island Bridge,11/21/1991,547,20,93.42904814,C,OMR,Interior
Middle River @ Union Point - P10A,1/3/2008,544,20,83.34570353,C,OMR,Interior
Old River South of Rock Slough (St 5A),3/1/1988,540,20,91.84800955,C,OMR,Interior
Middle River @ Union Point - P10A,1/5/2010,466,20,86.26711441,BN,OMR,Interior
Middle River at Bacon Island Bridge,10/20/1994,464,20,92.73586707,AN,OMR,Interior
Middle River at Bacon Island Bridge,1/23/1992,455,20,92.69366513,C,OMR,Interior
Middle River @ Union Point - P10A,11/6/2007,427,20,89.58054651,W,OMR,Interior
Old River South of Rock Slough (St 5A),4/2/1979,417,20,56.30420023,BN,OMR,Interior
Contra Costa PP Number 01,5/6/2008,415,20,81.24308533,C,OMR,Interior
Middle River @ Union Point - P10A,6/4/2007,399,20,80.25338455,D,OMR,Interior
Contra Costa PP Number 01,2/8/1996,397,20,47.52751567,W,OMR,Interior
Rock Slough @ Old River,5/19/1994,395,20,76.51544974,C,OMR,Interior
Middle River at Bacon Island Bridge,6/22/1994,389,20,89.49535368,C,OMR,Interior
Contra Costa PP Number 01,2/8/2000,385,20,57.61717763,AN,OMR,Interior
Contra Costa PP Number 01,4/20/1994,375,20,78.884997,C,OMR,Interior
Middle River @ Union Point - P10A,3/7/2011,372,20,56.35666923,W,OMR,Interior
Contra Costa PP Number 01,3/4/2008,361,20,66.16351777,C,OMR,Interior
Old River South of Rock Slough (St 5A),4/3/1981,360,20,60.26052112,D,OMR,Interior
Middle River @ Union Point - P10A,5/5/2009,358,20,73.26168644,D,OMR,Interior
Rock Slough @ Old River,4/20/1994,357,20,78.884997,C,OMR,Interior
Middle River at Bacon Island Bridge,1/19/1994,356,20,80.49647088,C,OMR,Interior
Clifton Court Intake,1/30/1985,348,20,71.87547462,D,OMR,Interior
Clifton Court Intake,8/10/1993,348,20,70.9026113,AN,OMR,Interior
Clifton Court Intake,2/9/1993,345,20,67.78217395,AN,OMR,Interior
Middle River @ Union Point - P10A,3/10/2016,321,20,62.66343249,BN,OMR,Interior
Middle River at Bacon Island Bridge,2/9/1993,320,20,67.78217395,AN,OMR,Interior
Rock Slough @ Old River,3/23/1993,301,20,56.65439542,AN,OMR,Interior
Middle River at Bacon Island Bridge,4/7/1992,297,20,81.84286737,C,OMR,Interior
Contra Costa PP Number 01,12/9/1991,988,19,94.2937316,C,OMR,Interior
Contra Costa PP Number 01,7/22/1992,905,19,92.3938467,C,OMR,Interior
Old River North of Rock Slough (St 4b),10/17/1990,863,19,93.81403956,D,OMR,Interior
Rock Slough @ Old River,10/17/1990,847,19,93.81403956,D,OMR,Interior
Old River North of Rock Slough (St 4b),10/11/1990,836,19,94.23950241,D,OMR,Interior
Old River North of Rock Slough (St 4b),10/31/1990,832,19,92.89347904,D,OMR,Interior
Rock Slough @ Old River,10/31/1990,828,19,92.89347904,D,OMR,Interior
Rock Slough @ Old River,10/11/1990,816,19,94.23950241,D,OMR,Interior
Rock Slough @ Old River,10/20/1992,811,19,94.16017229,C,OMR,Interior
Old River South of Rock Slough (St 5A),3/3/1989,807,19,93.76129389,D,OMR,Interior
Rock Slough @ Old River,1/23/1992,792,19,92.69366513,C,OMR,Interior
Old River North of Rock Slough (St 4b),10/20/1992,766,19,94.16017229,C,OMR,Interior
Contra Costa PP Number 01,11/1/2004,765,19,83.50140273,AN,OMR,Interior
Old River South of Rock Slough (St 5A),4/1/1990,751,19,92.60495482,C,OMR,Interior
Contra Costa PP Number 01,1/2/2007,704,19,80.23657174,D,OMR,Interior
Middle River @ Union Point - P10A,11/2/2015,675,19,93.88533024,C,OMR,Interior
Clifton Court Intake,9/22/1994,667,19,90.04354307,C,OMR,Interior
Clifton Court Intake,5/23/1990,654,19,90.30188297,C,OMR,Interior
Middle River @ Union Point - P10A,8/3/2015,648,19,95.38511805,C,OMR,Interior
Old River North of Rock Slough (St 4b),5/22/1991,613,19,90.63835999,C,OMR,Interior
Clifton Court Intake,6/25/1991,607,19,93.04612539,C,OMR,Interior
Middle River @ Union Point - P10A,1/6/2014,601,19,92.33233742,C,OMR,Interior
Rock Slough @ Old River,5/22/1991,596,19,90.63835999,C,OMR,Interior
Rock Slough @ Old River,3/26/1991,567,19,72.01442228,C,OMR,Interior
Middle River at Bacon Island Bridge,6/25/1992,564,19,90.85817896,C,OMR,Interior
Contra Costa PP Number 01,5/21/1991,537,19,91.14886705,C,OMR,Interior
Middle River at Bacon Island Bridge,10/19/1992,534,19,94.57151352,C,OMR,Interior
Middle River at Bacon Island Bridge,10/7/1992,522,19,92.45317986,C,OMR,Interior
Middle River @ Union Point - P10A,12/2/2008,511,19,92.75840841,C,OMR,Interior
Contra Costa PP Number 01,5/19/1992,451,19,92.35936602,C,OMR,Interior
Middle River @ Union Point - P10A,11/3/2008,443,19,93.02142734,D,OMR,Interior
Middle River at Bacon Island Bridge,10/2/1990,437,19,92.40360011,D,OMR,Interior
Contra Costa PP Number 01,3/24/1992,421,19,67.98576989,C,OMR,Interior
Middle River @ Union Point - P10A,2/5/2018,402,19,74.06112596,BN,OMR,Interior
Middle River @ Union Point - P10A,5/4/2010,400,19,57.05251942,BN,OMR,Interior
Contra Costa PP Number 01,2/5/2002,385,19,70.70857903,D,OMR,Interior
Clifton Court Intake,1/19/1994,367,19,80.49647088,C,OMR,Interior
Contra Costa PP Number 01,5/13/1997,363,19,71.63203277,W,OMR,Interior
Contra Costa PP Number 01,2/10/1993,361,19,66.22571537,AN,OMR,Interior
Middle River at Bacon Island Bridge,5/21/1991,359,19,91.14886705,C,OMR,Interior
Old River South of Rock Slough (St 5A),5/12/1980,358,19,65.43895548,AN,OMR,Interior
Contra Costa PP Number 01,2/3/1999,352,19,51.6298188,W,OMR,Interior
Old River North of Rock Slough (St 4b),4/20/1994,348,19,78.884997,C,OMR,Interior
Contra Costa PP Number 01,5/3/2005,346,19,60.83995013,AN,OMR,Interior
Contra Costa PP Number 01,4/4/2001,341,19,72.87905364,D,OMR,Interior
Middle River @ Union Point - P10A,2/7/2011,334,19,64.18410148,W,OMR,Interior
Middle River @ Union Point - P10A,4/7/2016,328,19,66.37589317,BN,OMR,Interior
Rock Slough @ Old River,3/24/1994,328,19,72.52425966,C,OMR,Interior
Old River near Rock Slough,6/19/1959,327,19,91.43818578,BN,OMR,Interior
Contra Costa PP Number 01,3/13/1995,322,19,37.53111646,W,OMR,Interior
Old River near Rock Slough,6/19/1959,318,19,91.43818578,BN,OMR,Interior
Rock Slough @ Old River,1/27/1993,294,19,54.16889291,AN,OMR,Interior
Rock Slough @ Old River,2/18/1993,290,19,59.5796831,AN,OMR,Interior
Old River North of Rock Slough (St 4b),3/23/1993,288,19,56.65439542,AN,OMR,Interior
Old River South of Rock Slough (St 5A),11/18/1985,992,18,93.20373275,W,OMR,Interior
Rock Slough @ Old River,9/22/1994,988,18,90.04354307,C,OMR,Interior
Old River near Rock Slough,8/18/1959,937,18,93.54824528,BN,OMR,Interior
Contra Costa PP Number 01,9/20/1994,935,18,92.37559029,C,OMR,Interior
Old River North of Rock Slough (St 4b),9/3/1992,930,18,90.77667797,C,OMR,Interior
Old River North of Rock Slough (St 4b),7/22/1992,909,18,92.3938467,C,OMR,Interior
Old River North of Rock Slough (St 4b),4/25/1990,905,18,87.22990049,C,OMR,Interior
Contra Costa PP Number 01,8/19/1992,904,18,92.0935494,C,OMR,Interior
Rock Slough @ Old River,7/22/1992,899,18,92.3938467,C,OMR,Interior
Contra Costa PP Number 01,9/22/1992,882,18,92.38888101,C,OMR,Interior
Rock Slough @ Old River,8/6/1992,878,18,92.5804813,C,OMR,Interior
Contra Costa PP Number 01,10/1/2008,870,18,88.30977329,D,OMR,Interior
Rock Slough @ Old River,4/25/1990,864,18,87.22990049,C,OMR,Interior
Old River North of Rock Slough (St 4b),11/14/1990,859,18,93.90716742,D,OMR,Interior
Rock Slough @ Old River,10/7/1992,849,18,92.45317986,C,OMR,Interior
Rock Slough @ Old River,11/14/1990,848,18,93.90716742,D,OMR,Interior
Old River North of Rock Slough (St 4b),8/6/1992,840,18,92.5804813,C,OMR,Interior
Contra Costa PP Number 01,11/19/1991,836,18,93.6335894,C,OMR,Interior
Rock Slough @ Old River,7/9/1992,812,18,91.63677332,C,OMR,Interior
Old River North of Rock Slough (St 4b),7/9/1992,795,18,91.63677332,C,OMR,Interior
Contra Costa PP Number 01,9/2/2008,744,18,88.7732302,C,OMR,Interior
Contra Costa PP Number 01,10/6/2004,730,18,80.20091081,AN,OMR,Interior
Old River North of Rock Slough (St 4b),6/13/1991,719,18,92.96709129,C,OMR,Interior
Rock Slough @ Old River,6/13/1991,713,18,92.96709129,C,OMR,Interior
Contra Costa PP Number 01,6/24/1991,705,18,92.83977948,C,OMR,Interior
Contra Costa PP Number 01,1/3/2006,703,18,0,W,OMR,Interior
Clifton Court Intake,11/21/1991,688,18,93.42904814,C,OMR,Interior
Contra Costa PP Number 01,11/7/2000,668,18,84.3926938,W,OMR,Interior
Contra Costa PP Number 01,8/5/2002,665,18,83.27712196,D,OMR,Interior
Contra Costa PP Number 01,12/5/2005,660,18,82.80590189,AN,OMR,Interior
Old River near Rock Slough,9/2/1959,644,18,91.96611223,BN,OMR,Interior
Old River near Rock Slough,9/2/1959,621,18,91.96611223,BN,OMR,Interior
Rock Slough @ Old River,10/1/1990,618,18,91.47315676,D,OMR,Interior
Middle River @ Union Point - P10A,10/5/2015,616,18,94.93479848,C,OMR,Interior
Middle River @ Union Point - P10A,11/3/2014,613,18,92.39401068,D,OMR,Interior
Rock Slough @ Old River,2/23/1990,598,18,83.08252588,C,OMR,Interior
Middle River at Bacon Island Bridge,8/4/1992,571,18,93.425676,C,OMR,Interior
Old River North of Rock Slough (St 4b),3/26/1991,549,18,72.01442228,C,OMR,Interior
Middle River @ Union Point - P10A,12/1/2014,542,18,93.6049299,C,OMR,Interior
Middle River @ Union Point - P10A,7/7/2014,541,18,90.2187572,C,OMR,Interior
Old River South of Rock Slough (St 5A),6/28/1988,533,18,88.84197167,C,OMR,Interior
Clifton Court Intake,7/23/1991,528,18,91.47785985,C,OMR,Interior
Middle River at Bacon Island Bridge,7/22/1992,527,18,92.3938467,C,OMR,Interior
Clifton Court Intake,2/14/1990,515,18,84.5852336,C,OMR,Interior
Old River North of Rock Slough (St 4b),6/28/1988,512,18,88.84197167,C,OMR,Interior
Middle River @ Union Point - P10A,12/2/2013,507,18,93.39492499,D,OMR,Interior
Middle River @ Union Point - P10A,1/2/2007,490,18,80.23657174,D,OMR,Interior
Clifton Court Intake,2/21/1990,472,18,80.12996718,C,OMR,Interior
Middle River at Bacon Island Bridge,6/11/1991,468,18,92.37007644,C,OMR,Interior
Middle River @ Union Point - P10A,11/4/2013,463,18,90.34617646,BN,OMR,Interior
Contra Costa PP Number 01,2/5/2008,462,18,54.87619201,C,OMR,Interior
Middle River @ Union Point - P10A,10/1/2008,461,18,88.30977329,D,OMR,Interior
Middle River at Bacon Island Bridge,8/6/1990,458,18,86.53798294,C,OMR,Interior
Middle River at Bacon Island Bridge,9/24/1992,458,18,92.85385013,C,OMR,Interior
Contra Costa PP Number 01,2/6/2007,456,18,79.89948567,D,OMR,Interior
Middle River @ Union Point - P10A,6/2/2014,436,18,93.56618111,C,OMR,Interior
Contra Costa PP Number 01,1/9/1997,427,18,31.8495819,W,OMR,Interior
Old River South of Rock Slough (St 5A),12/3/1981,423,18,52.53667998,D,OMR,Interior
Middle River @ Union Point - P10A,10/6/2009,411,18,87.99178837,C,OMR,Interior
Contra Costa PP Number 01,6/16/1994,407,18,86.55672415,C,OMR,Interior
Contra Costa PP Number 01,4/4/2000,391,18,70.46558651,AN,OMR,Interior
Contra Costa PP Number 01,2/9/1994,388,18,80.94524586,C,OMR,Interior
Contra Costa PP Number 01,5/2/2000,381,18,63.70366373,AN,OMR,Interior
Rock Slough @ Old River,2/17/1994,370,18,75.37363149,C,OMR,Interior
Middle River at Bacon Island Bridge,9/24/1990,368,18,90.82305445,C,OMR,Interior
Contra Costa PP Number 01,6/2/2008,366,18,81.73068377,C,OMR,Interior
Contra Costa PP Number 01,4/22/1992,362,18,77.19407905,C,OMR,Interior
Old River South of Rock Slough (St 5A),4/16/1982,348,18,0,W,OMR,Interior
Middle River @ Union Point - P10A,5/2/2007,346,18,74.44600721,D,OMR,Interior
Old River near Rock Slough,10/30/1959,345,18,83.58656463,W,OMR,Interior
Middle River @ Union Point - P10A,12/5/2006,341,18,88.65054031,W,OMR,Interior
Middle River @ Union Point - P10A,1/9/2017,338,18,56.18463132,W,OMR,Interior
Middle River at Bacon Island Bridge,6/10/1993,337,18,57.844797,AN,OMR,Interior
Rock Slough @ Old River,5/5/1992,337,18,86.61933596,C,OMR,Interior
Middle River @ Union Point - P10A,6/2/2009,336,18,74.90839371,D,OMR,Interior
Old River South of Rock Slough (St 5A),2/17/1983,336,18,0,W,OMR,Interior
Rock Slough @ Old River,4/8/1992,334,18,79.86326901,C,OMR,Interior
Rock Slough @ Old River,4/22/1992,330,18,77.19407905,C,OMR,Interior
Old River North of Rock Slough (St 4b),4/8/1992,327,18,79.86326901,C,OMR,Interior
Old River South of Rock Slough (St 5A),2/3/1981,325,18,59.47117587,D,OMR,Interior
Clifton Court Intake,3/26/1992,321,18,68.43776556,C,OMR,Interior
Middle River @ Union Point - P10A,4/2/2007,318,18,72.02877378,D,OMR,Interior
Middle River @ Union Point - P10A,7/1/2008,318,18,84.87243383,C,OMR,Interior
Rock Slough @ Old River,3/11/1992,318,18,67.72093556,C,OMR,Interior
Old River South of Rock Slough (St 5A),5/5/1980,318,18,64.64696862,AN,OMR,Interior
Contra Costa PP Number 01,3/5/2007,315,18,58.91442023,D,OMR,Interior
Middle River @ Union Point - P10A,4/7/2009,314,18,75.36176628,D,OMR,Interior
Old River South of Rock Slough (St 5A),4/21/1980,304,18,62.47778168,AN,OMR,Interior
Old River North of Rock Slough (St 4b),1/27/1993,302,18,54.16889291,AN,OMR,Interior
Old River South of Rock Slough (St 5A),2/22/1982,295,18,0,W,OMR,Interior
Middle River at Bacon Island Bridge,4/23/1991,294,18,85.01362795,C,OMR,Interior
Old River South of Rock Slough (St 5A),3/20/1981,294,18,75.19545039,D,OMR,Interior
Middle River at Bacon Island Bridge,3/26/1992,290,18,68.43776556,C,OMR,Interior
Rock Slough @ Old River,9/24/1986,285,18,76.64482557,W,OMR,Interior
Rock Slough @ Old River,1/30/1985,284,18,71.87547462,D,OMR,Interior
Old River South of Rock Slough (St 5A),2/5/1982,275,18,58.92308216,W,OMR,Interior
Contra Costa PP Number 01,10/7/1997,640,17.8,90.04861349,W,OMR,Interior
Rock Slough @ Old River,9/3/1992,933,17,90.77667797,C,OMR,Interior
Contra Costa PP Number 01,10/2/2007,928,17,87.02852586,W,OMR,Interior
Old River North of Rock Slough (St 4b),8/19/1992,915,17,92.0935494,C,OMR,Interior
Rock Slough @ Old River,8/19/1992,901,17,92.0935494,C,OMR,Interior
Old River North of Rock Slough (St 4b),10/7/1992,835,17,92.45317986,C,OMR,Interior
Old River South of Rock Slough (St 5A),9/18/1981,758,17,85.78904211,D,OMR,Interior
Clifton Court Intake,9/24/1992,717,17,92.85385013,C,OMR,Interior
Old River South of Rock Slough (St 5A),2/2/1990,711,17,83.0339583,C,OMR,Interior
Rock Slough @ Old River,6/26/1991,647,17,92.70986559,C,OMR,Interior
Contra Costa PP Number 01,11/3/2008,642,17,93.02142734,D,OMR,Interior
Old River North of Rock Slough (St 4b),6/26/1991,639,17,92.70986559,C,OMR,Interior
Contra Costa PP Number 01,10/2/1990,625,17,92.40360011,D,OMR,Interior
Old River North of Rock Slough (St 4b),10/1/1990,613,17,91.47315676,D,OMR,Interior
Middle River @ Union Point - P10A,9/9/2015,581,17,94.75346141,C,OMR,Interior
Rock Slough @ Old River,3/20/1990,548,17,85.09103604,C,OMR,Interior
Old River South of Rock Slough (St 5A),11/10/1981,545,17,88.94945498,AN,OMR,Interior
Middle River @ Union Point - P10A,10/6/2014,503,17,94.77701545,D,OMR,Interior
Middle River @ Union Point - P10A,8/4/2014,490,17,88.73599436,C,OMR,Interior
Old River South of Rock Slough (St 5A),6/1/1987,458,17,84.03896739,D,OMR,Interior
Middle River @ Union Point - P10A,1/8/2018,456,17,84.74492337,BN,OMR,Interior
Middle River at Bacon Island Bridge,6/28/1991,451,17,91.92518677,C,OMR,Interior
Old River South of Rock Slough (St 5A),11/24/1981,451,17,65.98476899,AN,OMR,Interior
Rock Slough @ Old River,6/22/1994,450,17,89.49535368,C,OMR,Interior
Clifton Court Intake,3/20/1990,404,17,85.09103604,C,OMR,Interior
Middle River at Bacon Island Bridge,10/8/1991,398,17,88.19157893,C,OMR,Interior
Middle River @ Union Point - P10A,4/9/2018,358,17,54.04390508,BN,OMR,Interior
Middle River @ Union Point - P10A,5/7/2018,352,17,64.92049336,BN,OMR,Interior
Contra Costa PP Number 01,5/6/2002,350,17,71.01564345,D,OMR,Interior
Old River South of Rock Slough (St 5A),3/21/1983,338,17,0,W,OMR,Interior
Old River North of Rock Slough (St 4b),5/5/1992,331,17,86.61933596,C,OMR,Interior
Contra Costa PP Number 01,5/6/2003,330,17,51.50084909,AN,OMR,Interior
Middle River at Bacon Island Bridge,7/9/1990,330,17,87.6328401,C,OMR,Interior
Old River North of Rock Slough (St 4b),4/22/1992,325,17,77.19407905,C,OMR,Interior
Old River North of Rock Slough (St 4b),4/9/1991,320,17,70.47185036,C,OMR,Interior
Middle River at Bacon Island Bridge,1/12/1994,311,17,82.38546939,C,OMR,Interior
Middle River at Bacon Island Bridge,4/9/1991,306,17,70.47185036,C,OMR,Interior
Old River North of Rock Slough (St 4b),3/11/1992,302,17,67.72093556,C,OMR,Interior
Middle River at Bacon Island Bridge,10/14/1993,295,17,84.61138109,C,OMR,Interior
Old River South of Rock Slough (St 5A),2/16/1981,279,17,68.66305851,D,OMR,Interior
Old River South of Rock Slough (St 5A),3/4/1981,263,17,75.67405581,D,OMR,Interior
Old River South of Rock Slough (St 5A),4/16/1985,240,17,77.63759448,D,OMR,Interior
Old River North of Rock Slough (St 4b),1/24/1990,804,16,79.66720736,C,OMR,Interior
Old River South of Rock Slough (St 5A),9/2/1981,793,16,89.4339165,D,OMR,Interior
Contra Costa PP Number 01,12/3/2003,724,16,87.61870823,AN,OMR,Interior
Old River South of Rock Slough (St 5A),8/29/1979,717,16,84.68527652,BN,OMR,Interior
Contra Costa PP Number 01,12/5/1996,688,16,78.03491703,W,OMR,Interior
Contra Costa PP Number 01,11/4/2003,673,16,88.40480968,D,OMR,Interior
Rock Slough @ Old River,5/23/1990,660,16,90.30188297,C,OMR,Interior
Old River North of Rock Slough (St 4b),7/10/1991,648,16,92.07471565,C,OMR,Interior
Contra Costa PP Number 01,11/17/1993,647,16,88.13138401,C,OMR,Interior
Rock Slough @ Old River,7/10/1991,630,16,92.07471565,C,OMR,Interior
Old River South of Rock Slough (St 5A),12/17/1985,605,16,77.70271234,D,OMR,Interior
Rock Slough @ Old River,9/25/1990,583,16,91.8739207,C,OMR,Interior
Old River North of Rock Slough (St 4b),9/25/1990,573,16,91.8739207,C,OMR,Interior
Old River South of Rock Slough (St 5A),8/3/1987,564,16,84.30302728,D,OMR,Interior
Old River South of Rock Slough (St 5A),10/14/1981,557,16,89.11569229,AN,OMR,Interior
Contra Costa PP Number 01,10/3/2000,548,16,87.25802224,W,OMR,Interior
Rock Slough @ Old River,9/17/1990,548,16,85.19881494,C,OMR,Interior
Old River North of Rock Slough (St 4b),9/17/1990,544,16,85.19881494,C,OMR,Interior
Contra Costa PP Number 01,9/8/2004,540,16,83.45154489,BN,OMR,Interior
Clifton Court Intake,4/24/1990,532,16,86.79032173,C,OMR,Interior
Old River South of Rock Slough (St 5A),1/16/1986,530,16,84.02165809,W,OMR,Interior
Old River near Rock Slough,9/15/1959,509,16,84.58759953,BN,OMR,Interior
Old River South of Rock Slough (St 5A),7/7/1987,505,16,85.52687347,D,OMR,Interior
Contra Costa PP Number 01,10/3/2005,504,16,81.90521431,BN,OMR,Interior
Clifton Court Intake,9/24/1990,504,16,90.82305445,C,OMR,Interior
Middle River at Bacon Island Bridge,8/19/1992,484,16,92.0935494,C,OMR,Interior
Contra Costa PP Number 01,1/12/1994,482,16,82.38546939,C,OMR,Interior
Contra Costa PP Number 01,11/7/2005,468,16,89.68142253,BN,OMR,Interior
Middle River at Bacon Island Bridge,9/1/1992,465,16,91.88565434,C,OMR,Interior
Contra Costa PP Number 01,12/5/2006,461,16,88.65054031,W,OMR,Interior
Clifton Court Intake,10/20/1994,451,16,92.73586707,AN,OMR,Interior
Rock Slough @ Old River,7/10/1990,449,16,87.75334412,C,OMR,Interior
Middle River @ Union Point - P10A,10/7/2013,430,16,87.90258861,BN,OMR,Interior
Middle River at Bacon Island Bridge,1/24/1990,420,16,79.66720736,C,OMR,Interior
Middle River at Bacon Island Bridge,7/8/1991,414,16,90.66370954,C,OMR,Interior
Middle River at Bacon Island Bridge,9/22/1994,407,16,90.04354307,C,OMR,Interior
Middle River @ Union Point - P10A,12/7/2016,398,16,83.68530205,BN,OMR,Interior
Middle River @ Union Point - P10A,9/2/2008,387,16,88.7732302,C,OMR,Interior
Middle River at Bacon Island Bridge,10/23/1991,365,16,94.27657666,C,OMR,Interior
Middle River @ Union Point - P10A,11/3/2009,352,16,88.3635176,C,OMR,Interior
Middle River @ Union Point - P10A,12/4/2007,348,16,87.28423839,D,OMR,Interior
Middle River @ Union Point - P10A,10/5/2010,340,16,83.98583932,D,OMR,Interior
Contra Costa PP Number 01,6/6/2001,335,16,80.28545946,D,OMR,Interior
Contra Costa PP Number 01,6/4/2002,330,16,69.35185908,D,OMR,Interior
Middle River at Bacon Island Bridge,9/18/1990,327,16,87.49634818,C,OMR,Interior
Contra Costa PP Number 01,4/8/1999,324,16,57.34361395,W,OMR,Interior
Contra Costa PP Number 01,6/4/2007,324,16,80.25338455,D,OMR,Interior
Rock Slough @ Old River,4/9/1991,323,16,70.47185036,C,OMR,Interior
Contra Costa PP Number 01,2/3/2004,322,16,71.8099759,BN,OMR,Interior
Middle River @ Union Point - P10A,12/1/2009,320,16,92.29828513,D,OMR,Interior
Middle River @ Union Point - P10A,6/7/2016,319,16,82.94141541,BN,OMR,Interior
Contra Costa PP Number 01,3/12/1997,314,16,55.67296976,W,OMR,Interior
Contra Costa PP Number 01,6/8/2004,308,16,86.24729429,BN,OMR,Interior
Contra Costa PP Number 01,1/10/1996,303,16,68.97868863,W,OMR,Interior
Middle River at Bacon Island Bridge,7/16/1990,303,16,85.00509504,C,OMR,Interior
Clifton Court Intake,6/4/1986,303,16,70.7018673,W,OMR,Interior
Middle River @ Union Point - P10A,7/2/2007,303,16,80.94470218,D,OMR,Interior
Old River South of Rock Slough (St 5A),4/8/1980,303,16,56.38489514,AN,OMR,Interior
Clifton Court Intake,6/10/1993,301,16,57.844797,AN,OMR,Interior
Contra Costa PP Number 01,4/2/2002,295,16,71.94484474,D,OMR,Interior
Contra Costa PP Number 01,6/4/2003,293,16,66.71648137,AN,OMR,Interior
Contra Costa PP Number 01,6/2/1999,288,16,67.44761682,W,OMR,Interior
Old River South of Rock Slough (St 5A),4/7/1987,285,16,66.96371811,D,OMR,Interior
Clifton Court Intake,5/7/1986,280,16,66.57784182,W,OMR,Interior
Middle River @ Union Point - P10A,11/7/2006,274,16,88.98570418,AN,OMR,Interior
Old River South of Rock Slough (St 5A),2/21/1985,271,16,68.61311727,D,OMR,Interior
Contra Costa PP Number 01,4/21/1993,265,16,62.38347365,AN,OMR,Interior
Old River South of Rock Slough (St 5A),1/22/1985,264,16,72.39109753,D,OMR,Interior
Contra Costa PP Number 01,4/2/2007,255,16,72.02877378,D,OMR,Interior
Middle River @ Union Point - P10A,10/3/2006,253,16,79.15994988,AN,OMR,Interior
Old River South of Rock Slough (St 5A),1/5/1982,240,16,0,W,OMR,Interior
Middle River at Bacon Island Bridge,7/25/1989,200,16,80.02863026,D,OMR,Interior
Middle River @ Union Point - P10A,3/13/2019,278,15.9,#N/A,W,OMR,Interior
Middle River @ Union Point - P10A,12/3/2018,408,15.6,#N/A,BN,OMR,Interior
Middle River @ Union Point - P10A,10/11/2018,407,15.5,#N/A,W,OMR,Interior
Rock Slough @ Old River,8/25/1994,805,15,90.48799198,C,OMR,Interior
Contra Costa PP Number 01,9/11/1991,782,15,92.53683095,C,OMR,Interior
Rock Slough @ Old River,9/26/1991,741,15,89.13268814,C,OMR,Interior
Old River North of Rock Slough (St 4b),9/26/1991,705,15,89.13268814,C,OMR,Interior
Contra Costa PP Number 01,8/23/1994,703,15,91.93258472,C,OMR,Interior
Contra Costa PP Number 01,8/21/1991,699,15,88.57096592,C,OMR,Interior
Contra Costa PP Number 01,7/20/1994,666,15,90.6143213,C,OMR,Interior
Old River North of Rock Slough (St 4b),10/23/1991,665,15,94.27657666,C,OMR,Interior
Old River South of Rock Slough (St 5A),10/22/1985,639,15,91.1066811,W,OMR,Interior
Rock Slough @ Old River,10/23/1991,637,15,94.27657666,C,OMR,Interior
Rock Slough @ Old River,10/20/1994,636,15,92.73586707,AN,OMR,Interior
Rock Slough @ Old River,8/7/1990,635,15,84.4251127,C,OMR,Interior
Contra Costa PP Number 01,10/7/2003,604,15,88.64679121,D,OMR,Interior
Clifton Court Intake,8/25/1994,597,15,90.48799198,C,OMR,Interior
Rock Slough @ Old River,7/24/1991,596,15,92.78926842,C,OMR,Interior
Old River North of Rock Slough (St 4b),7/24/1991,595,15,92.78926842,C,OMR,Interior
Old River North of Rock Slough (St 4b),8/7/1990,595,15,84.4251127,C,OMR,Interior
Old River South of Rock Slough (St 5A),8/13/1979,592,15,83.32246149,BN,OMR,Interior
Contra Costa PP Number 01,10/23/1991,585,15,94.27657666,C,OMR,Interior
Contra Costa PP Number 01,12/16/1993,566,15,82.70555681,AN,OMR,Interior
Rock Slough @ Old River,10/10/1991,554,15,88.47167384,C,OMR,Interior
Old River North of Rock Slough (St 4b),9/11/1990,527,15,86.1336185,C,OMR,Interior
Rock Slough @ Old River,9/11/1990,510,15,86.1336185,C,OMR,Interior
Contra Costa PP Number 01,11/7/1996,495,15,84.27562766,W,OMR,Interior
Clifton Court Intake,12/15/1993,490,15,84.34978841,AN,OMR,Interior
Old River near Rock Slough,9/15/1959,486,15,84.58759953,BN,OMR,Interior
Clifton Court Intake,9/10/1991,469,15,92.73110822,C,OMR,Interior
Contra Costa PP Number 01,10/20/1993,458,15,84.89979461,C,OMR,Interior
Clifton Court Intake,7/25/1990,457,15,87.85147172,C,OMR,Interior
Middle River @ Union Point - P10A,9/2/2014,452,15,90.3346038,C,OMR,Interior
Old River North of Rock Slough (St 4b),7/16/1990,450,15,85.00509504,C,OMR,Interior
Rock Slough @ Old River,7/16/1990,441,15,85.00509504,C,OMR,Interior
Contra Costa PP Number 01,7/7/2004,430,15,83.05294294,BN,OMR,Interior
Contra Costa PP Number 01,9/6/2005,418,15,83.07162013,AN,OMR,Interior
Middle River at Bacon Island Bridge,8/5/1991,415,15,91.32485805,C,OMR,Interior
Old River North of Rock Slough (St 4b),7/10/1990,408,15,87.75334412,C,OMR,Interior
Middle River at Bacon Island Bridge,7/24/1991,404,15,92.78926842,C,OMR,Interior
Old River near Rock Slough,10/1/1959,396,15,78.11676896,W,OMR,Interior
Middle River @ Union Point - P10A,10/4/2016,387,15,86.5637221,C,OMR,Interior
Contra Costa PP Number 01,10/5/1993,368,15,83.89162437,C,OMR,Interior
Middle River at Bacon Island Bridge,7/20/1994,365,15,90.6143213,C,OMR,Interior
Middle River at Bacon Island Bridge,9/24/1991,365,15,90.17385402,C,OMR,Interior
Middle River @ Union Point - P10A,11/5/2018,362,15,#N/A,W,OMR,Interior
Middle River @ Union Point - P10A,11/7/2016,353,15,87.41045331,C,OMR,Interior
Old River near Rock Slough,10/1/1959,352,15,78.11676896,W,OMR,Interior
Middle River @ Union Point - P10A,9/9/2009,345,15,84.37552482,D,OMR,Interior
Rock Slough @ Old River,1/12/1994,341,15,82.38546939,C,OMR,Interior
Old River North of Rock Slough (St 4b),1/12/1994,337,15,82.38546939,C,OMR,Interior
Middle River @ Union Point - P10A,10/2/2007,335,15,87.02852586,W,OMR,Interior
Middle River @ Union Point - P10A,11/3/2010,334,15,84.63274041,D,OMR,Interior
Contra Costa PP Number 01,5/10/1995,307,15,49.34111805,W,OMR,Interior
Clifton Court Intake,3/4/1986,306,15,0,W,OMR,Interior
Middle River at Bacon Island Bridge,12/15/1993,305,15,84.34978841,AN,OMR,Interior
Middle River @ Union Point - P10A,8/5/2008,304,15,88.35573476,C,OMR,Interior
Middle River at Bacon Island Bridge,9/10/1990,302,15,83.68375569,C,OMR,Interior
Contra Costa PP Number 01,6/4/1997,294,15,78.50514499,W,OMR,Interior
Contra Costa PP Number 01,12/2/1998,289,15,64.89739823,W,OMR,Interior
Contra Costa PP Number 01,7/1/2008,287,15,84.87243383,C,OMR,Interior
Middle River at Bacon Island Bridge,10/20/1993,287,15,84.89979461,C,OMR,Interior
Clifton Court Intake,10/14/1993,287,15,84.61138109,C,OMR,Interior
Old River South of Rock Slough (St 5A),5/4/1987,284,15,81.35372487,D,OMR,Interior
Old River near Rock Slough,10/30/1959,281,15,83.58656463,W,OMR,Interior
Old River South of Rock Slough (St 5A),1/20/1983,281,15,63.15136317,W,OMR,Interior
Old River South of Rock Slough (St 5A),5/19/1980,277,15,62.05980719,AN,OMR,Interior
Middle River at Bacon Island Bridge,9/21/1993,275,15,80.87356521,AN,OMR,Interior
Contra Costa PP Number 01,4/10/1997,272,15,73.77999403,W,OMR,Interior
Contra Costa PP Number 01,10/3/2006,272,15,79.15994988,AN,OMR,Interior
Old River South of Rock Slough (St 5A),3/15/1985,266,15,71.66117266,D,OMR,Interior
Middle River @ Union Point - P10A,8/2/2006,261,15,78.28975195,W,OMR,Interior
Middle River @ Union Point - P10A,2/6/2017,258,15,50.46962633,W,OMR,Interior
Old River South of Rock Slough (St 5A),12/18/1981,254,15,56.1313435,D,OMR,Interior
Middle River @ Union Point - P10A,4/4/2011,247,15,0,W,OMR,Interior
Middle River @ Union Point - P10A,12/4/2017,246,15,83.87250454,W,OMR,Interior
Contra Costa PP Number 01,4/6/2004,238,15,69.18983307,BN,OMR,Interior
Old River South of Rock Slough (St 5A),4/23/1981,226,15,75.00542927,D,OMR,Interior
Old River South of Rock Slough (St 5A),1/2/1980,223,15,63.56656112,AN,OMR,Interior
Old River North of Rock Slough (St 4b),4/21/1993,212,15,62.38347365,AN,OMR,Interior
Middle River @ Union Point - P10A,9/10/2018,346,14.4,84.8982076,BN,OMR,Interior
Rock Slough @ Old River,9/12/1991,722,14,88.08357466,C,OMR,Interior
Old River North of Rock Slough (St 4b),9/12/1991,702,14,88.08357466,C,OMR,Interior
Rock Slough @ Old River,7/20/1994,692,14,90.6143213,C,OMR,Interior
Old River North of Rock Slough (St 4b),7/20/1994,690,14,90.6143213,C,OMR,Interior
Old River South of Rock Slough (St 5A),8/18/1981,628,14,87.20292234,D,OMR,Interior
Rock Slough @ Old River,7/26/1990,572,14,86.56430395,C,OMR,Interior
Old River North of Rock Slough (St 4b),10/10/1991,563,14,88.47167384,C,OMR,Interior
Old River South of Rock Slough (St 5A),8/3/1981,553,14,85.40012999,D,OMR,Interior
Old River North of Rock Slough (St 4b),8/21/1991,551,14,88.57096592,C,OMR,Interior
Rock Slough @ Old River,7/31/1990,547,14,85.26138636,C,OMR,Interior
Rock Slough @ Old River,8/7/1991,546,14,92.52821793,C,OMR,Interior
Old River North of Rock Slough (St 4b),8/7/1991,539,14,92.52821793,C,OMR,Interior
Old River North of Rock Slough (St 4b),7/31/1990,533,14,85.26138636,C,OMR,Interior
Old River North of Rock Slough (St 4b),7/26/1990,524,14,86.56430395,C,OMR,Interior
Contra Costa PP Number 01,8/5/2008,492,14,88.35573476,C,OMR,Interior
Rock Slough @ Old River,9/5/1990,483,14,86.59648732,C,OMR,Interior
Old River South of Rock Slough (St 5A),9/4/1990,479,14,85.84737194,C,OMR,Interior
Old River North of Rock Slough (St 4b),9/5/1990,474,14,86.59648732,C,OMR,Interior
Contra Costa PP Number 01,8/3/2004,470,14,81.28623188,BN,OMR,Interior
Old River North of Rock Slough (St 4b),8/28/1990,464,14,84.07314596,C,OMR,Interior
Old River North of Rock Slough (St 4b),8/22/1990,463,14,83.47764088,C,OMR,Interior
Rock Slough @ Old River,8/28/1990,461,14,84.07314596,C,OMR,Interior
Old River South of Rock Slough (St 5A),7/31/1979,455,14,81.75511799,BN,OMR,Interior
Old River North of Rock Slough (St 4b),10/20/1993,436,14,84.89979461,C,OMR,Interior
Rock Slough @ Old River,10/20/1993,425,14,84.89979461,C,OMR,Interior
Clifton Court Intake,11/10/1993,418,14,87.72748074,C,OMR,Interior
Contra Costa PP Number 01,1/5/1994,403,14,81.23635172,C,OMR,Interior
Clifton Court Intake,8/21/1990,397,14,82.94560259,C,OMR,Interior
Contra Costa PP Number 01,9/10/2003,388,14,81.97587927,AN,OMR,Interior
Rock Slough @ Old River,6/26/1990,377,14,87.03302324,C,OMR,Interior
Middle River @ Union Point - P10A,9/5/2007,364,14,85.25541551,D,OMR,Interior
Old River North of Rock Slough (St 4b),7/25/1989,350,14,80.02863026,D,OMR,Interior
Middle River at Bacon Island Bridge,4/25/1990,349,14,87.22990049,C,OMR,Interior
Middle River at Bacon Island Bridge,8/21/1991,347,14,88.57096592,C,OMR,Interior
Middle River at Bacon Island Bridge,8/25/1994,336,14,90.48799198,C,OMR,Interior
Middle River @ Union Point - P10A,12/6/2010,321,14,84.27592276,BN,OMR,Interior
Old River South of Rock Slough (St 5A),9/15/1980,312,14,76.57711741,AN,OMR,Interior
Middle River @ Union Point - P10A,9/7/2010,294,14,86.84207092,BN,OMR,Interior
Middle River at Bacon Island Bridge,9/4/1990,293,14,85.84737194,C,OMR,Interior
Middle River at Bacon Island Bridge,11/10/1993,293,14,87.72748074,C,OMR,Interior
Middle River @ Union Point - P10A,6/8/2010,288,14,67.97063022,BN,OMR,Interior
Middle River at Bacon Island Bridge,7/26/1990,286,14,86.56430395,C,OMR,Interior
Middle River at Bacon Island Bridge,7/30/1990,281,14,85.42890232,C,OMR,Interior
Contra Costa PP Number 01,6/6/1996,277,14,61.33562885,W,OMR,Interior
Old River South of Rock Slough (St 5A),5/27/1980,277,14,65.09270984,AN,OMR,Interior
Middle River @ Union Point - P10A,1/3/2011,274,14,53.33698971,W,OMR,Interior
Contra Costa PP Number 01,9/2/1997,269,14,77.2650624,W,OMR,Interior
Middle River at Bacon Island Bridge,8/22/1990,269,14,83.47764088,C,OMR,Interior
Old River South of Rock Slough (St 5A),5/12/1981,269,14,80.86307077,D,OMR,Interior
Contra Costa PP Number 01,5/2/2007,268,14,74.44600721,D,OMR,Interior
Old River South of Rock Slough (St 5A),2/14/1980,266,14,67.64537101,AN,OMR,Interior
Old River South of Rock Slough (St 5A),9/26/1980,265,14,76.604144,AN,OMR,Interior
Contra Costa PP Number 01,7/2/2007,264,14,80.94470218,D,OMR,Interior
Old River South of Rock Slough (St 5A),3/19/1984,261,14,57.98189429,W,OMR,Interior
Rock Slough at Delta Road Bridge,6/6/2011,259,14,57.57300551,W,OMR,Interior
Middle River @ Union Point - P10A,6/6/2011,257,14,57.57300551,W,OMR,Interior
Contra Costa PP Number 01,6/7/2005,256,14,54.24209382,AN,OMR,Interior
Contra Costa PP Number 01,6/6/2000,254,14,72.94579268,AN,OMR,Interior
Contra Costa PP Number 01,6/8/1993,250,14,57.7015985,AN,OMR,Interior
Old River South of Rock Slough (St 5A),4/16/1984,238,14,68.44196634,W,OMR,Interior
Contra Costa PP Number 01,3/6/2006,232,14,50.66954548,W,OMR,Interior
Middle River @ Union Point - P10A,7/7/2009,228,14,82.06398554,D,OMR,Interior
Old River South of Rock Slough (St 5A),1/20/1981,227,14,84.3665229,D,OMR,Interior
Old River South of Rock Slough (St 5A),6/16/1980,221,14,68.91440792,AN,OMR,Interior
Old River South of Rock Slough (St 5A),6/23/1980,221,14,68.0228655,AN,OMR,Interior
Rock Slough @ Old River,4/21/1993,211,14,62.38347365,AN,OMR,Interior
Old River South of Rock Slough (St 5A),1/6/1981,209,14,79.42709404,D,OMR,Interior
Contra Costa PP Number 01,9/5/2007,812,13,85.25541551,D,OMR,Interior
Rock Slough @ Old River,8/21/1991,550,13,88.57096592,C,OMR,Interior
Rock Slough @ Old River,8/13/1990,508,13,82.37363354,C,OMR,Interior
Old River North of Rock Slough (St 4b),8/13/1990,504,13,82.37363354,C,OMR,Interior
Rock Slough @ Old River,8/22/1990,477,13,83.47764088,C,OMR,Interior
Old River South of Rock Slough (St 5A),7/19/1979,395,13,82.51114931,BN,OMR,Interior
Middle River at Bacon Island Bridge,9/10/1991,323,13,92.73110822,C,OMR,Interior
Old River South of Rock Slough (St 5A),9/9/1986,308,13,80.98620884,W,OMR,Interior
Contra Costa PP Number 01,11/7/2006,302,13,88.98570418,AN,OMR,Interior
Old River South of Rock Slough (St 5A),9/3/1980,293,13,80.90049445,AN,OMR,Interior
Middle River @ Union Point - P10A,9/7/2016,288,13,84.03725468,BN,OMR,Interior
Old River South of Rock Slough (St 5A),6/30/1981,287,13,87.70223073,D,OMR,Interior
Contra Costa PP Number 01,9/23/1993,285,13,83.44869348,AN,OMR,Interior
Middle River @ Union Point - P10A,6/5/2018,284,13,74.73149108,BN,OMR,Interior
Old River South of Rock Slough (St 5A),7/3/1989,282,13,84.23126759,D,OMR,Interior
Middle River @ Union Point - P10A,8/6/2007,277,13,84.7182393,D,OMR,Interior
Middle River at Bacon Island Bridge,8/27/1990,267,13,83.52017111,C,OMR,Interior
Contra Costa PP Number 01,7/2/2002,262,13,80.39099747,D,OMR,Interior
Old River South of Rock Slough (St 5A),6/22/1982,253,13,65.44959567,W,OMR,Interior
Contra Costa PP Number 01,7/1/1997,249,13,78.99333076,W,OMR,Interior
Middle River @ Union Point - P10A,7/9/2018,246,13,82.60710477,BN,OMR,Interior
Clifton Court Intake,9/21/1993,245,13,80.87356521,AN,OMR,Interior
Old River South of Rock Slough (St 5A),3/26/1980,244,13,56.84018254,AN,OMR,Interior
Old River South of Rock Slough (St 5A),6/18/1981,243,13,80.97126487,D,OMR,Interior
Middle River @ Union Point - P10A,7/6/2010,241,13,80.72423904,BN,OMR,Interior
Old River South of Rock Slough (St 5A),5/16/1985,241,13,77.45709937,D,OMR,Interior
Middle River @ Union Point - P10A,9/6/2006,240,13,78.70958184,W,OMR,Interior
Old River South of Rock Slough (St 5A),12/14/1982,240,13,58.19292799,W,OMR,Interior
Old River South of Rock Slough (St 5A),10/6/1980,236,13,77.15999944,BN,OMR,Interior
Contra Costa PP Number 01,5/4/2004,233,13,76.25300399,BN,OMR,Interior
Old River South of Rock Slough (St 5A),5/20/1986,233,13,69.94743635,W,OMR,Interior
Old River South of Rock Slough (St 5A),6/2/1981,232,13,75.30547237,D,OMR,Interior
Old River South of Rock Slough (St 5A),6/10/1980,230,13,69.27641079,AN,OMR,Interior
Contra Costa PP Number 01,7/3/2000,229,13,80.70368222,AN,OMR,Interior
Old River South of Rock Slough (St 5A),2/29/1980,227,13,49.08867267,AN,OMR,Interior
Rock Slough @ Old River,7/2/1986,225,13,77.07568175,W,OMR,Interior
Old River South of Rock Slough (St 5A),11/24/1980,225,13,79.91615184,BN,OMR,Interior
Old River South of Rock Slough (St 5A),12/5/1980,220,13,81.24381742,AN,OMR,Interior
Middle River @ Union Point - P10A,8/7/2017,217,13,80.74384873,W,OMR,Interior
Old River South of Rock Slough (St 5A),12/4/1979,216,13,75.2791345,BN,OMR,Interior
Contra Costa PP Number 01,7/8/1999,211,13,73.33227294,W,OMR,Interior
Old River South of Rock Slough (St 5A),3/15/1982,207,13,49.23180133,W,OMR,Interior
Old River South of Rock Slough (St 5A),12/16/1980,205,13,70.43542093,AN,OMR,Interior
Middle River at Bacon Island Bridge,7/8/1993,203,13,75.05380959,AN,OMR,Interior
Old River South of Rock Slough (St 5A),5/7/1979,203,13,74.48111623,BN,OMR,Interior
Old River South of Rock Slough (St 5A),12/17/1979,201,13,79.03917236,BN,OMR,Interior
Contra Costa PP Number 01,10/13/1994,569,12,90.78710967,AN,OMR,Interior
Contra Costa PP Number 01,8/6/2007,492,12,84.7182393,D,OMR,Interior
Old River South of Rock Slough (St 5A),7/16/1981,366,12,87.76825037,D,OMR,Interior
Contra Costa PP Number 01,8/5/2003,348,12,69.2729812,AN,OMR,Interior
Old River South of Rock Slough (St 5A),6/20/1985,302,12,86.18412719,D,OMR,Interior
Middle River at Bacon Island Bridge,8/13/1990,296,12,82.37363354,C,OMR,Interior
Contra Costa PP Number 01,9/5/1996,283,12,73.8076039,W,OMR,Interior
Contra Costa PP Number 01,8/6/1997,267,12,77.35304839,W,OMR,Interior
Old River South of Rock Slough (St 5A),11/6/1979,250,12,80.35169489,AN,OMR,Interior
Old River South of Rock Slough (St 5A),9/16/1983,248,12,64.13561458,W,OMR,Interior
Contra Costa PP Number 01,8/2/2000,244,12,77.4197889,AN,OMR,Interior
Old River South of Rock Slough (St 5A),7/21/1982,244,12,78.29621658,W,OMR,Interior
Contra Costa PP Number 01,7/8/1998,233,12,56.61660003,W,OMR,Interior
Old River South of Rock Slough (St 5A),1/18/1984,230,12,52.80804893,W,OMR,Interior
Old River South of Rock Slough (St 5A),11/20/1979,227,12,77.49708288,AN,OMR,Interior
Middle River @ Union Point - P10A,7/6/2016,222,12,84.55059684,BN,OMR,Interior
Old River South of Rock Slough (St 5A),11/14/1980,219,12,78.251066,BN,OMR,Interior
Old River South of Rock Slough (St 5A),1/30/1980,218,12,52.74067557,AN,OMR,Interior
Contra Costa PP Number 01,6/14/1995,214,12,58.38588799,W,OMR,Interior
Contra Costa PP Number 01,12/6/1995,213,12,79.32528838,W,OMR,Interior
Clifton Court Intake,7/25/1984,212,12,75.0760343,W,OMR,Interior
Old River South of Rock Slough (St 5A),3/12/1980,212,12,49.22949664,AN,OMR,Interior
Old River South of Rock Slough (St 5A),4/18/1983,211,12,51.81872331,W,OMR,Interior
Old River South of Rock Slough (St 5A),3/21/1986,210,12,0,W,OMR,Interior
Old River South of Rock Slough (St 5A),9/17/1984,209,12,68.46687852,W,OMR,Interior
Contra Costa PP Number 01,10/14/1998,208,12,70.16642583,W,OMR,Interior
Old River South of Rock Slough (St 5A),9/13/1982,208,12,66.6341757,W,OMR,Interior
Old River South of Rock Slough (St 5A),10/20/1980,204,12,75.79339987,BN,OMR,Interior
Middle River @ Union Point - P10A,4/3/2017,201,12,49.18404199,W,OMR,Interior
Old River South of Rock Slough (St 5A),5/17/1984,201,12,71.23309041,W,OMR,Interior
Old River South of Rock Slough (St 5A),11/3/1980,201,12,78.34640114,BN,OMR,Interior
Middle River @ Union Point - P10A,5/2/2011,199,12,57.60965856,W,OMR,Interior
Contra Costa PP Number 01,8/2/2005,196,12,80.7913406,AN,OMR,Interior
Old River South of Rock Slough (St 5A),6/30/1980,195,12,70.47262594,AN,OMR,Interior
Old River South of Rock Slough (St 5A),6/22/1984,190,12,74.34286418,W,OMR,Interior
Middle River @ Union Point - P10A,8/2/2010,189,12,79.32890201,BN,OMR,Interior
Middle River @ Union Point - P10A,3/8/2017,187,12,46.65054443,W,OMR,Interior
Old River South of Rock Slough (St 5A),7/7/1980,186,12,68.25641473,AN,OMR,Interior
Old River South of Rock Slough (St 5A),5/21/1979,178,12,73.19414698,BN,OMR,Interior
Middle River at Bacon Island Bridge,9/1/1993,175,12,78.41118016,AN,OMR,Interior
Middle River at Bacon Island Bridge,7/20/1993,161,12,75.81769133,AN,OMR,Interior
Middle River @ Union Point - P10A,8/6/2018,197,11.4,82.35063213,BN,OMR,Interior
Middle River @ Union Point - P10A,8/4/2009,265,11,84.14076361,D,OMR,Interior
Old River South of Rock Slough (St 5A),10/19/1982,234,11,67.33005042,D,OMR,Interior
Old River South of Rock Slough (St 5A),8/21/1984,232,11,77.90828234,W,OMR,Interior
Old River South of Rock Slough (St 5A),8/7/1986,229,11,81.25987168,W,OMR,Interior
Contra Costa PP Number 01,8/5/1999,218,11,71.77110367,W,OMR,Interior
Rock Slough @ Old River,9/1/1993,216,11,78.41118016,AN,OMR,Interior
Old River South of Rock Slough (St 5A),7/3/1979,214,11,80.43664007,BN,OMR,Interior
Old River North of Rock Slough (St 4b),9/1/1993,212,11,78.41118016,AN,OMR,Interior
Middle River @ Union Point - P10A,8/1/2016,207,11,83.57049111,BN,OMR,Interior
Contra Costa PP Number 01,9/1/1993,205,11,78.41118016,AN,OMR,Interior
Old River South of Rock Slough (St 5A),8/18/1980,204,11,80.02274745,AN,OMR,Interior
Old River South of Rock Slough (St 5A),4/16/1986,203,11,57.82517336,W,OMR,Interior
Clifton Court Intake,4/9/1986,197,11,52.99907803,W,OMR,Interior
Old River South of Rock Slough (St 5A),5/24/1982,196,11,58.78823135,W,OMR,Interior
Contra Costa PP Number 01,10/11/1995,193,11,69.40952731,C,OMR,Interior
Middle River @ Union Point - P10A,9/7/2017,193,11,77.48586469,W,OMR,Interior
Contra Costa PP Number 01,8/5/1998,190,11,70.95431958,W,OMR,Interior
Contra Costa PP Number 01,11/4/1998,190,11,78.12007996,W,OMR,Interior
Contra Costa PP Number 01,9/6/1995,187,11,67.21706163,W,OMR,Interior
Middle River @ Union Point - P10A,10/2/2017,186,11,77.2692402,BN,OMR,Interior
Middle River @ Union Point - P10A,7/5/2011,184,11,56.36389323,W,OMR,Interior
Old River South of Rock Slough (St 5A),8/17/1982,184,11,76.46364235,W,OMR,Interior
Middle River @ Union Point - P10A,7/10/2017,177,11,70.04911852,W,OMR,Interior
Old River South of Rock Slough (St 5A),11/13/1984,177,11,76.76724225,W,OMR,Interior
Contra Costa PP Number 01,7/11/1996,175,11,75.57077698,W,OMR,Interior
Old River South of Rock Slough (St 5A),7/21/1980,174,11,71.80905674,AN,OMR,Interior
Old River South of Rock Slough (St 5A),7/14/1980,172,11,71.65830083,AN,OMR,Interior
Old River South of Rock Slough (St 5A),5/25/1983,170,11,53.44081668,W,OMR,Interior
Old River South of Rock Slough (St 5A),8/6/1980,170,11,76.44358914,AN,OMR,Interior
Clifton Court Intake,7/20/1993,166,11,75.81769133,AN,OMR,Interior
Contra Costa PP Number 01,9/2/1998,161,11,67.79734317,W,OMR,Interior
Old River South of Rock Slough (St 5A),7/29/1980,159,11,75.15820048,AN,OMR,Interior
Contra Costa PP Number 01,10/3/1996,292,10,81.93439648,W,OMR,Interior
Rock Slough @ Old River,7/25/1984,217,10,75.0760343,W,OMR,Interior
Old River South of Rock Slough (St 5A),7/18/1984,209,10,75.88810175,W,OMR,Interior
Old River South of Rock Slough (St 5A),8/20/1984,192,10,72.85477497,W,OMR,Interior
Old River South of Rock Slough (St 5A),12/14/1983,192,10,49.15904734,W,OMR,Interior
Rock Slough @ Old River,6/27/1984,189,10,78.52956136,W,OMR,Interior
Contra Costa PP Number 01,8/12/1993,185,10,71.58781984,AN,OMR,Interior
Old River South of Rock Slough (St 5A),11/16/1982,180,10,65.44459814,D,OMR,Interior
Old River South of Rock Slough (St 5A),5/5/1982,178,10,53.20631662,W,OMR,Interior
Middle River @ Union Point - P10A,6/5/2017,177,10,57.96351261,W,OMR,Interior
Old River South of Rock Slough (St 5A),8/26/1983,175,10,63.12853224,W,OMR,Interior
Rock Slough at Delta Road Bridge,7/5/2011,169,10,56.36389323,W,OMR,Interior
Contra Costa PP Number 01,7/8/1993,159,10,75.05380959,AN,OMR,Interior
Rock Slough @ Old River,7/8/1993,156,10,75.05380959,AN,OMR,Interior
Contra Costa PP Number 01,7/6/2005,151,10,69.97360216,AN,OMR,Interior
Old River North of Rock Slough (St 4b),7/8/1993,148,10,75.05380959,AN,OMR,Interior
Middle River at Bacon Island Bridge,8/10/1993,147,10,70.9026113,AN,OMR,Interior
Contra Costa PP Number 01,7/5/2006,162,9,67.43685291,W,OMR,Interior
Contra Costa PP Number 01,7/22/1993,159,9,69.41514716,AN,OMR,Interior
Middle River @ Union Point - P10A,7/5/2006,154,9,67.43685291,W,OMR,Interior
Contra Costa PP Number 01,8/9/1995,150,9,68.77947219,W,OMR,Interior
Contra Costa PP Number 01,7/12/1995,146,9,65.49822638,W,OMR,Interior
Contra Costa PP Number 01,11/8/1995,200,8,81.20170079,C,OMR,Interior
Old River South of Rock Slough (St 5A),10/20/1983,154,8,64.89019526,W,OMR,Interior
Old River South of Rock Slough (St 5A),7/20/1983,138,8,57.24485942,W,OMR,Interior
Middle River @ Union Point - P10A,5/3/2017,120,8,50.00669585,W,OMR,Interior
P8 - San Joaquin River @ Buckley Cove,2/2/1968,650,28,60.82383763,BN,SJRcorridor,Interior
P8 - San Joaquin River @ Buckley Cove,3/22/1968,395,28,57.81297746,BN,SJRcorridor,Interior
P8 - San Joaquin River @ Buckley Cove,10/10/1968,900,35.2,83.16574214,W,SJRcorridor,Interior
P8 - San Joaquin River @ Buckley Cove,1/23/1969,180,14,48.06579729,W,SJRcorridor,Interior
P8 - San Joaquin River @ Buckley Cove,4/16/1969,200,10,50.10640361,W,SJRcorridor,Interior
P8 - San Joaquin River @ Buckley Cove,7/17/1969,360,19,68.77308425,W,SJRcorridor,Interior
San Joaquin River @ Mossdale Bridge - C7A,3/2/1989,1370,69,91.3346382,D,SJRcorridor,Interior
San Joaquin River @ Mossdale Bridge - C7A,7/25/1989,800,54,80.02863026,D,SJRcorridor,Interior
Little Connection Sl. @ Empire Tr.,7/25/1989,130,9,80.02863026,D,SJRcorridor,Interior
Little Connection Sl. @ Empire Tr.,1/24/1990,204,14,79.66720736,C,SJRcorridor,Interior
San Joaquin River @ Mossdale Bridge - C7A,1/24/1990,1310,63,79.66720736,C,SJRcorridor,Interior
San Joaquin River @ Mossdale Bridge - C7A,2/14/1990,1300,65,84.5852336,C,SJRcorridor,Interior
Little Connection Sl. @ Empire Tr.,4/25/1990,164,12,87.22990049,C,SJRcorridor,Interior
San Joaquin River @ Mossdale Bridge - C7A,4/25/1990,823,37,87.22990049,C,SJRcorridor,Interior
Little Connection Sl. @ Empire Tr.,7/26/1990,160,11,86.56430395,C,SJRcorridor,Interior
San Joaquin River @ Mossdale Bridge - C7A,7/26/1990,853,44,86.56430395,C,SJRcorridor,Interior
Little Connection Sl. @ Empire Tr.,8/22/1990,178,13,83.47764088,C,SJRcorridor,Interior
San Joaquin River @ Mossdale Bridge - C7A,8/22/1990,738,38,83.47764088,C,SJRcorridor,Interior
Little Connection Sl. @ Empire Tr.,10/24/1990,191,12,94.04183083,D,SJRcorridor,Interior
San Joaquin River @ Mossdale Bridge - C7A,10/24/1990,739,36,94.04183083,D,SJRcorridor,Interior
Little Connection Sl. @ Empire Tr.,1/29/1991,344,22,94.90599798,C,SJRcorridor,Interior
San Joaquin River @ Mossdale Bridge - C7A,1/29/1991,1100,56,94.90599798,C,SJRcorridor,Interior
San Joaquin River @ Mossdale Bridge - C7A,4/23/1991,1330,62,85.01362795,C,SJRcorridor,Interior
Little Connection Sl. @ Empire Tr.,4/23/1991,251,17,85.01362795,C,SJRcorridor,Interior
San Joaquin River @ Mossdale Bridge - C7A,7/24/1991,962,49,92.78926842,C,SJRcorridor,Interior
Little Connection Sl. @ Empire Tr.,7/24/1991,275,13,92.78926842,C,SJRcorridor,Interior
San Joaquin River @ Mossdale Bridge - C7A,8/21/1991,950,49,88.57096592,C,SJRcorridor,Interior
Little Connection Sl. @ Empire Tr.,8/21/1991,245,12,88.57096592,C,SJRcorridor,Interior
San Joaquin River @ Mossdale Bridge - C7A,10/23/1991,727,35,94.27657666,C,SJRcorridor,Interior
Little Connection Sl. @ Empire Tr.,10/23/1991,160,11,94.27657666,C,SJRcorridor,Interior
San Joaquin River @ Mossdale Bridge - C7A,1/23/1992,1080,50,92.69366513,C,SJRcorridor,Interior
Little Connection Sl. @ Empire Tr.,1/23/1992,247,18,92.69366513,C,SJRcorridor,Interior
San Joaquin River @ Mossdale Bridge - C7A,4/22/1992,834,42,77.19407905,C,SJRcorridor,Interior
Little Connection Sl. @ Empire Tr.,4/22/1992,231,16,77.19407905,C,SJRcorridor,Interior
San Joaquin River @ Mossdale Bridge - C7A,7/22/1992,979,43,92.3938467,C,SJRcorridor,Interior
Little Connection Sl. @ Empire Tr.,7/22/1992,179,12,92.3938467,C,SJRcorridor,Interior
Little Connection Sl. @ Empire Tr.,8/19/1992,163,12,92.0935494,C,SJRcorridor,Interior
San Joaquin River @ Mossdale Bridge - C7A,10/7/1992,944,47,92.45317986,C,SJRcorridor,Interior
Little Connection Sl. @ Empire Tr.,10/7/1992,232,14,92.45317986,C,SJRcorridor,Interior
San Joaquin River @ Mossdale Bridge - C7A,1/13/1993,357,19,64.09402935,AN,SJRcorridor,Interior
Little Connection Sl. @ Empire Tr.,1/13/1993,247,17,64.09402935,AN,SJRcorridor,Interior
San Joaquin River @ Mossdale Bridge - C7A,4/21/1993,601,28,62.38347365,AN,SJRcorridor,Interior
Little Connection Sl. @ Empire Tr.,4/21/1993,145,11,62.38347365,AN,SJRcorridor,Interior
San Joaquin River @ Mossdale Bridge - C7A,7/8/1993,842,44,75.05380959,AN,SJRcorridor,Interior
Little Connection Sl. @ Empire Tr.,7/8/1993,120,9,75.05380959,AN,SJRcorridor,Interior
San Joaquin River @ Mossdale Bridge - C7A,9/1/1993,349,18,78.41118016,AN,SJRcorridor,Interior
Little Connection Sl. @ Empire Tr.,9/1/1993,162,13,78.41118016,AN,SJRcorridor,Interior
San Joaquin River @ Mossdale Bridge - C7A,10/20/1993,245,13,84.89979461,C,SJRcorridor,Interior
Little Connection Sl. @ Empire Tr.,10/20/1993,151,11,84.89979461,C,SJRcorridor,Interior
San Joaquin River @ Mossdale Bridge - C7A,1/12/1994,731,34,82.38546939,C,SJRcorridor,Interior
Little Connection Sl. @ Empire Tr.,1/12/1994,227,15,82.38546939,C,SJRcorridor,Interior
San Joaquin River @ Mossdale Bridge - C7A,4/20/1994,880,42,78.884997,C,SJRcorridor,Interior
Little Connection Sl. @ Empire Tr.,4/20/1994,236,15,78.884997,C,SJRcorridor,Interior
San Joaquin River @ Mossdale Bridge - C7A,7/20/1994,942,51,90.6143213,C,SJRcorridor,Interior
Little Connection Sl. @ Empire Tr.,7/20/1994,248,11,90.6143213,C,SJRcorridor,Interior
San Joaquin River @ Mossdale Bridge - C7A,11/17/1994,796,36,91.53716312,AN,SJRcorridor,Interior
San Joaquin River @ Mossdale Bridge - C7A,12/20/1994,946,46,81.11970496,C,SJRcorridor,Interior
San Joaquin River @ Mossdale Bridge - C7A,1/26/1995,383,21,53.05662006,W,SJRcorridor,Interior
San Joaquin River @ Mossdale Bridge - C7A,2/16/1995,487,23,49.77058978,W,SJRcorridor,Interior
San Joaquin River @ Mossdale Bridge - C7A,3/20/1995,301,18,35.26878783,W,SJRcorridor,Interior
San Joaquin River @ Mossdale Bridge - C7A,4/24/1995,184,10,55.06228913,W,SJRcorridor,Interior
San Joaquin River @ Mossdale Bridge - C7A,5/18/1995,143,8,50.95156216,W,SJRcorridor,Interior
San Joaquin River @ Mossdale Bridge - C7A,6/22/1995,240,14,57.6171137,W,SJRcorridor,Interior
San Joaquin River @ Mossdale Bridge - C7A,7/20/1995,218,13,58.74876866,W,SJRcorridor,Interior
San Joaquin River @ Mossdale Bridge - C7A,8/17/1995,633,32,74.57233985,W,SJRcorridor,Interior
San Joaquin River @ Mossdale Bridge - C7A,9/14/1995,387,20,67.19233682,W,SJRcorridor,Interior
San Joaquin River @ Mossdale Bridge - C7A,10/19/1995,202,11,74.05131326,C,SJRcorridor,Interior
San Joaquin River @ Mossdale Bridge - C7A,11/16/1995,750,34,79.55759468,C,SJRcorridor,Interior
San Joaquin River @ Mossdale Bridge - C7A,12/7/1995,746,33,79.94458802,W,SJRcorridor,Interior
San Joaquin River @ Mossdale Bridge - C7A,1/18/1996,946,45,81.11891586,W,SJRcorridor,Interior
San Joaquin River @ Mossdale Bridge - C7A,2/15/1996,290,14,53.64428507,W,SJRcorridor,Interior
San Joaquin River @ Mossdale Bridge - C7A,3/14/1996,253,14,48.94207006,W,SJRcorridor,Interior
San Joaquin River @ Mossdale Bridge - C7A,4/11/1996,413,19,53.46132043,W,SJRcorridor,Interior
San Joaquin River @ Mossdale Bridge - C7A,5/9/1996,336,17,62.32099718,W,SJRcorridor,Interior
San Joaquin River @ Mossdale Bridge - C7A,6/13/1996,592,30,65.4871296,W,SJRcorridor,Interior
San Joaquin River @ Mossdale Bridge - C7A,7/18/1996,774,40,73.33974661,W,SJRcorridor,Interior
San Joaquin River @ Mossdale Bridge - C7A,8/15/1996,747,36,77.45680181,W,SJRcorridor,Interior
San Joaquin River @ Mossdale Bridge - C7A,9/12/1996,666,34,76.73553471,W,SJRcorridor,Interior
San Joaquin River @ Mossdale Bridge - C7A,10/10/1996,609,29,83.55493234,W,SJRcorridor,Interior
San Joaquin River @ Mossdale Bridge - C7A,11/14/1996,690,33,87.30019572,W,SJRcorridor,Interior
San Joaquin River @ Mossdale Bridge - C7A,12/12/1996,220,12,67.9766535,W,SJRcorridor,Interior
San Joaquin River @ Mossdale Bridge - C7A,2/13/1997,185,11,47.19212894,W,SJRcorridor,Interior
San Joaquin River @ Mossdale Bridge - C7A,3/13/1997,338,20,55.45327752,W,SJRcorridor,Interior
San Joaquin River @ Mossdale Bridge - C7A,4/9/1997,788,39,73.79612645,W,SJRcorridor,Interior
San Joaquin River @ Mossdale Bridge - C7A,5/13/1997,346,18,71.63203277,W,SJRcorridor,Interior
San Joaquin River @ Mossdale Bridge - C7A,6/4/1997,560,28,78.50514499,W,SJRcorridor,Interior
San Joaquin River @ Mossdale Bridge - C7A,7/2/1997,620,33,78.23532434,W,SJRcorridor,Interior
San Joaquin River @ Mossdale Bridge - C7A,8/7/1997,663,38,77.94958475,W,SJRcorridor,Interior
San Joaquin River @ Mossdale Bridge - C7A,9/2/1997,671,40,77.2650624,W,SJRcorridor,Interior
San Joaquin River @ Mossdale Bridge - C7A,12/12/2009,789,40,92.72553683,D,SJRcorridor,Interior
SAN JOAQUIN R A BRANDT BR        ,12/12/2009,766,40,92.72553683,D,SJRcorridor,Interior
SAN JOAQUIN R A BRANDT BR        ,1/12/2010,928,47,91.08275529,BN,SJRcorridor,Interior
San Joaquin River @ Mossdale Bridge - C7A,1/12/2010,1008,47,91.08275529,BN,SJRcorridor,Interior
SAN JOAQUIN R A BRANDT BR        ,1/18/2010,945,43,86.04685619,BN,SJRcorridor,Interior
San Joaquin River @ Mossdale Bridge - C7A,1/18/2010,848,39,86.04685619,BN,SJRcorridor,Interior
San Joaquin River @ Mossdale Bridge - C7A,1/20/2010,778,36,82.2895829,BN,SJRcorridor,Interior
SAN JOAQUIN R A BRANDT BR        ,1/20/2010,923,45,82.2895829,BN,SJRcorridor,Interior
Old River nr Tracy,7/25/1989,850,76,80.02863026,D,SouthDelta,Interior
Grant Ln Can @ Tracy Rd Bdg,3/2/1989,1430,74,91.3346382,D,SouthDelta,Interior
Old River nr Tracy,4/23/1991,1510,70,85.01362795,C,SouthDelta,Interior
Old River nr Tracy,4/22/1992,1110,69,77.19407905,C,SouthDelta,Interior
Grant Ln Can @ Tracy Rd Bdg,7/25/1989,800,68,80.02863026,D,SouthDelta,Interior
Old River nr Tracy,3/2/1989,1410,65,91.3346382,D,SouthDelta,Interior
Old River nr Tracy,1/29/1991,1320,65,94.90599798,C,SouthDelta,Interior
Old River nr Tracy,2/14/1990,1320,64,84.5852336,C,SouthDelta,Interior
Grant Ln Can @ Tracy Rd Bdg,2/14/1990,1240,64,84.5852336,C,SouthDelta,Interior
Grant Ln Can @ Tracy Rd Bdg,4/23/1991,1360,63,85.01362795,C,SouthDelta,Interior
Grant Line/Fabian/Bell Canals nr Old R.,7/25/1989,800,63,80.02863026,D,SouthDelta,Interior
Old River @ Tracy Road Bridge - P12,12/23/2008,1257,61,91.80575032,C,SouthDelta,Interior
Grant Ln Can @ Tracy Rd Bdg,1/29/1991,1240,61,94.90599798,C,SouthDelta,Interior
Old River nr Tracy,4/25/1990,1120,61,87.22990049,C,SouthDelta,Interior
Old River nr Tracy,10/23/1991,1220,60,94.27657666,C,SouthDelta,Interior
Old River nr Tracy,10/24/1990,1140,59,94.04183083,D,SouthDelta,Interior
Grant Ln Can @ Tracy Rd Bdg,1/24/1990,1200,57,79.66720736,C,SouthDelta,Interior
Old River nr Tracy,8/21/1991,1140,57,88.57096592,C,SouthDelta,Interior
Grant Line/Fabian/Bell Canals nr Old R.,3/12/1991,1210,56,78.72735886,C,SouthDelta,Interior
Old River nr Tracy,1/24/1990,1190,56,79.66720736,C,SouthDelta,Interior
Old River @ Tracy Road Bridge - P12,3/23/2009,1179,56,67.34893515,D,SouthDelta,Interior
Grant Line/Fabian/Bell Canals nr Old R.,1/16/1991,1150,56,92.74078739,C,SouthDelta,Interior
Grant Line Canal @ Tracy Blvd,3/23/2009,1156,54,67.34893515,D,SouthDelta,Interior
Old River nr Tracy,1/23/1992,1150,54,92.69366513,C,SouthDelta,Interior
Old River nr Tracy,7/24/1991,1110,54,92.78926842,C,SouthDelta,Interior
Grant Ln Can @ Tracy Rd Bdg,7/22/1992,1100,54,92.3938467,C,SouthDelta,Interior
Grant Line/Fabian/Bell Canals nr Old R.,1/24/1990,1100,53,79.66720736,C,SouthDelta,Interior
Grant Ln Can @ Tracy Rd Bdg,8/19/1992,1080,53,92.0935494,C,SouthDelta,Interior
Grant Line/Fabian/Bell Canals nr Old R.,1/2/1991,1100,52,93.51732212,C,SouthDelta,Interior
Old River @ Tracy Road Bridge - P12,2/11/2009,1093,52,83.0036227,D,SouthDelta,Interior
Old River nr Tracy,7/20/1994,997,52,90.6143213,C,SouthDelta,Interior
Grant Ln Can @ Tracy Rd Bdg,1/23/1992,1100,51,92.69366513,C,SouthDelta,Interior
Grant Line Canal @ Tracy Blvd,2/11/2009,1068,51,83.0036227,D,SouthDelta,Interior
Old River @ Middle River,3/16/2009,1043,51,64.397985,D,SouthDelta,Interior
Grant Ln Can @ Tracy Rd Bdg,10/24/1990,1030,51,94.04183083,D,SouthDelta,Interior
Old River nr Tracy,7/8/1993,950,51,75.05380959,AN,SouthDelta,Interior
Old River @ Tracy Road Bridge - P12,1/12/2009,1092,50,89.32251087,D,SouthDelta,Interior
Grant Line/Fabian/Bell Canals nr Old R.,2/14/1991,1080,50,93.77396204,C,SouthDelta,Interior
Old River @ Tracy Road Bridge - P12,12/11/2008,1047,50,93.85276614,C,SouthDelta,Interior
Grant Ln Can @ Tracy Rd Bdg,8/21/1991,1000,50,88.57096592,C,SouthDelta,Interior
Grant Ln Can @ Tracy Rd Bdg,7/20/1994,956,50,90.6143213,C,SouthDelta,Interior
Grant Ln Can @ Tracy Rd Bdg,10/23/1991,997,49,94.27657666,C,SouthDelta,Interior
Grant Ln Can @ Tracy Rd Bdg,4/22/1992,932,49,77.19407905,C,SouthDelta,Interior
Grant Ln Can @ Tracy Rd Bdg,7/24/1991,974,48,92.78926842,C,SouthDelta,Interior
Grant Line/Fabian/Bell Canals nr Old R.,9/3/1992,956,48,90.77667797,C,SouthDelta,Interior
Old River @ Middle River,2/10/2009,1079,47,84.02790463,D,SouthDelta,Interior
Old River nr Tracy,4/20/1994,942,47,78.884997,C,SouthDelta,Interior
Old River nr Tracy,7/26/1990,916,47,86.56430395,C,SouthDelta,Interior
Old River nr Tracy,7/22/1992,1120,46,92.3938467,C,SouthDelta,Interior
Old River @ Tracy Road Bridge - P12,4/9/2009,1013,46,75.01511525,D,SouthDelta,Interior
Old River @ Middle River,4/1/2009,1008,46,73.95020527,D,SouthDelta,Interior
Old River nr Tracy,8/19/1992,1160,45,92.0935494,C,SouthDelta,Interior
Grant Line Canal @ Tracy Blvd,1/12/2009,1009,45,89.32251087,D,SouthDelta,Interior
Old River nr Tracy,10/7/1992,974,45,92.45317986,C,SouthDelta,Interior
Old River @ Middle River,1/7/2009,962,45,86.91076865,D,SouthDelta,Interior
Grant Line/Fabian/Bell Canals nr Old R.,4/20/1994,922,45,78.884997,C,SouthDelta,Interior
Grant Ln Can @ Tracy Rd Bdg,7/26/1990,843,45,86.56430395,C,SouthDelta,Interior
Old River @ Tracy Road Bridge - P12,1/26/2009,995,44,88.07443799,D,SouthDelta,Interior
Old River nr Tracy,8/22/1990,857,44,83.47764088,C,SouthDelta,Interior
Grant Ln Can @ Tracy Rd Bdg,7/8/1993,855,44,75.05380959,AN,SouthDelta,Interior
Grant Line Canal @ Tracy Blvd,12/23/2008,928,43,91.80575032,C,SouthDelta,Interior
Grant Line Canal @ Tracy Blvd,12/11/2008,898,43,93.85276614,C,SouthDelta,Interior
Old River @ Middle River,12/22/2008,900,42,92.48009562,C,SouthDelta,Interior
Grant Ln Can @ Tracy Rd Bdg,10/7/1992,881,42,92.45317986,C,SouthDelta,Interior
Grant Ln Can @ Tracy Rd Bdg,4/25/1990,839,42,87.22990049,C,SouthDelta,Interior
Grant Line/Fabian/Bell Canals nr Old R.,7/31/1990,828,42,85.26138636,C,SouthDelta,Interior
Grant Ln Can @ Tracy Rd Bdg,4/20/1994,824,42,78.884997,C,SouthDelta,Interior
Grant Line Canal @ Tracy Blvd,1/26/2009,952,41,88.07443799,D,SouthDelta,Interior
Old River @ Tracy Road Bridge - P12,2/26/2009,911,40,60.14582078,D,SouthDelta,Interior
Old River @ Middle River,1/29/2009,862,40,83.77227583,D,SouthDelta,Interior
Grant Line/Fabian/Bell Canals nr Old R.,9/5/1990,816,40,86.59648732,C,SouthDelta,Interior
Old River nr Tracy,4/21/1993,802,40,62.38347365,AN,SouthDelta,Interior
Old River @ Tracy Road Bridge - P12,6/8/2009,739,40,77.24823856,D,SouthDelta,Interior
Grant Line/Fabian/Bell Canals nr Old R.,12/19/1991,909,39,95.49778406,C,SouthDelta,Interior
Old River @ Tracy Road Bridge - P12,3/9/2009,868,39,54.40866096,D,SouthDelta,Interior
Old River @ Middle River,2/25/2009,844,39,63.13375011,D,SouthDelta,Interior
Grant Line Canal @ Tracy Blvd,4/9/2009,844,39,75.01511525,D,SouthDelta,Interior
Old River @ Tracy Road Bridge - P12,4/23/2009,814,39,79.53429049,D,SouthDelta,Interior
Grant Line/Fabian/Bell Canals nr Old R.,7/20/1994,852,38,90.6143213,C,SouthDelta,Interior
Grant Line Canal @ Tracy Blvd,2/26/2009,840,38,60.14582078,D,SouthDelta,Interior
Grant Line/Fabian/Bell Canals nr Old R.,11/28/1990,829,38,92.60675328,D,SouthDelta,Interior
Grant Line/Fabian/Bell Canals nr Old R.,7/16/1990,777,38,85.00509504,C,SouthDelta,Interior
Grant Line/Fabian/Bell Canals nr Old R.,8/21/1991,840,37,88.57096592,C,SouthDelta,Interior
Grant Ln Can @ Tracy Rd Bdg,8/22/1990,735,37,83.47764088,C,SouthDelta,Interior
Old River nr Tracy,1/12/1994,771,36,82.38546939,C,SouthDelta,Interior
Grant Line/Fabian/Bell Canals nr Old R.,3/26/1991,698,36,72.01442228,C,SouthDelta,Interior
Old River @ Middle River,4/16/2009,694,36,67.73613947,D,SouthDelta,Interior
Grant Line/Fabian/Bell Canals nr Old R.,7/22/1992,900,34,92.3938467,C,SouthDelta,Interior
Grant Ln Can @ Tracy Rd Bdg,1/12/1994,726,34,82.38546939,C,SouthDelta,Interior
Grant Line/Fabian/Bell Canals nr Old R.,8/13/1990,672,33,82.37363354,C,SouthDelta,Interior
Grant Line/Fabian/Bell Canals nr Old R.,4/9/1991,666,33,70.47185036,C,SouthDelta,Interior
Grant Line/Fabian/Bell Canals nr Old R.,10/31/1990,817,32,92.89347904,D,SouthDelta,Interior
Grant Line Canal @ Tracy Blvd,3/9/2009,728,32,54.40866096,D,SouthDelta,Interior
Grant Line/Fabian/Bell Canals nr Old R.,8/22/1990,652,32,83.47764088,C,SouthDelta,Interior
Grant Line/Fabian/Bell Canals nr Old R.,8/28/1990,644,32,84.07314596,C,SouthDelta,Interior
Grant Line/Fabian/Bell Canals nr Old R.,10/17/1990,761,31,93.81403956,D,SouthDelta,Interior
Middle River @ Union Point - P10A,3/3/2014,725,30,80.57624471,C,SouthDelta,Interior
Grant Ln Can @ Tracy Rd Bdg,4/21/1993,615,30,62.38347365,AN,SouthDelta,Interior
Grant Line/Fabian/Bell Canals nr Old R.,7/24/1991,511,30,92.78926842,C,SouthDelta,Interior
Grant Line/Fabian/Bell Canals nr Old R.,8/19/1992,822,29,92.0935494,C,SouthDelta,Interior
Grant Line/Fabian/Bell Canals nr Old R.,10/20/1992,795,29,94.16017229,C,SouthDelta,Interior
Old River @ Tracy Road Bridge - P12,5/7/2009,554,29,68.40551796,D,SouthDelta,Interior
Middle River @ Union Point - P10A,3/2/2010,483,29,63.81753273,BN,SouthDelta,Interior
Grant Line/Fabian/Bell Canals nr Old R.,4/25/1990,671,28,87.22990049,C,SouthDelta,Interior
Grant Line Canal @ Tracy Blvd,6/8/2009,550,28,77.24823856,D,SouthDelta,Interior
Old River nr Tracy,9/1/1993,530,28,78.41118016,AN,SouthDelta,Interior
Grant Line/Fabian/Bell Canals nr Old R.,2/25/1991,840,27,94.18554964,C,SouthDelta,Interior
Grant Line/Fabian/Bell Canals nr Old R.,10/1/1990,595,27,91.47315676,D,SouthDelta,Interior
Middle River @ Union Point - P10A,3/2/2009,583,27,65.57301543,D,SouthDelta,Interior
Middle River @ Union Point - P10A,2/3/2014,774,26,93.92384943,C,SouthDelta,Interior
Middle River @ Union Point - P10A,2/3/2009,633,26,84.30493265,D,SouthDelta,Interior
Middle River @ Union Point - P10A,5/4/2015,568,26,94.17154572,C,SouthDelta,Interior
Middle River @ Union Point - P10A,4/8/2008,492,26,78.37516679,C,SouthDelta,Interior
Middle River @ Union Point - P10A,2/2/2010,536,25,54.29400396,BN,SouthDelta,Interior
Middle River @ Union Point - P10A,5/6/2008,503,25,81.24308533,C,SouthDelta,Interior
Middle River @ Union Point - P10A,3/5/2007,485,25,58.91442023,D,SouthDelta,Interior
Middle River @ Union Point - P10A,4/6/2010,441,25,68.63765096,BN,SouthDelta,Interior
Grant Line/Fabian/Bell Canals nr Old R.,11/14/1990,715,24,93.90716742,D,SouthDelta,Interior
Middle River @ Union Point - P10A,6/1/2015,697,24,93.2549537,C,SouthDelta,Interior
Grant Line/Fabian/Bell Canals nr Old R.,6/11/1992,686,24,90.14218042,C,SouthDelta,Interior
Grant Line/Fabian/Bell Canals nr Old R.,10/11/1990,631,24,94.23950241,D,SouthDelta,Interior
Middle River @ Union Point - P10A,2/3/2015,415,24,87.92593622,C,SouthDelta,Interior
Middle River @ Union Point - P10A,3/2/2015,406,24,78.10690622,C,SouthDelta,Interior
Grant Line/Fabian/Bell Canals nr Old R.,1/29/1991,700,23,94.90599798,C,SouthDelta,Interior
Grant Line/Fabian/Bell Canals nr Old R.,10/7/1992,684,23,92.45317986,C,SouthDelta,Interior
Middle River @ Union Point - P10A,1/6/2009,589,23,86.18470086,D,SouthDelta,Interior
Middle R @ Tracy Rd Bdg,3/2/1989,506,23,91.3346382,D,SouthDelta,Interior
Old River @ Tracy Road Bridge - P12,5/21/2009,488,23,75.54540529,D,SouthDelta,Interior
Middle River @ Union Point - P10A,1/5/2015,470,23,71.50190239,C,SouthDelta,Interior
Middle River @ Union Point - P10A,5/3/2016,461,23,75.47029728,BN,SouthDelta,Interior
Middle River @ Union Point - P10A,6/2/2008,435,23,81.73068377,C,SouthDelta,Interior
Middle River @ Union Point - P10A,4/6/2015,419,23,88.0123047,C,SouthDelta,Interior
Middle River @ Union Point - P10A,3/4/2008,374,23,66.16351777,C,SouthDelta,Interior
Grant Line/Fabian/Bell Canals nr Old R.,12/12/1990,781,22,93.02603777,C,SouthDelta,Interior
Grant Line/Fabian/Bell Canals nr Old R.,7/9/1992,724,22,91.63677332,C,SouthDelta,Interior
Grant Line/Fabian/Bell Canals nr Old R.,1/23/1992,546,22,92.69366513,C,SouthDelta,Interior
Middle River @ Union Point - P10A,2/3/2016,488,22,59.65346245,BN,SouthDelta,Interior
Grant Line/Fabian/Bell Canals nr Old R.,5/22/1991,479,22,90.63835999,C,SouthDelta,Interior
Grant Line Canal @ Tracy Blvd,4/23/2009,463,22,79.53429049,D,SouthDelta,Interior
Middle River @ Union Point - P10A,2/6/2007,460,22,79.89948567,D,SouthDelta,Interior
Middle River @ Union Point - P10A,2/5/2008,456,22,54.87619201,C,SouthDelta,Interior
Grant Line Canal @ Tracy Blvd,5/7/2009,425,22,68.40551796,D,SouthDelta,Interior
Middle River @ Union Point - P10A,2/4/2019,411,22,#N/A,W,SouthDelta,Interior
Grant Ln Can @ Tracy Rd Bdg,1/13/1993,376,22,64.09402935,AN,SouthDelta,Interior
Grant Line/Fabian/Bell Canals nr Old R.,10/24/1990,703,21,94.04183083,D,SouthDelta,Interior
Middle River @ Union Point - P10A,7/6/2015,667,21,95.81957478,C,SouthDelta,Interior
Middle River @ Union Point - P10A,1/9/2019,543,21,#N/A,W,SouthDelta,Interior
Middle River @ Union Point - P10A,5/5/2014,483,21,87.63000727,C,SouthDelta,Interior
Middle River @ Union Point - P10A,4/7/2014,459,21,75.44547873,C,SouthDelta,Interior
Grant Line/Fabian/Bell Canals nr Old R.,5/5/1992,397,21,86.61933596,C,SouthDelta,Interior
Grant Line/Fabian/Bell Canals nr Old R.,3/11/1992,360,21,67.72093556,C,SouthDelta,Interior
Middle River @ Union Point - P10A,12/7/2015,710,20,94.9140377,C,SouthDelta,Interior
Grant Line/Fabian/Bell Canals nr Old R.,6/26/1991,636,20,92.70986559,C,SouthDelta,Interior
Middle River @ Union Point - P10A,1/4/2016,601,20,89.47617765,BN,SouthDelta,Interior
Grant Line/Fabian/Bell Canals nr Old R.,6/13/1991,575,20,92.96709129,C,SouthDelta,Interior
Grant Line/Fabian/Bell Canals nr Old R.,7/10/1991,564,20,92.07471565,C,SouthDelta,Interior
Middle River @ Union Point - P10A,1/3/2008,544,20,83.34570353,C,SouthDelta,Interior
Middle River @ Union Point - P10A,1/5/2010,466,20,86.26711441,BN,SouthDelta,Interior
Middle River @ Union Point - P10A,11/6/2007,427,20,89.58054651,W,SouthDelta,Interior
Grant Line/Fabian/Bell Canals nr Old R.,4/22/1992,409,20,77.19407905,C,SouthDelta,Interior
Middle River @ Union Point - P10A,6/4/2007,399,20,80.25338455,D,SouthDelta,Interior
Grant Ln Can @ Tracy Rd Bdg,9/1/1993,386,20,78.41118016,AN,SouthDelta,Interior
Middle River @ Union Point - P10A,3/7/2011,372,20,56.35666923,W,SouthDelta,Interior
Middle River @ Union Point - P10A,5/5/2009,358,20,73.26168644,D,SouthDelta,Interior
Middle River @ Union Point - P10A,3/10/2016,321,20,62.66343249,BN,SouthDelta,Interior
Middle River @ Union Point - P10A,11/2/2015,675,19,93.88533024,C,SouthDelta,Interior
Middle River @ Union Point - P10A,8/3/2015,648,19,95.38511805,C,SouthDelta,Interior
Middle River @ Union Point - P10A,1/6/2014,601,19,92.33233742,C,SouthDelta,Interior
Middle River @ Union Point - P10A,12/2/2008,511,19,92.75840841,C,SouthDelta,Interior
Middle River @ Union Point - P10A,11/3/2008,443,19,93.02142734,D,SouthDelta,Interior
Middle River @ Union Point - P10A,2/5/2018,402,19,74.06112596,BN,SouthDelta,Interior
Middle River @ Union Point - P10A,5/4/2010,400,19,57.05251942,BN,SouthDelta,Interior
Middle River @ Union Point - P10A,2/7/2011,334,19,64.18410148,W,SouthDelta,Interior
Old River nr Tracy,1/13/1993,332,19,64.09402935,AN,SouthDelta,Interior
Middle River @ Union Point - P10A,4/7/2016,328,19,66.37589317,BN,SouthDelta,Interior
Middle River @ Union Point - P10A,10/5/2015,616,18,94.93479848,C,SouthDelta,Interior
Middle River @ Union Point - P10A,11/3/2014,613,18,92.39401068,D,SouthDelta,Interior
Middle River @ Union Point - P10A,12/1/2014,542,18,93.6049299,C,SouthDelta,Interior
Middle River @ Union Point - P10A,7/7/2014,541,18,90.2187572,C,SouthDelta,Interior
Grant Line/Fabian/Bell Canals nr Old R.,8/7/1991,536,18,92.52821793,C,SouthDelta,Interior
Middle River @ Union Point - P10A,12/2/2013,507,18,93.39492499,D,SouthDelta,Interior
Middle River @ Union Point - P10A,1/2/2007,490,18,80.23657174,D,SouthDelta,Interior
Grant Line/Fabian/Bell Canals nr Old R.,8/7/1990,482,18,84.4251127,C,SouthDelta,Interior
Middle River @ Union Point - P10A,11/4/2013,463,18,90.34617646,BN,SouthDelta,Interior
Middle River @ Union Point - P10A,10/1/2008,461,18,88.30977329,D,SouthDelta,Interior
Middle R @ Tracy Rd Bdg,7/24/1991,454,18,92.78926842,C,SouthDelta,Interior
Middle River @ Union Point - P10A,6/2/2014,436,18,93.56618111,C,SouthDelta,Interior
Grant Line/Fabian/Bell Canals nr Old R.,9/17/1990,422,18,85.19881494,C,SouthDelta,Interior
Middle River @ Union Point - P10A,10/6/2009,411,18,87.99178837,C,SouthDelta,Interior
Middle River @ Union Point - P10A,5/2/2007,346,18,74.44600721,D,SouthDelta,Interior
Middle River @ Union Point - P10A,12/5/2006,341,18,88.65054031,W,SouthDelta,Interior
Grant Line/Fabian/Bell Canals nr Old R.,4/8/1992,340,18,79.86326901,C,SouthDelta,Interior
Middle River @ Union Point - P10A,1/9/2017,338,18,56.18463132,W,SouthDelta,Interior
Middle River @ Union Point - P10A,6/2/2009,336,18,74.90839371,D,SouthDelta,Interior
Middle River @ Union Point - P10A,4/2/2007,318,18,72.02877378,D,SouthDelta,Interior
Middle River @ Union Point - P10A,7/1/2008,318,18,84.87243383,C,SouthDelta,Interior
Middle River @ Union Point - P10A,4/7/2009,314,18,75.36176628,D,SouthDelta,Interior
Middle River @ Union Point - P10A,9/9/2015,581,17,94.75346141,C,SouthDelta,Interior
Middle River @ Union Point - P10A,10/6/2014,503,17,94.77701545,D,SouthDelta,Interior
Middle River @ Union Point - P10A,8/4/2014,490,17,88.73599436,C,SouthDelta,Interior
Middle River @ Union Point - P10A,1/8/2018,456,17,84.74492337,BN,SouthDelta,Interior
Grant Line/Fabian/Bell Canals nr Old R.,9/25/1990,447,17,91.8739207,C,SouthDelta,Interior
Grant Line/Fabian/Bell Canals nr Old R.,7/10/1990,367,17,87.75334412,C,SouthDelta,Interior
Middle River @ Union Point - P10A,4/9/2018,358,17,54.04390508,BN,SouthDelta,Interior
Grant Line Canal @ Tracy Blvd,5/21/2009,353,17,75.54540529,D,SouthDelta,Interior
Middle River @ Union Point - P10A,5/7/2018,352,17,64.92049336,BN,SouthDelta,Interior
Grant Line/Fabian/Bell Canals nr Old R.,10/23/1991,463,16,94.27657666,C,SouthDelta,Interior
Grant Line/Fabian/Bell Canals nr Old R.,10/10/1991,430,16,88.47167384,C,SouthDelta,Interior
Middle River @ Union Point - P10A,10/7/2013,430,16,87.90258861,BN,SouthDelta,Interior
Middle River @ Union Point - P10A,12/7/2016,398,16,83.68530205,BN,SouthDelta,Interior
Grant Line/Fabian/Bell Canals nr Old R.,9/11/1990,397,16,86.1336185,C,SouthDelta,Interior
Grant Line/Fabian/Bell Canals nr Old R.,7/26/1990,396,16,86.56430395,C,SouthDelta,Interior
Middle River @ Union Point - P10A,9/2/2008,387,16,88.7732302,C,SouthDelta,Interior
Middle River @ Union Point - P10A,11/3/2009,352,16,88.3635176,C,SouthDelta,Interior
Middle River @ Union Point - P10A,12/4/2007,348,16,87.28423839,D,SouthDelta,Interior
Middle River @ Union Point - P10A,10/5/2010,340,16,83.98583932,D,SouthDelta,Interior
Middle River @ Union Point - P10A,12/1/2009,320,16,92.29828513,D,SouthDelta,Interior
Middle River @ Union Point - P10A,6/7/2016,319,16,82.94141541,BN,SouthDelta,Interior
Middle River @ Union Point - P10A,7/2/2007,303,16,80.94470218,D,SouthDelta,Interior
Middle River @ Union Point - P10A,11/7/2006,274,16,88.98570418,AN,SouthDelta,Interior
Middle River @ Union Point - P10A,10/3/2006,253,16,79.15994988,AN,SouthDelta,Interior
Middle River @ Union Point - P10A,3/13/2019,278,15.9,#N/A,W,SouthDelta,Interior
Middle River @ Union Point - P10A,12/3/2018,408,15.6,#N/A,BN,SouthDelta,Interior
Middle River @ Union Point - P10A,10/11/2018,407,15.5,#N/A,W,SouthDelta,Interior
Grant Line/Fabian/Bell Canals nr Old R.,9/26/1991,457,15,89.13268814,C,SouthDelta,Interior
Middle River @ Union Point - P10A,9/2/2014,452,15,90.3346038,C,SouthDelta,Interior
Middle River @ Union Point - P10A,10/4/2016,387,15,86.5637221,C,SouthDelta,Interior
Middle River @ Union Point - P10A,11/5/2018,362,15,#N/A,W,SouthDelta,Interior
Middle River @ Union Point - P10A,11/7/2016,353,15,87.41045331,C,SouthDelta,Interior
Middle River @ Union Point - P10A,9/9/2009,345,15,84.37552482,D,SouthDelta,Interior
Middle River @ Union Point - P10A,10/2/2007,335,15,87.02852586,W,SouthDelta,Interior
Middle River @ Union Point - P10A,11/3/2010,334,15,84.63274041,D,SouthDelta,Interior
Middle River @ Union Point - P10A,8/5/2008,304,15,88.35573476,C,SouthDelta,Interior
Middle River @ Union Point - P10A,8/2/2006,261,15,78.28975195,W,SouthDelta,Interior
Middle River @ Union Point - P10A,2/6/2017,258,15,50.46962633,W,SouthDelta,Interior
Middle River @ Union Point - P10A,4/4/2011,247,15,0,W,SouthDelta,Interior
Middle River @ Union Point - P10A,12/4/2017,246,15,83.87250454,W,SouthDelta,Interior
Middle River @ Union Point - P10A,9/10/2018,346,14.4,84.8982076,BN,SouthDelta,Interior
Grant Line/Fabian/Bell Canals nr Old R.,9/12/1991,423,14,88.08357466,C,SouthDelta,Interior
Middle River @ Union Point - P10A,9/5/2007,364,14,85.25541551,D,SouthDelta,Interior
Middle River @ Union Point - P10A,12/6/2010,321,14,84.27592276,BN,SouthDelta,Interior
Grant Line/Fabian/Bell Canals nr Old R.,10/20/1993,318,14,84.89979461,C,SouthDelta,Interior
Middle River @ Union Point - P10A,9/7/2010,294,14,86.84207092,BN,SouthDelta,Interior
Middle River @ Union Point - P10A,6/8/2010,288,14,67.97063022,BN,SouthDelta,Interior
Middle River @ Union Point - P10A,1/3/2011,274,14,53.33698971,W,SouthDelta,Interior
Middle River @ Union Point - P10A,6/6/2011,257,14,57.57300551,W,SouthDelta,Interior
Old River @ Middle River,6/9/1998,236,14,51.89782644,W,SouthDelta,Interior
Middle River @ Union Point - P10A,7/7/2009,228,14,82.06398554,D,SouthDelta,Interior
Middle River @ Union Point - P10A,9/7/2016,288,13,84.03725468,BN,SouthDelta,Interior
Middle River @ Union Point - P10A,6/5/2018,284,13,74.73149108,BN,SouthDelta,Interior
Middle River @ Union Point - P10A,8/6/2007,277,13,84.7182393,D,SouthDelta,Interior
Old River nr Tracy,10/20/1993,249,13,84.89979461,C,SouthDelta,Interior
Middle River @ Union Point - P10A,7/9/2018,246,13,82.60710477,BN,SouthDelta,Interior
Grant Ln Can @ Tracy Rd Bdg,10/20/1993,244,13,84.89979461,C,SouthDelta,Interior
Middle River @ Union Point - P10A,7/6/2010,241,13,80.72423904,BN,SouthDelta,Interior
Middle River @ Union Point - P10A,9/6/2006,240,13,78.70958184,W,SouthDelta,Interior
Middle River @ Union Point - P10A,8/7/2017,217,13,80.74384873,W,SouthDelta,Interior
Middle River @ Union Point - P10A,7/6/2016,222,12,84.55059684,BN,SouthDelta,Interior
Middle River @ Union Point - P10A,4/3/2017,201,12,49.18404199,W,SouthDelta,Interior
Middle River @ Union Point - P10A,5/2/2011,199,12,57.60965856,W,SouthDelta,Interior
Middle River @ Union Point - P10A,8/2/2010,189,12,79.32890201,BN,SouthDelta,Interior
Middle River @ Union Point - P10A,3/8/2017,187,12,46.65054443,W,SouthDelta,Interior
Middle River @ Union Point - P10A,8/6/2018,197,11.4,82.35063213,BN,SouthDelta,Interior
Middle River @ Union Point - P10A,8/4/2009,265,11,84.14076361,D,SouthDelta,Interior
Middle River @ Union Point - P10A,8/1/2016,207,11,83.57049111,BN,SouthDelta,Interior
Middle River @ Union Point - P10A,9/7/2017,193,11,77.48586469,W,SouthDelta,Interior
Middle River @ Union Point - P10A,10/2/2017,186,11,77.2692402,BN,SouthDelta,Interior
Middle River @ Union Point - P10A,7/5/2011,184,11,56.36389323,W,SouthDelta,Interior
Middle River @ Union Point - P10A,7/10/2017,177,11,70.04911852,W,SouthDelta,Interior
Middle River @ Union Point - P10A,6/5/2017,177,10,57.96351261,W,SouthDelta,Interior
Middle River @ Union Point - P10A,7/5/2006,154,9,67.43685291,W,SouthDelta,Interior
Middle River @ Union Point - P10A,5/3/2017,120,8,50.00669585,W,SouthDelta,Interior
