Long Station Name,Collection Date,EC,K,Sacramento X2,WYT,Location,Area
Contra Costa PP Number 01,8/5/1999,218,0.9,71.77110367,W,OMR,Interior
Contra Costa PP Number 01,8/9/1995,150,1,68.77947219,W,OMR,Interior
Middle River @ Union Point - P10A,8/2/2010,189,1,79.32890201,BN,OMR,Interior
Middle River @ Union Point - P10A,5/3/2017,120,1.1,50.00669585,W,OMR,Interior
Middle River at Bacon Island Bridge,8/10/1993,147,1.1,70.9026113,AN,OMR,Interior
Contra Costa PP Number 01,7/6/2005,151,1.1,69.97360216,AN,OMR,Interior
Middle River @ Union Point - P10A,7/5/2006,154,1.1,67.43685291,W,OMR,Interior
Contra Costa PP Number 01,7/22/1993,159,1.1,69.41514716,AN,OMR,Interior
Old River South of Rock Slough (St 5A),8/17/1982,184,1.1,76.46364235,W,OMR,Interior
Contra Costa PP Number 01,7/12/1995,146,1.2,65.49822638,W,OMR,Interior
Old River North of Rock Slough (St 4b),7/8/1993,148,1.2,75.05380959,AN,OMR,Interior
Rock Slough @ Old River,7/8/1993,156,1.2,75.05380959,AN,OMR,Interior
Old River South of Rock Slough (St 5A),7/29/1980,159,1.2,75.15820048,AN,OMR,Interior
Contra Costa PP Number 01,7/5/2006,162,1.2,67.43685291,W,OMR,Interior
Old River South of Rock Slough (St 5A),8/6/1980,170,1.2,76.44358914,AN,OMR,Interior
Old River South of Rock Slough (St 5A),7/21/1980,174,1.2,71.80905674,AN,OMR,Interior
Contra Costa PP Number 01,8/12/1993,185,1.2,71.58781984,AN,OMR,Interior
Contra Costa PP Number 01,9/6/1995,187,1.2,67.21706163,W,OMR,Interior
Contra Costa PP Number 01,11/8/1995,200,1.2,81.20170079,C,OMR,Interior
Old River South of Rock Slough (St 5A),4/18/1983,211,1.2,51.81872331,W,OMR,Interior
Contra Costa PP Number 01,5/4/2004,233,1.2,76.25300399,BN,OMR,Interior
Contra Costa PP Number 01,7/8/1993,159,1.3,75.05380959,AN,OMR,Interior
Rock Slough at Delta Road Bridge,7/5/2011,169,1.3,56.36389323,W,OMR,Interior
Old River South of Rock Slough (St 5A),5/25/1983,170,1.3,53.44081668,W,OMR,Interior
Old River South of Rock Slough (St 5A),7/14/1980,172,1.3,71.65830083,AN,OMR,Interior
Contra Costa PP Number 01,7/11/1996,175,1.3,75.57077698,W,OMR,Interior
Middle River at Bacon Island Bridge,9/1/1993,175,1.3,78.41118016,AN,OMR,Interior
Rock Slough @ Old River,6/27/1984,189,1.3,78.52956136,W,OMR,Interior
Middle River @ Union Point - P10A,9/7/2017,193,1.3,77.48586469,W,OMR,Interior
Old River South of Rock Slough (St 5A),8/18/1980,204,1.3,80.02274745,AN,OMR,Interior
Contra Costa PP Number 01,9/1/1993,205,1.3,78.41118016,AN,OMR,Interior
Clifton Court Intake,7/25/1984,212,1.3,75.0760343,W,OMR,Interior
Contra Costa PP Number 01,4/6/2004,238,1.3,69.18983307,BN,OMR,Interior
Middle River @ Union Point - P10A,9/6/2006,240,1.3,78.70958184,W,OMR,Interior
Middle River at Bacon Island Bridge,7/20/1993,161,1.4,75.81769133,AN,OMR,Interior
Clifton Court Intake,7/20/1993,166,1.4,75.81769133,AN,OMR,Interior
Middle River @ Union Point - P10A,6/5/2017,177,1.4,57.96351261,W,OMR,Interior
Middle River @ Union Point - P10A,7/10/2017,177,1.4,70.04911852,W,OMR,Interior
Middle River @ Union Point - P10A,7/5/2011,184,1.4,56.36389323,W,OMR,Interior
Old River South of Rock Slough (St 5A),7/7/1980,186,1.4,68.25641473,AN,OMR,Interior
Contra Costa PP Number 01,8/2/2005,196,1.4,80.7913406,AN,OMR,Interior
Middle River at Bacon Island Bridge,7/8/1993,203,1.4,75.05380959,AN,OMR,Interior
Middle River @ Union Point - P10A,8/1/2016,207,1.4,83.57049111,BN,OMR,Interior
Contra Costa PP Number 01,10/14/1998,208,1.4,70.16642583,W,OMR,Interior
Contra Costa PP Number 01,7/8/1999,211,1.4,73.33227294,W,OMR,Interior
Contra Costa PP Number 01,12/6/1995,213,1.4,79.32528838,W,OMR,Interior
Contra Costa PP Number 01,6/14/1995,214,1.4,58.38588799,W,OMR,Interior
Middle River @ Union Point - P10A,8/7/2017,217,1.4,80.74384873,W,OMR,Interior
Rock Slough @ Old River,7/25/1984,217,1.4,75.0760343,W,OMR,Interior
Contra Costa PP Number 01,8/2/2000,244,1.4,77.4197889,AN,OMR,Interior
Contra Costa PP Number 01,6/6/2000,254,1.4,72.94579268,AN,OMR,Interior
Middle River @ Union Point - P10A,6/6/2011,257,1.4,57.57300551,W,OMR,Interior
Middle River @ Union Point - P10A,8/2/2006,261,1.4,78.28975195,W,OMR,Interior
Contra Costa PP Number 01,9/2/1997,269,1.4,77.2650624,W,OMR,Interior
Middle River @ Union Point - P10A,8/6/2018,197,1.45,82.35063213,BN,OMR,Interior
Contra Costa PP Number 01,9/2/1998,161,1.5,67.79734317,W,OMR,Interior
Middle River @ Union Point - P10A,10/2/2017,186,1.5,77.2692402,BN,OMR,Interior
Contra Costa PP Number 01,11/4/1998,190,1.5,78.12007996,W,OMR,Interior
Rock Slough @ Old River,5/30/1984,194,1.5,76.19129629,W,OMR,Interior
Clifton Court Intake,4/9/1986,197,1.5,52.99907803,W,OMR,Interior
Middle River @ Union Point - P10A,4/3/2017,201,1.5,49.18404199,W,OMR,Interior
Old River North of Rock Slough (St 4b),9/1/1993,212,1.5,78.41118016,AN,OMR,Interior
Contra Costa PP Number 01,7/3/2000,229,1.5,80.70368222,AN,OMR,Interior
Contra Costa PP Number 01,3/6/2006,232,1.5,50.66954548,W,OMR,Interior
Old River South of Rock Slough (St 5A),3/26/1980,244,1.5,56.84018254,AN,OMR,Interior
Old River South of Rock Slough (St 5A),7/21/1982,244,1.5,78.29621658,W,OMR,Interior
Contra Costa PP Number 01,6/8/1993,250,1.5,57.7015985,AN,OMR,Interior
Contra Costa PP Number 01,4/2/2007,255,1.5,72.02877378,D,OMR,Interior
Rock Slough at Delta Road Bridge,6/6/2011,259,1.5,57.57300551,W,OMR,Interior
Contra Costa PP Number 01,10/3/2006,272,1.5,79.15994988,AN,OMR,Interior
Contra Costa PP Number 01,4/8/1999,324,1.5,57.34361395,W,OMR,Interior
Contra Costa PP Number 01,5/2/2000,381,1.5,63.70366373,AN,OMR,Interior
Old River South of Rock Slough (St 5A),5/5/1982,178,1.6,53.20631662,W,OMR,Interior
Old River South of Rock Slough (St 5A),6/30/1980,195,1.6,70.47262594,AN,OMR,Interior
Middle River @ Union Point - P10A,5/2/2011,199,1.6,57.60965856,W,OMR,Interior
Old River South of Rock Slough (St 5A),11/3/1980,201,1.6,78.34640114,BN,OMR,Interior
Old River South of Rock Slough (St 5A),10/20/1980,204,1.6,75.79339987,BN,OMR,Interior
Old River South of Rock Slough (St 5A),9/13/1982,208,1.6,66.6341757,W,OMR,Interior
Old River South of Rock Slough (St 5A),3/12/1980,212,1.6,49.22949664,AN,OMR,Interior
Rock Slough @ Old River,9/1/1993,216,1.6,78.41118016,AN,OMR,Interior
Old River South of Rock Slough (St 5A),6/16/1980,221,1.6,68.91440792,AN,OMR,Interior
Old River South of Rock Slough (St 5A),6/23/1980,221,1.6,68.0228655,AN,OMR,Interior
Middle River @ Union Point - P10A,7/6/2016,222,1.6,84.55059684,BN,OMR,Interior
Contra Costa PP Number 01,7/8/1998,233,1.6,56.61660003,W,OMR,Interior
Old River South of Rock Slough (St 5A),10/6/1980,236,1.6,77.15999944,BN,OMR,Interior
Middle River @ Union Point - P10A,7/6/2010,241,1.6,80.72423904,BN,OMR,Interior
Clifton Court Intake,9/21/1993,245,1.6,80.87356521,AN,OMR,Interior
Middle River @ Union Point - P10A,10/3/2006,253,1.6,79.15994988,AN,OMR,Interior
Old River South of Rock Slough (St 5A),6/22/1982,253,1.6,65.44959567,W,OMR,Interior
Contra Costa PP Number 01,6/7/2005,256,1.6,54.24209382,AN,OMR,Interior
Contra Costa PP Number 01,7/2/2002,262,1.6,80.39099747,D,OMR,Interior
Old River South of Rock Slough (St 5A),9/26/1980,265,1.6,76.604144,AN,OMR,Interior
Contra Costa PP Number 01,4/10/1997,272,1.6,73.77999403,W,OMR,Interior
Contra Costa PP Number 01,9/23/1993,285,1.6,83.44869348,AN,OMR,Interior
Middle River @ Union Point - P10A,6/8/2010,288,1.6,67.97063022,BN,OMR,Interior
Contra Costa PP Number 01,12/2/1998,289,1.6,64.89739823,W,OMR,Interior
Contra Costa PP Number 01,6/4/1997,294,1.6,78.50514499,W,OMR,Interior
Contra Costa PP Number 01,4/2/2002,295,1.6,71.94484474,D,OMR,Interior
Contra Costa PP Number 01,5/10/1995,307,1.6,49.34111805,W,OMR,Interior
Contra Costa PP Number 01,5/6/2003,330,1.6,51.50084909,AN,OMR,Interior
Contra Costa PP Number 01,6/4/2002,330,1.6,69.35185908,D,OMR,Interior
Middle River @ Union Point - P10A,3/7/2011,372,1.6,56.35666923,W,OMR,Interior
Contra Costa PP Number 01,4/4/2000,391,1.6,70.46558651,AN,OMR,Interior
Middle River @ Union Point - P10A,3/8/2017,187,1.7,46.65054443,W,OMR,Interior
Contra Costa PP Number 01,8/5/1998,190,1.7,70.95431958,W,OMR,Interior
Old River South of Rock Slough (St 5A),5/24/1982,196,1.7,58.78823135,W,OMR,Interior
Rock Slough @ Old River,4/21/1993,211,1.7,62.38347365,AN,OMR,Interior
Old River North of Rock Slough (St 4b),4/21/1993,212,1.7,62.38347365,AN,OMR,Interior
Middle River @ Union Point - P10A,7/7/2009,228,1.7,82.06398554,D,OMR,Interior
Old River South of Rock Slough (St 5A),6/10/1980,230,1.7,69.27641079,AN,OMR,Interior
Old River South of Rock Slough (St 5A),6/2/1981,232,1.7,75.30547237,D,OMR,Interior
Middle River @ Union Point - P10A,8/4/2009,265,1.7,84.14076361,D,OMR,Interior
Contra Costa PP Number 01,5/2/2007,268,1.7,74.44600721,D,OMR,Interior
Middle River @ Union Point - P10A,11/7/2006,274,1.7,88.98570418,AN,OMR,Interior
Contra Costa PP Number 01,6/2/1999,288,1.7,67.44761682,W,OMR,Interior
Contra Costa PP Number 01,6/4/2003,293,1.7,66.71648137,AN,OMR,Interior
Clifton Court Intake,6/10/1993,301,1.7,57.844797,AN,OMR,Interior
Contra Costa PP Number 01,11/7/2006,302,1.7,88.98570418,AN,OMR,Interior
Clifton Court Intake,6/4/1986,303,1.7,70.7018673,W,OMR,Interior
Contra Costa PP Number 01,3/12/1997,314,1.7,55.67296976,W,OMR,Interior
Contra Costa PP Number 01,5/6/2002,350,1.7,71.01564345,D,OMR,Interior
Contra Costa PP Number 01,4/4/1996,554,1.7,58.29157662,W,OMR,Interior
Old River South of Rock Slough (St 5A),11/16/1982,180,1.8,65.44459814,D,OMR,Interior
Old River South of Rock Slough (St 5A),1/6/1981,209,1.8,79.42709404,D,OMR,Interior
Old River South of Rock Slough (St 5A),1/30/1980,218,1.8,52.74067557,AN,OMR,Interior
Old River South of Rock Slough (St 5A),11/14/1980,219,1.8,78.251066,BN,OMR,Interior
Old River South of Rock Slough (St 5A),4/23/1981,226,1.8,75.00542927,D,OMR,Interior
Old River South of Rock Slough (St 5A),1/20/1981,227,1.8,84.3665229,D,OMR,Interior
Old River South of Rock Slough (St 5A),10/19/1982,234,1.8,67.33005042,D,OMR,Interior
Old River South of Rock Slough (St 5A),6/18/1981,243,1.8,80.97126487,D,OMR,Interior
Contra Costa PP Number 01,4/21/1993,265,1.8,62.38347365,AN,OMR,Interior
Middle River at Bacon Island Bridge,8/22/1990,269,1.8,83.47764088,C,OMR,Interior
Old River South of Rock Slough (St 5A),5/12/1981,269,1.8,80.86307077,D,OMR,Interior
Contra Costa PP Number 01,6/6/1996,277,1.8,61.33562885,W,OMR,Interior
Middle River @ Union Point - P10A,8/6/2007,277,1.8,84.7182393,D,OMR,Interior
Old River South of Rock Slough (St 5A),5/19/1980,277,1.8,62.05980719,AN,OMR,Interior
Old River South of Rock Slough (St 5A),5/27/1980,277,1.8,65.09270984,AN,OMR,Interior
Clifton Court Intake,5/7/1986,280,1.8,66.57784182,W,OMR,Interior
Contra Costa PP Number 01,9/5/1996,283,1.8,73.8076039,W,OMR,Interior
Old River South of Rock Slough (St 5A),9/3/1980,293,1.8,80.90049445,AN,OMR,Interior
Middle River @ Union Point - P10A,7/2/2007,303,1.8,80.94470218,D,OMR,Interior
Clifton Court Intake,8/10/1993,348,1.8,70.9026113,AN,OMR,Interior
Contra Costa PP Number 01,2/3/1999,352,1.8,51.6298188,W,OMR,Interior
Middle River @ Union Point - P10A,5/4/2010,400,1.8,57.05251942,BN,OMR,Interior
Contra Costa PP Number 01,4/3/2006,428,1.8,47.97842568,W,OMR,Interior
Old River South of Rock Slough (St 5A),12/16/1980,205,1.9,70.43542093,AN,OMR,Interior
Old River South of Rock Slough (St 5A),12/5/1980,220,1.9,81.24381742,AN,OMR,Interior
Rock Slough @ Old River,7/2/1986,225,1.9,77.07568175,W,OMR,Interior
Old River South of Rock Slough (St 5A),11/24/1980,225,1.9,79.91615184,BN,OMR,Interior
Old River South of Rock Slough (St 5A),2/14/1980,266,1.9,67.64537101,AN,OMR,Interior
Rock Slough @ Old River,9/24/1986,285,1.9,76.64482557,W,OMR,Interior
Contra Costa PP Number 01,1/10/1996,303,1.9,68.97868863,W,OMR,Interior
Old River South of Rock Slough (St 5A),4/8/1980,303,1.9,56.38489514,AN,OMR,Interior
Middle River @ Union Point - P10A,8/5/2008,304,1.9,88.35573476,C,OMR,Interior
Contra Costa PP Number 01,6/8/2004,308,1.9,86.24729429,BN,OMR,Interior
Old River near Rock Slough,6/19/1959,318,1.9,91.43818578,BN,OMR,Interior
Middle River @ Union Point - P10A,6/7/2016,319,1.9,82.94141541,BN,OMR,Interior
Old River near Rock Slough,6/19/1959,327,1.9,91.43818578,BN,OMR,Interior
Contra Costa PP Number 01,5/3/2005,346,1.9,60.83995013,AN,OMR,Interior
Contra Costa PP Number 01,5/2/1996,516,1.9,66.95278638,W,OMR,Interior
Middle River @ Union Point - P10A,7/9/2018,246,2,82.60710477,BN,OMR,Interior
Middle River @ Union Point - P10A,12/4/2017,246,2,83.87250454,W,OMR,Interior
Contra Costa PP Number 01,7/1/1997,249,2,78.99333076,W,OMR,Interior
Contra Costa PP Number 01,7/2/2007,264,2,80.94470218,D,OMR,Interior
Middle River @ Union Point - P10A,6/5/2018,284,2,74.73149108,BN,OMR,Interior
Middle River at Bacon Island Bridge,7/26/1990,286,2,86.56430395,C,OMR,Interior
Old River South of Rock Slough (St 5A),6/30/1981,287,2,87.70223073,D,OMR,Interior
Middle River @ Union Point - P10A,9/7/2016,288,2,84.03725468,BN,OMR,Interior
Middle River @ Union Point - P10A,9/7/2010,294,2,86.84207092,BN,OMR,Interior
Old River South of Rock Slough (St 5A),9/15/1980,312,2,76.57711741,AN,OMR,Interior
Middle River @ Union Point - P10A,4/2/2007,318,2,72.02877378,D,OMR,Interior
Middle River @ Union Point - P10A,11/3/2010,334,2,84.63274041,D,OMR,Interior
Middle River at Bacon Island Bridge,6/10/1993,337,2,57.844797,AN,OMR,Interior
Middle River @ Union Point - P10A,5/2/2007,346,2,74.44600721,D,OMR,Interior
Contra Costa PP Number 01,8/5/2003,348,2,69.2729812,AN,OMR,Interior
Middle River @ Union Point - P10A,5/7/2018,352,2,64.92049336,BN,OMR,Interior
Contra Costa PP Number 01,10/5/1993,368,2,83.89162437,C,OMR,Interior
Clifton Court Intake,5/13/1993,456,2,61.911538,AN,OMR,Interior
Clifton Court Intake,5/21/1992,463,2,91.77345049,C,OMR,Interior
Middle River @ Union Point - P10A,9/10/2018,346,2.02,84.8982076,BN,OMR,Interior
Old River South of Rock Slough (St 5A),12/14/1982,240,2.1,58.19292799,W,OMR,Interior
Old River South of Rock Slough (St 5A),3/4/1981,263,2.1,75.67405581,D,OMR,Interior
Contra Costa PP Number 01,8/6/1997,267,2.1,77.35304839,W,OMR,Interior
Middle River at Bacon Island Bridge,9/21/1993,275,2.1,80.87356521,AN,OMR,Interior
Middle River @ Union Point - P10A,3/13/2019,278,2.1,#N/A,W,OMR,Interior
Middle River at Bacon Island Bridge,10/20/1993,287,2.1,84.89979461,C,OMR,Interior
Clifton Court Intake,10/14/1993,287,2.1,84.61138109,C,OMR,Interior
Old River South of Rock Slough (St 5A),3/20/1981,294,2.1,75.19545039,D,OMR,Interior
Clifton Court Intake,3/4/1986,306,2.1,0,W,OMR,Interior
Contra Costa PP Number 01,3/5/2007,315,2.1,58.91442023,D,OMR,Interior
Contra Costa PP Number 01,2/3/2004,322,2.1,71.8099759,BN,OMR,Interior
Contra Costa PP Number 01,6/6/2001,335,2.1,80.28545946,D,OMR,Interior
Middle River @ Union Point - P10A,10/5/2010,340,2.1,83.98583932,D,OMR,Interior
Contra Costa PP Number 01,4/4/2001,341,2.1,72.87905364,D,OMR,Interior
Contra Costa PP Number 01,5/12/1993,410,2.1,63.16142825,AN,OMR,Interior
Middle River @ Union Point - P10A,5/5/2014,483,2.1,87.63000727,C,OMR,Interior
Contra Costa PP Number 01,3/2/2004,500,2.1,49.65011755,BN,OMR,Interior
Contra Costa PP Number 01,4/1/2003,663,2.1,69.81194277,AN,OMR,Interior
Middle River @ Union Point - P10A,4/4/2011,247,2.2,0,W,OMR,Interior
Old River near Rock Slough,10/30/1959,281,2.2,83.58656463,W,OMR,Interior
Old River South of Rock Slough (St 5A),1/20/1983,281,2.2,63.15136317,W,OMR,Interior
Old River North of Rock Slough (St 4b),3/23/1993,288,2.2,56.65439542,AN,OMR,Interior
Middle River at Bacon Island Bridge,11/10/1993,293,2.2,87.72748074,C,OMR,Interior
Old River North of Rock Slough (St 4b),4/22/1992,325,2.2,77.19407905,C,OMR,Interior
Rock Slough @ Old River,3/24/1994,328,2.2,72.52425966,C,OMR,Interior
Middle River @ Union Point - P10A,2/7/2011,334,2.2,64.18410148,W,OMR,Interior
Middle River @ Union Point - P10A,10/2/2007,335,2.2,87.02852586,W,OMR,Interior
Middle River at Bacon Island Bridge,8/25/1994,336,2.2,90.48799198,C,OMR,Interior
Middle River @ Union Point - P10A,6/2/2009,336,2.2,74.90839371,D,OMR,Interior
Old River South of Rock Slough (St 5A),3/21/1983,338,2.2,0,W,OMR,Interior
Middle River @ Union Point - P10A,9/9/2009,345,2.2,84.37552482,D,OMR,Interior
Old River North of Rock Slough (St 4b),4/20/1994,348,2.2,78.884997,C,OMR,Interior
Rock Slough @ Old River,4/20/1994,357,2.2,78.884997,C,OMR,Interior
Middle River @ Union Point - P10A,5/5/2009,358,2.2,73.26168644,D,OMR,Interior
Old River South of Rock Slough (St 5A),5/12/1980,358,2.2,65.43895548,AN,OMR,Interior
Contra Costa PP Number 01,2/5/2002,385,2.2,70.70857903,D,OMR,Interior
Middle River @ Union Point - P10A,6/4/2007,399,2.2,80.25338455,D,OMR,Interior
Rock Slough @ Old River,10/20/1993,425,2.2,84.89979461,C,OMR,Interior
Contra Costa PP Number 01,10/11/1995,193,2.3,69.40952731,C,OMR,Interior
Old River South of Rock Slough (St 5A),3/21/1986,210,2.3,0,W,OMR,Interior
Old River South of Rock Slough (St 5A),2/29/1980,227,2.3,49.08867267,AN,OMR,Interior
Old River South of Rock Slough (St 5A),2/5/1982,275,2.3,58.92308216,W,OMR,Interior
Contra Costa PP Number 01,7/1/2008,287,2.3,84.87243383,C,OMR,Interior
Rock Slough @ Old River,3/23/1993,301,2.3,56.65439542,AN,OMR,Interior
Middle River at Bacon Island Bridge,12/15/1993,305,2.3,84.34978841,AN,OMR,Interior
Middle River at Bacon Island Bridge,1/12/1994,311,2.3,82.38546939,C,OMR,Interior
Middle River @ Union Point - P10A,12/1/2009,320,2.3,92.29828513,D,OMR,Interior
Clifton Court Intake,3/26/1992,321,2.3,68.43776556,C,OMR,Interior
Middle River at Bacon Island Bridge,9/10/1991,323,2.3,92.73110822,C,OMR,Interior
Contra Costa PP Number 01,6/4/2007,324,2.3,80.25338455,D,OMR,Interior
Rock Slough @ Old River,4/22/1992,330,2.3,77.19407905,C,OMR,Interior
Old River North of Rock Slough (St 4b),5/5/1992,331,2.3,86.61933596,C,OMR,Interior
Old River South of Rock Slough (St 5A),4/3/1981,360,2.3,60.26052112,D,OMR,Interior
Contra Costa PP Number 01,4/22/1992,362,2.3,77.19407905,C,OMR,Interior
Contra Costa PP Number 01,5/13/1997,363,2.3,71.63203277,W,OMR,Interior
Middle River @ Union Point - P10A,9/5/2007,364,2.3,85.25541551,D,OMR,Interior
Contra Costa PP Number 01,4/20/1994,375,2.3,78.884997,C,OMR,Interior
Middle River @ Union Point - P10A,10/4/2016,387,2.3,86.5637221,C,OMR,Interior
Contra Costa PP Number 01,9/10/2003,388,2.3,81.97587927,AN,OMR,Interior
Middle River at Bacon Island Bridge,6/22/1994,389,2.3,89.49535368,C,OMR,Interior
Rock Slough @ Old River,5/19/1994,395,2.3,76.51544974,C,OMR,Interior
Contra Costa PP Number 01,2/8/1996,397,2.3,47.52751567,W,OMR,Interior
Contra Costa PP Number 01,3/3/2003,591,2.3,60.574921,AN,OMR,Interior
Old River South of Rock Slough (St 5A),12/18/1981,254,2.4,56.1313435,D,OMR,Interior
Rock Slough @ Old River,2/18/1993,290,2.4,59.5796831,AN,OMR,Interior
Old River South of Rock Slough (St 5A),4/21/1980,304,2.4,62.47778168,AN,OMR,Interior
Middle River @ Union Point - P10A,7/1/2008,318,2.4,84.87243383,C,OMR,Interior
Middle River @ Union Point - P10A,12/6/2010,321,2.4,84.27592276,BN,OMR,Interior
Contra Costa PP Number 01,3/13/1995,322,2.4,37.53111646,W,OMR,Interior
Old River North of Rock Slough (St 4b),4/8/1992,327,2.4,79.86326901,C,OMR,Interior
Rock Slough @ Old River,4/8/1992,334,2.4,79.86326901,C,OMR,Interior
Middle River at Bacon Island Bridge,4/22/1992,335,2.4,77.19407905,C,OMR,Interior
Old River South of Rock Slough (St 5A),2/17/1983,336,2.4,0,W,OMR,Interior
Rock Slough @ Old River,5/5/1992,337,2.4,86.61933596,C,OMR,Interior
Middle River @ Union Point - P10A,12/5/2006,341,2.4,88.65054031,W,OMR,Interior
Middle River at Bacon Island Bridge,4/25/1990,349,2.4,87.22990049,C,OMR,Interior
Old River near Rock Slough,10/1/1959,352,2.4,78.11676896,W,OMR,Interior
Old River South of Rock Slough (St 5A),7/16/1981,366,2.4,87.76825037,D,OMR,Interior
Middle River at Bacon Island Bridge,5/13/1993,411,2.4,61.911538,AN,OMR,Interior
Contra Costa PP Number 01,7/7/2004,430,2.4,83.05294294,BN,OMR,Interior
Contra Costa PP Number 01,4/8/2008,465,2.4,78.37516679,C,OMR,Interior
Clifton Court Intake,6/27/1984,472,2.4,78.52956136,W,OMR,Interior
Middle River @ Union Point - P10A,3/5/2007,485,2.4,58.91442023,D,OMR,Interior
Contra Costa PP Number 01,4/4/2005,499,2.4,55.79737907,AN,OMR,Interior
Old River South of Rock Slough (St 5A),2/16/1981,279,2.5,68.66305851,D,OMR,Interior
Middle River at Bacon Island Bridge,3/26/1992,290,2.5,68.43776556,C,OMR,Interior
Contra Costa PP Number 01,10/3/1996,292,2.5,81.93439648,W,OMR,Interior
Middle River at Bacon Island Bridge,4/7/1992,297,2.5,81.84286737,C,OMR,Interior
Old River South of Rock Slough (St 5A),5/5/1980,318,2.5,64.64696862,AN,OMR,Interior
Middle River @ Union Point - P10A,3/10/2016,321,2.5,62.66343249,BN,OMR,Interior
Old River South of Rock Slough (St 5A),2/3/1981,325,2.5,59.47117587,D,OMR,Interior
Old River near Rock Slough,10/30/1959,345,2.5,83.58656463,W,OMR,Interior
Middle River at Bacon Island Bridge,8/21/1991,347,2.5,88.57096592,C,OMR,Interior
Middle River @ Union Point - P10A,12/4/2007,348,2.5,87.28423839,D,OMR,Interior
Old River South of Rock Slough (St 5A),4/16/1982,348,2.5,0,W,OMR,Interior
Middle River @ Union Point - P10A,11/3/2009,352,2.5,88.3635176,C,OMR,Interior
Middle River at Bacon Island Bridge,7/20/1994,365,2.5,90.6143213,C,OMR,Interior
Rock Slough @ Old River,2/17/1994,370,2.5,75.37363149,C,OMR,Interior
Middle River @ Union Point - P10A,9/2/2008,387,2.5,88.7732302,C,OMR,Interior
Contra Costa PP Number 01,5/6/2008,415,2.5,81.24308533,C,OMR,Interior
Contra Costa PP Number 01,5/26/1994,427,2.5,79.98947042,C,OMR,Interior
Middle River at Bacon Island Bridge,4/20/1994,441,2.5,78.884997,C,OMR,Interior
Clifton Court Intake,6/22/1994,450,2.5,89.49535368,C,OMR,Interior
Contra Costa PP Number 01,11/7/1996,495,2.5,84.27562766,W,OMR,Interior
Middle River at Bacon Island Bridge,5/19/1994,499,2.5,76.51544974,C,OMR,Interior
Old River South of Rock Slough (St 5A),3/15/1982,207,2.6,49.23180133,W,OMR,Interior
Old River North of Rock Slough (St 4b),3/11/1992,302,2.6,67.72093556,C,OMR,Interior
Middle River @ Union Point - P10A,4/7/2009,314,2.6,75.36176628,D,OMR,Interior
Old River North of Rock Slough (St 4b),1/12/1994,337,2.6,82.38546939,C,OMR,Interior
Rock Slough @ Old River,1/12/1994,341,2.6,82.38546939,C,OMR,Interior
Middle River at Bacon Island Bridge,1/19/1994,356,2.6,80.49647088,C,OMR,Interior
Clifton Court Intake,1/19/1994,367,2.6,80.49647088,C,OMR,Interior
Contra Costa PP Number 01,2/9/1994,388,2.6,80.94524586,C,OMR,Interior
Old River near Rock Slough,10/1/1959,396,2.6,78.11676896,W,OMR,Interior
Clifton Court Intake,4/8/1993,400,2.6,54.30864006,AN,OMR,Interior
Contra Costa PP Number 01,6/16/1994,407,2.6,86.55672415,C,OMR,Interior
Contra Costa PP Number 01,9/6/2005,418,2.6,83.07162013,AN,OMR,Interior
Middle River @ Union Point - P10A,6/2/2014,436,2.6,93.56618111,C,OMR,Interior
Rock Slough @ Old River,6/22/1994,450,2.6,89.49535368,C,OMR,Interior
Contra Costa PP Number 01,10/20/1993,458,2.6,84.89979461,C,OMR,Interior
Middle River @ Union Point - P10A,2/6/2007,460,2.6,79.89948567,D,OMR,Interior
Contra Costa PP Number 01,8/3/2004,470,2.6,81.28623188,BN,OMR,Interior
Contra Costa PP Number 01,3/7/2005,654,2.6,57.47547175,AN,OMR,Interior
Old River South of Rock Slough (St 5A),1/5/1982,240,2.7,0,W,OMR,Interior
Middle River @ Union Point - P10A,1/3/2011,274,2.7,53.33698971,W,OMR,Interior
Middle River at Bacon Island Bridge,4/23/1991,294,2.7,85.01362795,C,OMR,Interior
Middle River at Bacon Island Bridge,10/14/1993,295,2.7,84.61138109,C,OMR,Interior
Rock Slough @ Old River,3/11/1992,318,2.7,67.72093556,C,OMR,Interior
Middle River @ Union Point - P10A,11/5/2018,362,2.7,#N/A,W,OMR,Interior
Middle River at Bacon Island Bridge,10/23/1991,365,2.7,94.27657666,C,OMR,Interior
Contra Costa PP Number 01,6/2/2008,366,2.7,81.73068377,C,OMR,Interior
Clifton Court Intake,3/20/1990,404,2.7,85.09103604,C,OMR,Interior
Middle River at Bacon Island Bridge,9/22/1994,407,2.7,90.04354307,C,OMR,Interior
Clifton Court Intake,2/17/1994,415,2.7,75.37363149,C,OMR,Interior
Clifton Court Intake,11/10/1993,418,2.7,87.72748074,C,OMR,Interior
Clifton Court Intake,3/24/1994,437,2.7,72.52425966,C,OMR,Interior
Middle River at Bacon Island Bridge,4/21/1993,440,2.7,62.38347365,AN,OMR,Interior
Middle River @ Union Point - P10A,4/6/2010,441,2.7,68.63765096,BN,OMR,Interior
Middle River @ Union Point - P10A,5/3/2016,461,2.7,75.47029728,BN,OMR,Interior
Middle River @ Union Point - P10A,4/8/2008,492,2.7,78.37516679,C,OMR,Interior
Middle River @ Union Point - P10A,12/3/2018,408,2.77,#N/A,BN,OMR,Interior
Middle River @ Union Point - P10A,2/6/2017,258,2.8,50.46962633,W,OMR,Interior
Middle River @ Union Point - P10A,4/9/2018,358,2.8,54.04390508,BN,OMR,Interior
Rock Slough @ Old River,6/26/1990,377,2.8,87.03302324,C,OMR,Interior
Contra Costa PP Number 01,2/7/2005,379,2.8,66.68285541,AN,OMR,Interior
Clifton Court Intake,8/21/1990,397,2.8,82.94560259,C,OMR,Interior
Contra Costa PP Number 01,1/5/1994,403,2.8,81.23635172,C,OMR,Interior
Contra Costa PP Number 01,3/24/1992,421,2.8,67.98576989,C,OMR,Interior
Contra Costa PP Number 01,1/9/1997,427,2.8,31.8495819,W,OMR,Interior
Middle River @ Union Point - P10A,11/6/2007,427,2.8,89.58054651,W,OMR,Interior
Middle River @ Union Point - P10A,10/7/2013,430,2.8,87.90258861,BN,OMR,Interior
Old River North of Rock Slough (St 4b),10/20/1993,436,2.8,84.89979461,C,OMR,Interior
Contra Costa PP Number 01,2/6/2007,456,2.8,79.89948567,D,OMR,Interior
Contra Costa PP Number 01,1/6/1999,459,2.8,64.63920091,W,OMR,Interior
Contra Costa PP Number 01,12/5/2006,461,2.8,88.65054031,W,OMR,Interior
Contra Costa PP Number 01,2/5/2008,462,2.8,54.87619201,C,OMR,Interior
Contra Costa PP Number 01,11/7/2005,468,2.8,89.68142253,BN,OMR,Interior
Middle River @ Union Point - P10A,1/2/2007,490,2.8,80.23657174,D,OMR,Interior
Middle River @ Union Point - P10A,5/6/2008,503,2.8,81.24308533,C,OMR,Interior
Middle River @ Union Point - P10A,11/7/2016,353,2.9,87.41045331,C,OMR,Interior
Contra Costa PP Number 01,3/4/2008,361,2.9,66.16351777,C,OMR,Interior
Middle River @ Union Point - P10A,12/7/2016,398,2.9,83.68530205,BN,OMR,Interior
Middle River @ Union Point - P10A,10/11/2018,407,2.9,#N/A,W,OMR,Interior
Middle River @ Union Point - P10A,10/6/2009,411,2.9,87.99178837,C,OMR,Interior
Middle River at Bacon Island Bridge,8/5/1991,415,2.9,91.32485805,C,OMR,Interior
Middle River @ Union Point - P10A,6/2/2008,435,2.9,81.73068377,C,OMR,Interior
Middle River @ Union Point - P10A,9/2/2014,452,2.9,90.3346038,C,OMR,Interior
Middle River @ Union Point - P10A,1/8/2018,456,2.9,84.74492337,BN,OMR,Interior
Clifton Court Intake,7/25/1990,457,2.9,87.85147172,C,OMR,Interior
Middle River @ Union Point - P10A,10/1/2008,461,2.9,88.30977329,D,OMR,Interior
Contra Costa PP Number 01,1/12/1994,482,2.9,82.38546939,C,OMR,Interior
Contra Costa PP Number 01,10/3/2005,504,2.9,81.90521431,BN,OMR,Interior
Clifton Court Intake,4/24/1990,532,2.9,86.79032173,C,OMR,Interior
Clifton Court Intake,5/19/1994,599,2.9,76.51544974,C,OMR,Interior
Clifton Court Intake,6/27/1990,786,2.9,84.4854239,C,OMR,Interior
Middle River at Bacon Island Bridge,5/21/1991,359,3,91.14886705,C,OMR,Interior
Middle River at Bacon Island Bridge,7/24/1991,404,3,92.78926842,C,OMR,Interior
Middle River @ Union Point - P10A,3/2/2015,406,3,78.10690622,C,OMR,Interior
Middle River at Bacon Island Bridge,3/25/1993,416,3,54.90975845,AN,OMR,Interior
Middle River @ Union Point - P10A,4/6/2015,419,3,88.0123047,C,OMR,Interior
Middle River at Bacon Island Bridge,1/24/1990,420,3,79.66720736,C,OMR,Interior
Contra Costa PP Number 01,5/5/1999,451,3,57.23000982,W,OMR,Interior
Clifton Court Intake,10/20/1994,451,3,92.73586707,AN,OMR,Interior
Middle River at Bacon Island Bridge,5/21/1992,458,3,91.77345049,C,OMR,Interior
Middle River @ Union Point - P10A,4/7/2014,459,3,75.44547873,C,OMR,Interior
Old River North of Rock Slough (St 4b),8/22/1990,463,3,83.47764088,C,OMR,Interior
Middle River at Bacon Island Bridge,2/17/1994,482,3,75.37363149,C,OMR,Interior
Middle River @ Union Point - P10A,3/2/2010,483,3,63.81753273,BN,OMR,Interior
Old River near Rock Slough,9/15/1959,486,3,84.58759953,BN,OMR,Interior
Contra Costa PP Number 01,2/6/2006,491,3,52.81827396,W,OMR,Interior
Contra Costa PP Number 01,8/6/2007,492,3,84.7182393,D,OMR,Interior
Middle River @ Union Point - P10A,10/6/2014,503,3,94.77701545,D,OMR,Interior
Contra Costa PP Number 01,9/8/2004,540,3,83.45154489,BN,OMR,Interior
Contra Costa PP Number 01,3/7/1996,898,3,46.46251523,W,OMR,Interior
Middle River @ Union Point - P10A,1/9/2017,338,3.1,56.18463132,W,OMR,Interior
Contra Costa PP Number 01,2/10/1993,361,3.1,66.22571537,AN,OMR,Interior
Middle River at Bacon Island Bridge,9/24/1990,368,3.1,90.82305445,C,OMR,Interior
Contra Costa PP Number 01,5/19/1992,451,3.1,92.35936602,C,OMR,Interior
Middle River at Bacon Island Bridge,5/7/1992,456,3.1,90.34949329,C,OMR,Interior
Middle River at Bacon Island Bridge,9/24/1992,458,3.1,92.85385013,C,OMR,Interior
Middle River @ Union Point - P10A,11/4/2013,463,3.1,90.34617646,BN,OMR,Interior
Clifton Court Intake,2/21/1990,472,3.1,80.12996718,C,OMR,Interior
Rock Slough @ Old River,8/22/1990,477,3.1,83.47764088,C,OMR,Interior
Old River near Rock Slough,9/15/1959,509,3.1,84.58759953,BN,OMR,Interior
Contra Costa PP Number 01,4/10/1995,635,3.1,50.51772825,W,OMR,Interior
Middle River @ Union Point - P10A,2/5/2018,402,3.2,74.06112596,BN,OMR,Interior
Old River South of Rock Slough (St 5A),12/3/1981,423,3.2,52.53667998,D,OMR,Interior
Middle River at Bacon Island Bridge,1/23/1992,455,3.2,92.69366513,C,OMR,Interior
Middle River at Bacon Island Bridge,9/1/1992,465,3.2,91.88565434,C,OMR,Interior
Middle River at Bacon Island Bridge,3/24/1994,516,3.2,72.52425966,C,OMR,Interior
Clifton Court Intake,5/21/1991,527,3.2,91.14886705,C,OMR,Interior
Contra Costa PP Number 01,10/3/2000,548,3.2,87.25802224,W,OMR,Interior
Contra Costa PP Number 01,3/6/2001,753,3.2,70.05240742,D,OMR,Interior
Middle River at Bacon Island Bridge,2/9/1993,320,3.3,67.78217395,AN,OMR,Interior
Clifton Court Intake,2/9/1993,345,3.3,67.78217395,AN,OMR,Interior
Middle River at Bacon Island Bridge,1/13/1993,423,3.3,64.09402935,AN,OMR,Interior
Middle River at Bacon Island Bridge,6/28/1991,451,3.3,91.92518677,C,OMR,Interior
Middle River at Bacon Island Bridge,10/20/1994,464,3.3,92.73586707,AN,OMR,Interior
Clifton Court Intake,9/10/1991,469,3.3,92.73110822,C,OMR,Interior
Middle River at Bacon Island Bridge,8/19/1992,484,3.3,92.0935494,C,OMR,Interior
Clifton Court Intake,9/24/1990,504,3.3,90.82305445,C,OMR,Interior
Contra Costa PP Number 01,10/13/1994,569,3.3,90.78710967,AN,OMR,Interior
Middle River @ Union Point - P10A,3/4/2008,374,3.4,66.16351777,C,OMR,Interior
Middle River @ Union Point - P10A,2/3/2015,415,3.4,87.92593622,C,OMR,Interior
Middle River at Bacon Island Bridge,4/8/1993,465,3.4,54.30864006,AN,OMR,Interior
Middle River at Bacon Island Bridge,3/25/1991,469,3.4,72.32639176,C,OMR,Interior
Middle River @ Union Point - P10A,8/4/2014,490,3.4,88.73599436,C,OMR,Interior
Contra Costa PP Number 01,8/5/2008,492,3.4,88.35573476,C,OMR,Interior
Middle River at Bacon Island Bridge,1/7/1992,519,3.4,93.01508883,C,OMR,Interior
Old River North of Rock Slough (St 4b),7/26/1990,524,3.4,86.56430395,C,OMR,Interior
Contra Costa PP Number 01,12/6/2004,579,3.4,88.99645057,BN,OMR,Interior
Contra Costa PP Number 01,10/7/2003,604,3.4,88.64679121,D,OMR,Interior
Contra Costa PP Number 01,1/8/2002,616,3.4,54.28372948,D,OMR,Interior
Contra Costa PP Number 01,3/11/1993,801,3.4,59.02850507,AN,OMR,Interior
Middle River @ Union Point - P10A,11/3/2008,443,3.5,93.02142734,D,OMR,Interior
Clifton Court Intake,12/15/1993,490,3.5,84.34978841,AN,OMR,Interior
Old River North of Rock Slough (St 4b),6/28/1988,512,3.5,88.84197167,C,OMR,Interior
Clifton Court Intake,2/14/1990,515,3.5,84.5852336,C,OMR,Interior
Middle River at Bacon Island Bridge,7/22/1992,527,3.5,92.3938467,C,OMR,Interior
Clifton Court Intake,7/23/1991,528,3.5,91.47785985,C,OMR,Interior
Middle River at Bacon Island Bridge,6/9/1992,535,3.5,88.84783983,C,OMR,Interior
Middle River at Bacon Island Bridge,12/11/1990,542,3.5,93.08539402,C,OMR,Interior
Rock Slough @ Old River,10/10/1991,554,3.5,88.47167384,C,OMR,Interior
Old River South of Rock Slough (St 5A),10/14/1981,557,3.5,89.11569229,AN,OMR,Interior
Old River North of Rock Slough (St 4b),10/10/1991,563,3.5,88.47167384,C,OMR,Interior
Contra Costa PP Number 01,12/2/2008,574,3.5,92.75840841,C,OMR,Interior
Contra Costa PP Number 01,1/13/1993,633,3.5,64.09402935,AN,OMR,Interior
Contra Costa PP Number 01,10/7/1999,892,3.5,85.55971154,W,OMR,Interior
Contra Costa PP Number 01,12/7/1999,1390,3.5,84.3486242,W,OMR,Interior
Old River South of Rock Slough (St 5A),11/24/1981,451,3.6,65.98476899,AN,OMR,Interior
Middle River @ Union Point - P10A,2/5/2008,456,3.6,54.87619201,C,OMR,Interior
Middle River @ Union Point - P10A,1/5/2010,466,3.6,86.26711441,BN,OMR,Interior
Middle River at Bacon Island Bridge,10/19/1992,534,3.6,94.57151352,C,OMR,Interior
Old River North of Rock Slough (St 4b),8/7/1991,539,3.6,92.52821793,C,OMR,Interior
Middle River @ Union Point - P10A,7/7/2014,541,3.6,90.2187572,C,OMR,Interior
Old River South of Rock Slough (St 5A),11/10/1981,545,3.6,88.94945498,AN,OMR,Interior
Rock Slough @ Old River,8/7/1991,546,3.6,92.52821793,C,OMR,Interior
Rock Slough @ Old River,3/20/1990,548,3.6,85.09103604,C,OMR,Interior
Rock Slough @ Old River,8/21/1991,550,3.6,88.57096592,C,OMR,Interior
Old River South of Rock Slough (St 5A),8/3/1981,553,3.6,85.40012999,D,OMR,Interior
Middle River at Bacon Island Bridge,11/13/1990,625,3.6,93.89378554,D,OMR,Interior
Contra Costa PP Number 01,11/4/2003,673,3.6,88.40480968,D,OMR,Interior
Contra Costa PP Number 01,1/6/1998,920,3.69,80.42409534,W,OMR,Interior
Rock Slough @ Old River,1/27/1993,294,3.7,54.16889291,AN,OMR,Interior
Old River North of Rock Slough (St 4b),1/27/1993,302,3.7,54.16889291,AN,OMR,Interior
Middle River @ Union Point - P10A,4/7/2016,328,3.7,66.37589317,BN,OMR,Interior
Middle River @ Union Point - P10A,12/2/2013,507,3.7,93.39492499,D,OMR,Interior
Middle River @ Union Point - P10A,12/2/2008,511,3.7,92.75840841,C,OMR,Interior
Old River South of Rock Slough (St 5A),6/28/1988,533,3.7,88.84197167,C,OMR,Interior
Contra Costa PP Number 01,5/21/1991,537,3.7,91.14886705,C,OMR,Interior
Middle River @ Union Point - P10A,12/1/2014,542,3.7,93.6049299,C,OMR,Interior
Middle River at Bacon Island Bridge,11/21/1991,547,3.7,93.42904814,C,OMR,Interior
Old River North of Rock Slough (St 4b),8/21/1991,551,3.7,88.57096592,C,OMR,Interior
Middle River at Bacon Island Bridge,6/25/1992,564,3.7,90.85817896,C,OMR,Interior
Clifton Court Intake,6/4/1992,569,3.7,92.61021102,C,OMR,Interior
Middle River at Bacon Island Bridge,8/4/1992,571,3.7,93.425676,C,OMR,Interior
Rock Slough @ Old River,7/26/1990,572,3.7,86.56430395,C,OMR,Interior
Middle River @ Union Point - P10A,9/9/2015,581,3.7,94.75346141,C,OMR,Interior
Contra Costa PP Number 01,10/23/1991,585,3.7,94.27657666,C,OMR,Interior
Middle River @ Union Point - P10A,10/5/2015,616,3.7,94.93479848,C,OMR,Interior
Old River near Rock Slough,9/2/1959,621,3.7,91.96611223,BN,OMR,Interior
Old River South of Rock Slough (St 5A),8/18/1981,628,3.7,87.20292234,D,OMR,Interior
Contra Costa PP Number 01,12/5/2005,660,3.7,82.80590189,AN,OMR,Interior
Contra Costa PP Number 01,11/7/2000,668,3.7,84.3926938,W,OMR,Interior
Contra Costa PP Number 01,12/3/2002,850,3.7,93.0185482,D,OMR,Interior
Clifton Court Intake,12/10/1992,875,3.7,95.44056579,C,OMR,Interior
Middle River at Bacon Island Bridge,3/9/1993,471,3.8,59.04059358,AN,OMR,Interior
Middle River at Bacon Island Bridge,10/7/1992,522,3.8,92.45317986,C,OMR,Interior
Middle River at Bacon Island Bridge,1/29/1991,532,3.8,94.90599798,C,OMR,Interior
Contra Costa PP Number 01,2/6/1995,533,3.8,48.45038827,W,OMR,Interior
Middle River @ Union Point - P10A,1/3/2008,544,3.8,83.34570353,C,OMR,Interior
Clifton Court Intake,3/27/1991,548,3.8,71.68911216,C,OMR,Interior
Contra Costa PP Number 01,12/16/1993,566,3.8,82.70555681,AN,OMR,Interior
Middle River @ Union Point - P10A,3/2/2009,583,3.8,65.57301543,D,OMR,Interior
Middle River at Bacon Island Bridge,10/24/1990,585,3.8,94.04183083,D,OMR,Interior
Middle River @ Union Point - P10A,1/6/2009,589,3.8,86.18470086,D,OMR,Interior
Clifton Court Intake,5/23/1990,654,3.8,90.30188297,C,OMR,Interior
Contra Costa PP Number 01,12/5/1996,688,3.8,78.03491703,W,OMR,Interior
Contra Costa PP Number 01,11/1/2004,765,3.8,83.50140273,AN,OMR,Interior
Contra Costa PP Number 01,2/5/1998,879,3.85,41.15155574,W,OMR,Interior
Middle River at Bacon Island Bridge,10/8/1991,398,3.9,88.19157893,C,OMR,Interior
Middle River @ Union Point - P10A,2/4/2019,411,3.9,#N/A,W,OMR,Interior
Middle River @ Union Point - P10A,2/2/2010,536,3.9,54.29400396,BN,OMR,Interior
Clifton Court Intake,8/25/1994,597,3.9,90.48799198,C,OMR,Interior
Middle River @ Union Point - P10A,11/3/2014,613,3.9,92.39401068,D,OMR,Interior
Old River near Rock Slough,9/2/1959,644,3.9,91.96611223,BN,OMR,Interior
Contra Costa PP Number 01,8/5/2002,665,3.9,83.27712196,D,OMR,Interior
Old River near Rock Slough,7/7/1959,716,3.9,94.29889644,BN,OMR,Interior
Contra Costa PP Number 01,12/3/2003,724,3.9,87.61870823,AN,OMR,Interior
Contra Costa PP Number 01,2/8/2000,385,4,57.61717763,AN,OMR,Interior
Middle River @ Union Point - P10A,1/5/2015,470,4,71.50190239,C,OMR,Interior
Old River North of Rock Slough (St 4b),7/24/1991,595,4,92.78926842,C,OMR,Interior
Rock Slough @ Old River,7/24/1991,596,4,92.78926842,C,OMR,Interior
Rock Slough @ Old River,2/23/1990,598,4,83.08252588,C,OMR,Interior
Middle River @ Union Point - P10A,1/6/2014,601,4,92.33233742,C,OMR,Interior
Middle River at Bacon Island Bridge,11/19/1992,607,4,93.66767375,C,OMR,Interior
Contra Costa PP Number 01,11/17/1993,647,4,88.13138401,C,OMR,Interior
Middle River @ Union Point - P10A,8/3/2015,648,4,95.38511805,C,OMR,Interior
Clifton Court Intake,9/22/1994,667,4,90.04354307,C,OMR,Interior
Contra Costa PP Number 01,10/6/2004,730,4,80.20091081,AN,OMR,Interior
Clifton Court Intake,3/9/1993,730,4,59.04059358,AN,OMR,Interior
Middle River @ Union Point - P10A,5/4/2015,568,4.1,94.17154572,C,OMR,Interior
Rock Slough @ Old River,5/22/1991,596,4.1,90.63835999,C,OMR,Interior
Clifton Court Intake,6/25/1991,607,4.1,93.04612539,C,OMR,Interior
Middle River at Bacon Island Bridge,12/11/1991,609,4.1,94.35994762,C,OMR,Interior
Middle River at Bacon Island Bridge,2/26/1991,610,4.1,94.34149831,C,OMR,Interior
Rock Slough @ Old River,10/20/1994,636,4.1,92.73586707,AN,OMR,Interior
Rock Slough @ Old River,10/23/1991,637,4.1,94.27657666,C,OMR,Interior
Contra Costa PP Number 01,11/3/2008,642,4.1,93.02142734,D,OMR,Interior
Middle River @ Union Point - P10A,11/2/2015,675,4.1,93.88533024,C,OMR,Interior
Old River near Rock Slough,7/7/1959,749,4.1,94.29889644,BN,OMR,Interior
Clifton Court Intake,4/24/1991,792,4.1,86.48122671,C,OMR,Interior
Contra Costa PP Number 01,2/3/2003,1070,4.1,54.06515388,AN,OMR,Interior
Middle River @ Union Point - P10A,1/9/2019,543,4.2,#N/A,W,OMR,Interior
Old River North of Rock Slough (St 4b),5/22/1991,613,4.2,90.63835999,C,OMR,Interior
Contra Costa PP Number 01,1/3/2005,640,4.2,63.06546569,AN,OMR,Interior
Contra Costa PP Number 01,12/3/2001,750,4.2,82.50576236,D,OMR,Interior
Contra Costa PP Number 01,11/5/2002,874,4.2,91.73476989,D,OMR,Interior
Middle River @ Union Point - P10A,1/4/2016,601,4.3,89.47617765,BN,OMR,Interior
Old River North of Rock Slough (St 4b),10/23/1991,665,4.3,94.27657666,C,OMR,Interior
Clifton Court Intake,11/13/1990,689,4.3,93.89378554,D,OMR,Interior
Contra Costa PP Number 01,1/2/2007,704,4.3,80.23657174,D,OMR,Interior
Contra Costa PP Number 01,9/11/1991,782,4.3,92.53683095,C,OMR,Interior
Contra Costa PP Number 01,1/6/2004,784,4.3,55.58733795,BN,OMR,Interior
Contra Costa PP Number 01,3/7/2000,1125,4.3,48.16682697,AN,OMR,Interior
Middle River @ Union Point - P10A,2/3/2016,488,4.4,59.65346245,BN,OMR,Interior
Clifton Court Intake,2/25/1992,554,4.4,65.86224313,C,OMR,Interior
Middle River @ Union Point - P10A,7/6/2015,667,4.4,95.81957478,C,OMR,Interior
Middle River at Bacon Island Bridge,12/10/1992,686,4.4,95.44056579,C,OMR,Interior
Clifton Court Intake,11/21/1991,688,4.4,93.42904814,C,OMR,Interior
Old River North of Rock Slough (St 4b),7/20/1994,690,4.4,90.6143213,C,OMR,Interior
Rock Slough @ Old River,7/20/1994,692,4.4,90.6143213,C,OMR,Interior
Contra Costa PP Number 01,8/23/1994,703,4.4,91.93258472,C,OMR,Interior
Clifton Court Intake,10/23/1990,710,4.4,94.64630634,D,OMR,Interior
Middle River @ Union Point - P10A,3/3/2014,725,4.4,80.57624471,C,OMR,Interior
Contra Costa PP Number 01,9/2/2008,744,4.4,88.7732302,C,OMR,Interior
Old River South of Rock Slough (St 5A),9/18/1981,758,4.4,85.78904211,D,OMR,Interior
Clifton Court Intake,12/11/1991,810,4.4,94.35994762,C,OMR,Interior
Contra Costa PP Number 01,2/6/2001,943,4.4,82.30525912,D,OMR,Interior
Middle River @ Union Point - P10A,2/3/2009,633,4.5,84.30493265,D,OMR,Interior
Rock Slough @ Old River,5/23/1990,660,4.5,90.30188297,C,OMR,Interior
Contra Costa PP Number 01,7/20/1994,666,4.5,90.6143213,C,OMR,Interior
Middle River @ Union Point - P10A,6/1/2015,697,4.5,93.2549537,C,OMR,Interior
Clifton Court Intake,9/24/1992,717,4.5,92.85385013,C,OMR,Interior
Contra Costa PP Number 01,1/4/2000,1186,4.5,80.55744457,AN,OMR,Interior
Contra Costa PP Number 01,12/4/2007,1212,4.5,87.28423839,D,OMR,Interior
Contra Costa PP Number 01,1/3/2006,703,4.6,0,W,OMR,Interior
Middle River @ Union Point - P10A,12/7/2015,710,4.6,94.9140377,C,OMR,Interior
Clifton Court Intake,6/25/1992,724,4.6,90.85817896,C,OMR,Interior
Clifton Court Intake,1/31/1991,731,4.6,94.0793962,C,OMR,Interior
Clifton Court Intake,11/19/1992,737,4.6,93.66767375,C,OMR,Interior
Contra Costa PP Number 01,9/4/2002,854,4.6,88.12309273,D,OMR,Interior
Contra Costa PP Number 01,10/2/2007,928,4.6,87.02852586,W,OMR,Interior
Contra Costa PP Number 01,3/3/1998,1100,4.64,46.174655,W,OMR,Interior
Contra Costa PP Number 01,12/10/1997,1080,4.66,71.95083355,W,OMR,Interior
Contra Costa PP Number 01,6/24/1991,705,4.7,92.83977948,C,OMR,Interior
Old River South of Rock Slough (St 5A),9/2/1981,793,4.7,89.4339165,D,OMR,Interior
Old River North of Rock Slough (St 4b),10/7/1992,835,4.7,92.45317986,C,OMR,Interior
Old River South of Rock Slough (St 5A),12/17/1985,605,4.8,77.70271234,D,OMR,Interior
Contra Costa PP Number 01,1/17/1995,709,4.8,46.35508675,W,OMR,Interior
Contra Costa PP Number 01,1/23/1992,732,4.8,92.69366513,C,OMR,Interior
Contra Costa PP Number 01,2/24/1992,793,4.8,66.71267132,C,OMR,Interior
Contra Costa PP Number 01,9/5/2007,812,4.8,85.25541551,D,OMR,Interior
Contra Costa PP Number 01,1/7/2003,1010,4.8,51.99960319,AN,OMR,Interior
Old River North of Rock Slough (St 4b),10/20/1992,766,4.9,94.16017229,C,OMR,Interior
Contra Costa PP Number 01,11/6/2007,1048,4.9,89.58054651,W,OMR,Interior
Rock Slough @ Old River,10/20/1992,811,5,94.16017229,C,OMR,Interior
Contra Costa PP Number 01,11/6/2001,898,5,92.77803114,AN,OMR,Interior
Middle River @ Union Point - P10A,2/3/2014,774,5.1,93.92384943,C,OMR,Interior
Old River North of Rock Slough (St 4b),7/9/1992,795,5.1,91.63677332,C,OMR,Interior
Contra Costa PP Number 01,10/1/2008,870,5.1,88.30977329,D,OMR,Interior
Contra Costa PP Number 01,1/8/2001,1030,5.1,94.68792213,D,OMR,Interior
Contra Costa PP Number 01,11/5/1997,948,5.11,91.80829068,W,OMR,Interior
Middle River at Bacon Island Bridge,2/16/1993,524,5.2,58.91466321,AN,OMR,Interior
Old River North of Rock Slough (St 4b),1/24/1990,804,5.2,79.66720736,C,OMR,Interior
Rock Slough @ Old River,8/25/1994,805,5.2,90.48799198,C,OMR,Interior
Rock Slough @ Old River,7/9/1992,812,5.2,91.63677332,C,OMR,Interior
Clifton Court Intake,2/27/1991,840,5.2,95.15255136,C,OMR,Interior
Rock Slough @ Old River,10/7/1992,849,5.2,92.45317986,C,OMR,Interior
Contra Costa PP Number 01,11/19/1991,836,5.3,93.6335894,C,OMR,Interior
Contra Costa PP Number 01,9/22/1992,882,5.3,92.38888101,C,OMR,Interior
Rock Slough @ Old River,1/23/1992,792,5.4,92.69366513,C,OMR,Interior
Rock Slough @ Old River,4/25/1990,864,5.4,87.22990049,C,OMR,Interior
Contra Costa PP Number 01,10/7/1992,900,5.4,92.45317986,C,OMR,Interior
Contra Costa PP Number 01,11/17/1992,943,5.4,94.87189975,C,OMR,Interior
Middle River at Bacon Island Bridge,1/26/1993,373,5.5,53.01541285,AN,OMR,Interior
Old River North of Rock Slough (St 4b),8/6/1992,840,5.5,92.5804813,C,OMR,Interior
Clifton Court Intake,12/11/1990,853,5.5,93.08539402,C,OMR,Interior
Contra Costa PP Number 01,8/19/1992,904,5.6,92.0935494,C,OMR,Interior
Contra Costa PP Number 01,9/20/1994,935,5.6,92.37559029,C,OMR,Interior
Old River near Rock Slough,8/18/1959,937,5.6,93.54824528,BN,OMR,Interior
Contra Costa PP Number 01,10/8/2002,1120,5.6,89.3846487,D,OMR,Interior
Contra Costa PP Number 01,2/3/2009,794,5.7,84.30493265,D,OMR,Interior
Rock Slough @ Old River,8/6/1992,878,5.8,92.5804813,C,OMR,Interior
Contra Costa PP Number 01,6/23/1992,885,5.8,92.2794422,C,OMR,Interior
Rock Slough @ Old River,7/22/1992,899,5.8,92.3938467,C,OMR,Interior
Contra Costa PP Number 01,7/22/1992,905,5.8,92.3938467,C,OMR,Interior
Old River North of Rock Slough (St 4b),4/25/1990,905,5.8,87.22990049,C,OMR,Interior
Old River North of Rock Slough (St 4b),7/22/1992,909,5.8,92.3938467,C,OMR,Interior
Old River North of Rock Slough (St 4b),10/24/1990,921,5.8,94.04183083,D,OMR,Interior
Old River North of Rock Slough (St 4b),6/11/1992,934,5.8,90.14218042,C,OMR,Interior
Contra Costa PP Number 01,12/8/1992,933,5.9,96.70881536,C,OMR,Interior
Rock Slough @ Old River,6/11/1992,947,5.9,90.14218042,C,OMR,Interior
Old River near Rock Slough,8/18/1959,1000,5.9,93.54824528,BN,OMR,Interior
Rock Slough @ Old River,8/19/1992,901,6,92.0935494,C,OMR,Interior
Old River North of Rock Slough (St 4b),8/19/1992,915,6,92.0935494,C,OMR,Interior
Rock Slough @ Old River,10/24/1990,960,6,94.04183083,D,OMR,Interior
Contra Costa PP Number 01,10/7/1997,640,6.08,90.04861349,W,OMR,Interior
Old River North of Rock Slough (St 4b),9/3/1992,930,6.1,90.77667797,C,OMR,Interior
Rock Slough @ Old River,9/3/1992,933,6.1,90.77667797,C,OMR,Interior
Rock Slough @ Old River,9/22/1994,988,6.1,90.04354307,C,OMR,Interior
Old River North of Rock Slough (St 4b),1/29/1991,878,6.2,94.90599798,C,OMR,Interior
Old River North of Rock Slough (St 4b),12/19/1991,950,6.2,95.49778406,C,OMR,Interior
Rock Slough @ Old River,12/19/1991,967,6.2,95.49778406,C,OMR,Interior
Contra Costa PP Number 01,12/9/1991,988,6.2,94.2937316,C,OMR,Interior
Contra Costa PP Number 01,12/13/1994,814,6.3,82.54298007,C,OMR,Interior
Rock Slough @ Old River,1/29/1991,897,6.3,94.90599798,C,OMR,Interior
Old River South of Rock Slough (St 5A),2/22/1982,295,6.7,0,W,OMR,Interior
Contra Costa PP Number 01,8/21/1991,699,7.1,88.57096592,C,OMR,Interior
Old River near Rock Slough,7/21/1959,1320,7.3,95.92495125,BN,OMR,Interior
Old River near Rock Slough,8/4/1959,1380,7.8,91.1135463,BN,OMR,Interior
Old River near Rock Slough,8/4/1959,1580,8,91.1135463,BN,OMR,Interior
Contra Costa PP Number 01,11/9/1994,988,9.1,92.63852791,AN,OMR,Interior
Old River near Rock Slough,7/21/1959,1740,10,95.92495125,BN,OMR,Interior
P8 - San Joaquin River @ Buckley Cove,2/2/1968,650,5,60.82383763,BN,SJRcorridor,Interior
P8 - San Joaquin River @ Buckley Cove,3/22/1968,395,3.4,57.81297746,BN,SJRcorridor,Interior
P8 - San Joaquin River @ Buckley Cove,10/10/1968,900,7,83.16574214,W,SJRcorridor,Interior
P8 - San Joaquin River @ Buckley Cove,1/23/1969,180,2.6,48.06579729,W,SJRcorridor,Interior
P8 - San Joaquin River @ Buckley Cove,4/16/1969,200,1.8,50.10640361,W,SJRcorridor,Interior
P8 - San Joaquin River @ Buckley Cove,7/17/1969,360,2.7,68.77308425,W,SJRcorridor,Interior
San Joaquin River @ Mossdale Bridge - C7A,3/2/1989,1370,4.8,91.3346382,D,SJRcorridor,Interior
Little Connection Sl. @ Empire Tr.,1/24/1990,204,2.2,79.66720736,C,SJRcorridor,Interior
San Joaquin River @ Mossdale Bridge - C7A,1/24/1990,1310,4.8,79.66720736,C,SJRcorridor,Interior
San Joaquin River @ Mossdale Bridge - C7A,2/14/1990,1300,4,84.5852336,C,SJRcorridor,Interior
Little Connection Sl. @ Empire Tr.,4/25/1990,164,1.4,87.22990049,C,SJRcorridor,Interior
San Joaquin River @ Mossdale Bridge - C7A,4/25/1990,823,3.4,87.22990049,C,SJRcorridor,Interior
Little Connection Sl. @ Empire Tr.,7/26/1990,160,1.2,86.56430395,C,SJRcorridor,Interior
San Joaquin River @ Mossdale Bridge - C7A,7/26/1990,853,3,86.56430395,C,SJRcorridor,Interior
Little Connection Sl. @ Empire Tr.,8/22/1990,178,1.3,83.47764088,C,SJRcorridor,Interior
San Joaquin River @ Mossdale Bridge - C7A,8/22/1990,738,3,83.47764088,C,SJRcorridor,Interior
Little Connection Sl. @ Empire Tr.,10/24/1990,191,1.5,94.04183083,D,SJRcorridor,Interior
San Joaquin River @ Mossdale Bridge - C7A,10/24/1990,739,3.1,94.04183083,D,SJRcorridor,Interior
Little Connection Sl. @ Empire Tr.,1/29/1991,344,2.2,94.90599798,C,SJRcorridor,Interior
San Joaquin River @ Mossdale Bridge - C7A,1/29/1991,1100,3.6,94.90599798,C,SJRcorridor,Interior
San Joaquin River @ Mossdale Bridge - C7A,4/23/1991,1330,4.4,85.01362795,C,SJRcorridor,Interior
Little Connection Sl. @ Empire Tr.,4/23/1991,251,1.8,85.01362795,C,SJRcorridor,Interior
San Joaquin River @ Mossdale Bridge - C7A,7/24/1991,962,3.5,92.78926842,C,SJRcorridor,Interior
Little Connection Sl. @ Empire Tr.,7/24/1991,275,2.1,92.78926842,C,SJRcorridor,Interior
San Joaquin River @ Mossdale Bridge - C7A,8/21/1991,950,3.8,88.57096592,C,SJRcorridor,Interior
Little Connection Sl. @ Empire Tr.,8/21/1991,245,1.7,88.57096592,C,SJRcorridor,Interior
San Joaquin River @ Mossdale Bridge - C7A,10/23/1991,727,3,94.27657666,C,SJRcorridor,Interior
Little Connection Sl. @ Empire Tr.,10/23/1991,160,1.3,94.27657666,C,SJRcorridor,Interior
San Joaquin River @ Mossdale Bridge - C7A,1/23/1992,1080,4.4,92.69366513,C,SJRcorridor,Interior
Little Connection Sl. @ Empire Tr.,1/23/1992,247,2,92.69366513,C,SJRcorridor,Interior
San Joaquin River @ Mossdale Bridge - C7A,4/22/1992,834,3.2,77.19407905,C,SJRcorridor,Interior
Little Connection Sl. @ Empire Tr.,4/22/1992,231,1.6,77.19407905,C,SJRcorridor,Interior
San Joaquin River @ Mossdale Bridge - C7A,7/22/1992,979,3.3,92.3938467,C,SJRcorridor,Interior
Little Connection Sl. @ Empire Tr.,7/22/1992,179,1.3,92.3938467,C,SJRcorridor,Interior
Little Connection Sl. @ Empire Tr.,8/19/1992,163,1.4,92.0935494,C,SJRcorridor,Interior
San Joaquin River @ Mossdale Bridge - C7A,10/7/1992,944,3.3,92.45317986,C,SJRcorridor,Interior
Little Connection Sl. @ Empire Tr.,10/7/1992,232,1.7,92.45317986,C,SJRcorridor,Interior
San Joaquin River @ Mossdale Bridge - C7A,1/13/1993,357,5.7,64.09402935,AN,SJRcorridor,Interior
Little Connection Sl. @ Empire Tr.,1/13/1993,247,3.2,64.09402935,AN,SJRcorridor,Interior
San Joaquin River @ Mossdale Bridge - C7A,4/21/1993,601,2.7,62.38347365,AN,SJRcorridor,Interior
Little Connection Sl. @ Empire Tr.,4/21/1993,145,1.2,62.38347365,AN,SJRcorridor,Interior
San Joaquin River @ Mossdale Bridge - C7A,7/8/1993,842,3,75.05380959,AN,SJRcorridor,Interior
Little Connection Sl. @ Empire Tr.,7/8/1993,120,1,75.05380959,AN,SJRcorridor,Interior
San Joaquin River @ Mossdale Bridge - C7A,9/1/1993,349,1.8,78.41118016,AN,SJRcorridor,Interior
Little Connection Sl. @ Empire Tr.,9/1/1993,162,1.2,78.41118016,AN,SJRcorridor,Interior
San Joaquin River @ Mossdale Bridge - C7A,10/20/1993,245,1.4,84.89979461,C,SJRcorridor,Interior
Little Connection Sl. @ Empire Tr.,10/20/1993,151,1.1,84.89979461,C,SJRcorridor,Interior
San Joaquin River @ Mossdale Bridge - C7A,1/12/1994,731,2.6,82.38546939,C,SJRcorridor,Interior
Little Connection Sl. @ Empire Tr.,1/12/1994,227,1.7,82.38546939,C,SJRcorridor,Interior
San Joaquin River @ Mossdale Bridge - C7A,4/20/1994,880,3.4,78.884997,C,SJRcorridor,Interior
Little Connection Sl. @ Empire Tr.,4/20/1994,236,1.6,78.884997,C,SJRcorridor,Interior
San Joaquin River @ Mossdale Bridge - C7A,7/20/1994,942,3.2,90.6143213,C,SJRcorridor,Interior
Little Connection Sl. @ Empire Tr.,7/20/1994,248,1.6,90.6143213,C,SJRcorridor,Interior
San Joaquin River @ Mossdale Bridge - C7A,11/17/1994,796,2.6,91.53716312,AN,SJRcorridor,Interior
San Joaquin River @ Mossdale Bridge - C7A,12/20/1994,946,4,81.11970496,C,SJRcorridor,Interior
San Joaquin River @ Mossdale Bridge - C7A,1/26/1995,383,6.4,53.05662006,W,SJRcorridor,Interior
San Joaquin River @ Mossdale Bridge - C7A,2/16/1995,487,2.5,49.77058978,W,SJRcorridor,Interior
San Joaquin River @ Mossdale Bridge - C7A,3/20/1995,301,3.4,35.26878783,W,SJRcorridor,Interior
San Joaquin River @ Mossdale Bridge - C7A,4/24/1995,184,1.4,55.06228913,W,SJRcorridor,Interior
San Joaquin River @ Mossdale Bridge - C7A,5/18/1995,143,1.2,50.95156216,W,SJRcorridor,Interior
San Joaquin River @ Mossdale Bridge - C7A,6/22/1995,240,1.5,57.6171137,W,SJRcorridor,Interior
San Joaquin River @ Mossdale Bridge - C7A,7/20/1995,218,1.5,58.74876866,W,SJRcorridor,Interior
San Joaquin River @ Mossdale Bridge - C7A,8/17/1995,633,2.4,74.57233985,W,SJRcorridor,Interior
San Joaquin River @ Mossdale Bridge - C7A,9/14/1995,387,1.8,67.19233682,W,SJRcorridor,Interior
San Joaquin River @ Mossdale Bridge - C7A,10/19/1995,202,1.4,74.05131326,C,SJRcorridor,Interior
San Joaquin River @ Mossdale Bridge - C7A,11/16/1995,750,3,79.55759468,C,SJRcorridor,Interior
San Joaquin River @ Mossdale Bridge - C7A,12/7/1995,746,2.5,79.94458802,W,SJRcorridor,Interior
San Joaquin River @ Mossdale Bridge - C7A,1/18/1996,946,3.1,81.11891586,W,SJRcorridor,Interior
San Joaquin River @ Mossdale Bridge - C7A,2/15/1996,290,1.6,53.64428507,W,SJRcorridor,Interior
San Joaquin River @ Mossdale Bridge - C7A,3/14/1996,253,1.8,48.94207006,W,SJRcorridor,Interior
San Joaquin River @ Mossdale Bridge - C7A,4/11/1996,413,1.8,53.46132043,W,SJRcorridor,Interior
San Joaquin River @ Mossdale Bridge - C7A,5/9/1996,336,1.6,62.32099718,W,SJRcorridor,Interior
San Joaquin River @ Mossdale Bridge - C7A,6/13/1996,592,2.2,65.4871296,W,SJRcorridor,Interior
San Joaquin River @ Mossdale Bridge - C7A,7/18/1996,774,2.7,73.33974661,W,SJRcorridor,Interior
San Joaquin River @ Mossdale Bridge - C7A,8/15/1996,747,2.9,77.45680181,W,SJRcorridor,Interior
San Joaquin River @ Mossdale Bridge - C7A,9/12/1996,666,3,76.73553471,W,SJRcorridor,Interior
San Joaquin River @ Mossdale Bridge - C7A,10/10/1996,609,2.6,83.55493234,W,SJRcorridor,Interior
San Joaquin River @ Mossdale Bridge - C7A,11/14/1996,690,2.5,87.30019572,W,SJRcorridor,Interior
San Joaquin River @ Mossdale Bridge - C7A,12/12/1996,220,4.3,67.9766535,W,SJRcorridor,Interior
San Joaquin River @ Mossdale Bridge - C7A,2/13/1997,185,1.4,47.19212894,W,SJRcorridor,Interior
San Joaquin River @ Mossdale Bridge - C7A,3/13/1997,338,1.9,55.45327752,W,SJRcorridor,Interior
San Joaquin River @ Mossdale Bridge - C7A,4/9/1997,788,2.9,73.79612645,W,SJRcorridor,Interior
San Joaquin River @ Mossdale Bridge - C7A,5/13/1997,346,2,71.63203277,W,SJRcorridor,Interior
San Joaquin River @ Mossdale Bridge - C7A,6/4/1997,560,1.7,78.50514499,W,SJRcorridor,Interior
San Joaquin River @ Mossdale Bridge - C7A,7/2/1997,620,2.6,78.23532434,W,SJRcorridor,Interior
San Joaquin River @ Mossdale Bridge - C7A,8/7/1997,663,3.3,77.94958475,W,SJRcorridor,Interior
San Joaquin River @ Mossdale Bridge - C7A,9/2/1997,671,2,77.2650624,W,SJRcorridor,Interior
San Joaquin River @ Mossdale Bridge - C7A,12/12/2009,789,2.6,92.72553683,D,SJRcorridor,Interior
SAN JOAQUIN R A BRANDT BR        ,12/12/2009,766,2.6,92.72553683,D,SJRcorridor,Interior
SAN JOAQUIN R A BRANDT BR        ,1/12/2010,928,2.8,91.08275529,BN,SJRcorridor,Interior
San Joaquin River @ Mossdale Bridge - C7A,1/12/2010,1008,2.6,91.08275529,BN,SJRcorridor,Interior
SAN JOAQUIN R A BRANDT BR        ,1/18/2010,945,2.5,86.04685619,BN,SJRcorridor,Interior
San Joaquin River @ Mossdale Bridge - C7A,1/18/2010,848,2.6,86.04685619,BN,SJRcorridor,Interior
San Joaquin River @ Mossdale Bridge - C7A,1/20/2010,778,2.6,82.2895829,BN,SJRcorridor,Interior
SAN JOAQUIN R A BRANDT BR        ,1/20/2010,923,2.7,82.2895829,BN,SJRcorridor,Interior
San Joaquin River at Holt Rd.,1/19/2011,247,2,66.73352135,W,SJRcorridor,Interior
Middle River @ Union Point - P10A,8/2/2010,189,1,79.32890201,BN,SouthDelta,Interior
Middle River @ Union Point - P10A,7/5/2006,154,1.1,67.43685291,W,SouthDelta,Interior
Middle River @ Union Point - P10A,5/3/2017,120,1.1,50.00669585,W,SouthDelta,Interior
Middle River @ Union Point - P10A,9/6/2006,240,1.3,78.70958184,W,SouthDelta,Interior
Middle River @ Union Point - P10A,9/7/2017,193,1.3,77.48586469,W,SouthDelta,Interior
Grant Ln Can @ Tracy Rd Bdg,10/20/1993,244,1.4,84.89979461,C,SouthDelta,Interior
Middle River @ Union Point - P10A,8/2/2006,261,1.4,78.28975195,W,SouthDelta,Interior
Middle River @ Union Point - P10A,6/6/2011,257,1.4,57.57300551,W,SouthDelta,Interior
Middle River @ Union Point - P10A,7/5/2011,184,1.4,56.36389323,W,SouthDelta,Interior
Middle River @ Union Point - P10A,8/1/2016,207,1.4,83.57049111,BN,SouthDelta,Interior
Middle River @ Union Point - P10A,6/5/2017,177,1.4,57.96351261,W,SouthDelta,Interior
Middle River @ Union Point - P10A,7/10/2017,177,1.4,70.04911852,W,SouthDelta,Interior
Middle River @ Union Point - P10A,8/7/2017,217,1.4,80.74384873,W,SouthDelta,Interior
Middle River @ Union Point - P10A,8/6/2018,197,1.45,82.35063213,BN,SouthDelta,Interior
Old River nr Tracy,10/20/1993,249,1.5,84.89979461,C,SouthDelta,Interior
Middle River @ Union Point - P10A,4/3/2017,201,1.5,49.18404199,W,SouthDelta,Interior
Middle River @ Union Point - P10A,10/2/2017,186,1.5,77.2692402,BN,SouthDelta,Interior
Middle River @ Union Point - P10A,10/3/2006,253,1.6,79.15994988,AN,SouthDelta,Interior
Middle River @ Union Point - P10A,6/8/2010,288,1.6,67.97063022,BN,SouthDelta,Interior
Middle River @ Union Point - P10A,7/6/2010,241,1.6,80.72423904,BN,SouthDelta,Interior
Middle River @ Union Point - P10A,3/7/2011,372,1.6,56.35666923,W,SouthDelta,Interior
Middle River @ Union Point - P10A,5/2/2011,199,1.6,57.60965856,W,SouthDelta,Interior
Middle River @ Union Point - P10A,7/6/2016,222,1.6,84.55059684,BN,SouthDelta,Interior
Middle River @ Union Point - P10A,11/7/2006,274,1.7,88.98570418,AN,SouthDelta,Interior
Grant Line Canal @ Tracy Blvd,5/21/2009,353,1.7,75.54540529,D,SouthDelta,Interior
Middle River @ Union Point - P10A,7/7/2009,228,1.7,82.06398554,D,SouthDelta,Interior
Middle River @ Union Point - P10A,8/4/2009,265,1.7,84.14076361,D,SouthDelta,Interior
Middle River @ Union Point - P10A,3/8/2017,187,1.7,46.65054443,W,SouthDelta,Interior
Middle River @ Union Point - P10A,7/2/2007,303,1.8,80.94470218,D,SouthDelta,Interior
Middle River @ Union Point - P10A,8/6/2007,277,1.8,84.7182393,D,SouthDelta,Interior
Middle River @ Union Point - P10A,5/4/2010,400,1.8,57.05251942,BN,SouthDelta,Interior
Middle River @ Union Point - P10A,8/5/2008,304,1.9,88.35573476,C,SouthDelta,Interior
Middle River @ Union Point - P10A,6/7/2016,319,1.9,82.94141541,BN,SouthDelta,Interior
Grant Ln Can @ Tracy Rd Bdg,9/1/1993,386,2,78.41118016,AN,SouthDelta,Interior
Middle River @ Union Point - P10A,4/2/2007,318,2,72.02877378,D,SouthDelta,Interior
Middle River @ Union Point - P10A,5/2/2007,346,2,74.44600721,D,SouthDelta,Interior
Grant Line Canal @ Tracy Blvd,5/7/2009,425,2,68.40551796,D,SouthDelta,Interior
Middle River @ Union Point - P10A,9/7/2010,294,2,86.84207092,BN,SouthDelta,Interior
Middle River @ Union Point - P10A,11/3/2010,334,2,84.63274041,D,SouthDelta,Interior
Middle River @ Union Point - P10A,9/7/2016,288,2,84.03725468,BN,SouthDelta,Interior
Middle River @ Union Point - P10A,12/4/2017,246,2,83.87250454,W,SouthDelta,Interior
Middle River @ Union Point - P10A,5/7/2018,352,2,64.92049336,BN,SouthDelta,Interior
Middle River @ Union Point - P10A,6/5/2018,284,2,74.73149108,BN,SouthDelta,Interior
Middle River @ Union Point - P10A,7/9/2018,246,2,82.60710477,BN,SouthDelta,Interior
Middle River @ Union Point - P10A,9/10/2018,346,2.02,84.8982076,BN,SouthDelta,Interior
Middle River @ Union Point - P10A,10/5/2010,340,2.1,83.98583932,D,SouthDelta,Interior
Middle River @ Union Point - P10A,5/5/2014,483,2.1,87.63000727,C,SouthDelta,Interior
Middle River @ Union Point - P10A,3/13/2019,278,2.1,#N/A,W,SouthDelta,Interior
Middle River @ Union Point - P10A,6/4/2007,399,2.2,80.25338455,D,SouthDelta,Interior
Middle River @ Union Point - P10A,10/2/2007,335,2.2,87.02852586,W,SouthDelta,Interior
Middle River @ Union Point - P10A,5/5/2009,358,2.2,73.26168644,D,SouthDelta,Interior
Old River @ Tracy Road Bridge - P12,5/7/2009,554,2.2,68.40551796,D,SouthDelta,Interior
Old River @ Tracy Road Bridge - P12,5/21/2009,488,2.2,75.54540529,D,SouthDelta,Interior
Middle River @ Union Point - P10A,6/2/2009,336,2.2,74.90839371,D,SouthDelta,Interior
Middle River @ Union Point - P10A,9/9/2009,345,2.2,84.37552482,D,SouthDelta,Interior
Middle River @ Union Point - P10A,2/7/2011,334,2.2,64.18410148,W,SouthDelta,Interior
Middle River @ Union Point - P10A,4/4/2011,247,2.2,0,W,SouthDelta,Interior
Middle River @ Union Point - P10A,9/5/2007,364,2.3,85.25541551,D,SouthDelta,Interior
Grant Line Canal @ Tracy Blvd,6/8/2009,550,2.3,77.24823856,D,SouthDelta,Interior
Middle River @ Union Point - P10A,12/1/2009,320,2.3,92.29828513,D,SouthDelta,Interior
Middle River @ Union Point - P10A,10/4/2016,387,2.3,86.5637221,C,SouthDelta,Interior
Grant Line/Fabian/Bell Canals nr Old R.,4/8/1992,340,2.4,79.86326901,C,SouthDelta,Interior
Grant Line/Fabian/Bell Canals nr Old R.,10/20/1993,318,2.4,84.89979461,C,SouthDelta,Interior
Middle River @ Union Point - P10A,12/5/2006,341,2.4,88.65054031,W,SouthDelta,Interior
Middle River @ Union Point - P10A,3/5/2007,485,2.4,58.91442023,D,SouthDelta,Interior
Middle River @ Union Point - P10A,7/1/2008,318,2.4,84.87243383,C,SouthDelta,Interior
Grant Line Canal @ Tracy Blvd,4/23/2009,463,2.4,79.53429049,D,SouthDelta,Interior
Middle River @ Union Point - P10A,12/6/2010,321,2.4,84.27592276,BN,SouthDelta,Interior
Grant Line/Fabian/Bell Canals nr Old R.,7/26/1990,396,2.5,86.56430395,C,SouthDelta,Interior
Grant Line/Fabian/Bell Canals nr Old R.,7/24/1991,511,2.5,92.78926842,C,SouthDelta,Interior
Grant Line/Fabian/Bell Canals nr Old R.,4/22/1992,409,2.5,77.19407905,C,SouthDelta,Interior
Old River nr Tracy,9/1/1993,530,2.5,78.41118016,AN,SouthDelta,Interior
Grant Ln Can @ Tracy Rd Bdg,1/12/1994,726,2.5,82.38546939,C,SouthDelta,Interior
Middle River @ Union Point - P10A,12/4/2007,348,2.5,87.28423839,D,SouthDelta,Interior
Middle River @ Union Point - P10A,9/2/2008,387,2.5,88.7732302,C,SouthDelta,Interior
Middle River @ Union Point - P10A,11/3/2009,352,2.5,88.3635176,C,SouthDelta,Interior
Middle River @ Union Point - P10A,3/10/2016,321,2.5,62.66343249,BN,SouthDelta,Interior
Middle River @ Union Point - P10A,2/6/2007,460,2.6,79.89948567,D,SouthDelta,Interior
Middle River @ Union Point - P10A,4/7/2009,314,2.6,75.36176628,D,SouthDelta,Interior
Middle River @ Union Point - P10A,6/2/2014,436,2.6,93.56618111,C,SouthDelta,Interior
Middle River @ Union Point - P10A,4/8/2008,492,2.7,78.37516679,C,SouthDelta,Interior
Middle River @ Union Point - P10A,4/6/2010,441,2.7,68.63765096,BN,SouthDelta,Interior
Middle River @ Union Point - P10A,1/3/2011,274,2.7,53.33698971,W,SouthDelta,Interior
Middle River @ Union Point - P10A,5/3/2016,461,2.7,75.47029728,BN,SouthDelta,Interior
Middle River @ Union Point - P10A,11/5/2018,362,2.7,#N/A,W,SouthDelta,Interior
Middle River @ Union Point - P10A,12/3/2018,408,2.77,#N/A,BN,SouthDelta,Interior
Middle R @ Tracy Rd Bdg,3/2/1989,506,2.8,91.3346382,D,SouthDelta,Interior
Grant Line/Fabian/Bell Canals nr Old R.,5/5/1992,397,2.8,86.61933596,C,SouthDelta,Interior
Grant Ln Can @ Tracy Rd Bdg,4/21/1993,615,2.8,62.38347365,AN,SouthDelta,Interior
Middle River @ Union Point - P10A,1/2/2007,490,2.8,80.23657174,D,SouthDelta,Interior
Middle River @ Union Point - P10A,11/6/2007,427,2.8,89.58054651,W,SouthDelta,Interior
Middle River @ Union Point - P10A,5/6/2008,503,2.8,81.24308533,C,SouthDelta,Interior
Old River @ Tracy Road Bridge - P12,6/8/2009,739,2.8,77.24823856,D,SouthDelta,Interior
Middle River @ Union Point - P10A,10/7/2013,430,2.8,87.90258861,BN,SouthDelta,Interior
Middle River @ Union Point - P10A,2/6/2017,258,2.8,50.46962633,W,SouthDelta,Interior
Middle River @ Union Point - P10A,4/9/2018,358,2.8,54.04390508,BN,SouthDelta,Interior
Middle River @ Union Point - P10A,6/2/2008,435,2.9,81.73068377,C,SouthDelta,Interior
Middle River @ Union Point - P10A,10/1/2008,461,2.9,88.30977329,D,SouthDelta,Interior
Middle River @ Union Point - P10A,10/6/2009,411,2.9,87.99178837,C,SouthDelta,Interior
Middle River @ Union Point - P10A,9/2/2014,452,2.9,90.3346038,C,SouthDelta,Interior
Middle River @ Union Point - P10A,11/7/2016,353,2.9,87.41045331,C,SouthDelta,Interior
Middle River @ Union Point - P10A,12/7/2016,398,2.9,83.68530205,BN,SouthDelta,Interior
Middle River @ Union Point - P10A,1/8/2018,456,2.9,84.74492337,BN,SouthDelta,Interior
Middle River @ Union Point - P10A,10/11/2018,407,2.9,#N/A,W,SouthDelta,Interior
Grant Line/Fabian/Bell Canals nr Old R.,10/10/1991,430,3,88.47167384,C,SouthDelta,Interior
Old River nr Tracy,1/12/1994,771,3,82.38546939,C,SouthDelta,Interior
Middle River @ Union Point - P10A,3/2/2010,483,3,63.81753273,BN,SouthDelta,Interior
Middle River @ Union Point - P10A,4/7/2014,459,3,75.44547873,C,SouthDelta,Interior
Middle River @ Union Point - P10A,10/6/2014,503,3,94.77701545,D,SouthDelta,Interior
Middle River @ Union Point - P10A,3/2/2015,406,3,78.10690622,C,SouthDelta,Interior
Middle River @ Union Point - P10A,4/6/2015,419,3,88.0123047,C,SouthDelta,Interior
Grant Line/Fabian/Bell Canals nr Old R.,10/23/1991,463,3.1,94.27657666,C,SouthDelta,Interior
Grant Ln Can @ Tracy Rd Bdg,4/20/1994,824,3.1,78.884997,C,SouthDelta,Interior
Middle River @ Union Point - P10A,11/4/2013,463,3.1,90.34617646,BN,SouthDelta,Interior
Middle River @ Union Point - P10A,1/9/2017,338,3.1,56.18463132,W,SouthDelta,Interior
Grant Line/Fabian/Bell Canals nr Old R.,8/22/1990,652,3.2,83.47764088,C,SouthDelta,Interior
Grant Line/Fabian/Bell Canals nr Old R.,3/11/1992,360,3.2,67.72093556,C,SouthDelta,Interior
Old River nr Tracy,4/21/1993,802,3.2,62.38347365,AN,SouthDelta,Interior
Grant Ln Can @ Tracy Rd Bdg,7/8/1993,855,3.2,75.05380959,AN,SouthDelta,Interior
Old River nr Tracy,4/20/1994,942,3.2,78.884997,C,SouthDelta,Interior
Old River @ Tracy Road Bridge - P12,1/26/2009,995,3.2,88.07443799,D,SouthDelta,Interior
Old River @ Tracy Road Bridge - P12,4/23/2009,814,3.2,79.53429049,D,SouthDelta,Interior
Middle River @ Union Point - P10A,2/5/2018,402,3.2,74.06112596,BN,SouthDelta,Interior
Grant Line/Fabian/Bell Canals nr Old R.,5/22/1991,479,3.3,90.63835999,C,SouthDelta,Interior
Middle R @ Tracy Rd Bdg,7/24/1991,454,3.3,92.78926842,C,SouthDelta,Interior
Old River nr Tracy,7/8/1993,950,3.3,75.05380959,AN,SouthDelta,Interior
Grant Line/Fabian/Bell Canals nr Old R.,4/20/1994,922,3.3,78.884997,C,SouthDelta,Interior
Grant Line/Fabian/Bell Canals nr Old R.,8/7/1991,536,3.4,92.52821793,C,SouthDelta,Interior
Grant Ln Can @ Tracy Rd Bdg,4/22/1992,932,3.4,77.19407905,C,SouthDelta,Interior
Middle River @ Union Point - P10A,3/4/2008,374,3.4,66.16351777,C,SouthDelta,Interior
Grant Line Canal @ Tracy Blvd,12/11/2008,898,3.4,93.85276614,C,SouthDelta,Interior
Grant Line Canal @ Tracy Blvd,4/9/2009,844,3.4,75.01511525,D,SouthDelta,Interior
Middle River @ Union Point - P10A,8/4/2014,490,3.4,88.73599436,C,SouthDelta,Interior
Middle River @ Union Point - P10A,2/3/2015,415,3.4,87.92593622,C,SouthDelta,Interior
Grant Line/Fabian/Bell Canals nr Old R.,7/20/1994,852,3.5,90.6143213,C,SouthDelta,Interior
Middle River @ Union Point - P10A,11/3/2008,443,3.5,93.02142734,D,SouthDelta,Interior
Old River @ Tracy Road Bridge - P12,12/11/2008,1047,3.5,93.85276614,C,SouthDelta,Interior
Grant Line Canal @ Tracy Blvd,1/12/2009,1009,3.5,89.32251087,D,SouthDelta,Interior
Grant Line Canal @ Tracy Blvd,1/26/2009,952,3.5,88.07443799,D,SouthDelta,Interior
Old River @ Tracy Road Bridge - P12,4/9/2009,1013,3.5,75.01511525,D,SouthDelta,Interior
Grant Line/Fabian/Bell Canals nr Old R.,4/25/1990,671,3.6,87.22990049,C,SouthDelta,Interior
Grant Line/Fabian/Bell Canals nr Old R.,12/19/1991,909,3.6,95.49778406,C,SouthDelta,Interior
Grant Line/Fabian/Bell Canals nr Old R.,1/23/1992,546,3.6,92.69366513,C,SouthDelta,Interior
Middle River @ Union Point - P10A,2/5/2008,456,3.6,54.87619201,C,SouthDelta,Interior
Grant Line Canal @ Tracy Blvd,12/23/2008,928,3.6,91.80575032,C,SouthDelta,Interior
Old River @ Tracy Road Bridge - P12,2/26/2009,911,3.6,60.14582078,D,SouthDelta,Interior
Old River @ Tracy Road Bridge - P12,3/9/2009,868,3.6,54.40866096,D,SouthDelta,Interior
Middle River @ Union Point - P10A,1/5/2010,466,3.6,86.26711441,BN,SouthDelta,Interior
Middle River @ Union Point - P10A,7/7/2014,541,3.6,90.2187572,C,SouthDelta,Interior
Old River nr Tracy,8/22/1990,857,3.7,83.47764088,C,SouthDelta,Interior
Old River nr Tracy,7/20/1994,997,3.7,90.6143213,C,SouthDelta,Interior
Middle River @ Union Point - P10A,12/2/2008,511,3.7,92.75840841,C,SouthDelta,Interior
Old River @ Tracy Road Bridge - P12,12/23/2008,1257,3.7,91.80575032,C,SouthDelta,Interior
Old River @ Tracy Road Bridge - P12,1/12/2009,1092,3.7,89.32251087,D,SouthDelta,Interior
Grant Line Canal @ Tracy Blvd,2/26/2009,840,3.7,60.14582078,D,SouthDelta,Interior
Middle River @ Union Point - P10A,12/2/2013,507,3.7,93.39492499,D,SouthDelta,Interior
Middle River @ Union Point - P10A,12/1/2014,542,3.7,93.6049299,C,SouthDelta,Interior
Middle River @ Union Point - P10A,9/9/2015,581,3.7,94.75346141,C,SouthDelta,Interior
Middle River @ Union Point - P10A,10/5/2015,616,3.7,94.93479848,C,SouthDelta,Interior
Middle River @ Union Point - P10A,4/7/2016,328,3.7,66.37589317,BN,SouthDelta,Interior
Old River nr Tracy,4/25/1990,1120,3.8,87.22990049,C,SouthDelta,Interior
Middle River @ Union Point - P10A,1/3/2008,544,3.8,83.34570353,C,SouthDelta,Interior
Middle River @ Union Point - P10A,1/6/2009,589,3.8,86.18470086,D,SouthDelta,Interior
Middle River @ Union Point - P10A,3/2/2009,583,3.8,65.57301543,D,SouthDelta,Interior
Grant Line Canal @ Tracy Blvd,3/9/2009,728,3.8,54.40866096,D,SouthDelta,Interior
Grant Ln Can @ Tracy Rd Bdg,10/24/1990,1030,3.9,94.04183083,D,SouthDelta,Interior
Grant Ln Can @ Tracy Rd Bdg,7/20/1994,956,3.9,90.6143213,C,SouthDelta,Interior
Middle River @ Union Point - P10A,2/2/2010,536,3.9,54.29400396,BN,SouthDelta,Interior
Middle River @ Union Point - P10A,11/3/2014,613,3.9,92.39401068,D,SouthDelta,Interior
Middle River @ Union Point - P10A,2/4/2019,411,3.9,#N/A,W,SouthDelta,Interior
Grant Ln Can @ Tracy Rd Bdg,8/22/1990,735,4,83.47764088,C,SouthDelta,Interior
Grant Ln Can @ Tracy Rd Bdg,10/23/1991,997,4,94.27657666,C,SouthDelta,Interior
Grant Line/Fabian/Bell Canals nr Old R.,6/11/1992,686,4,90.14218042,C,SouthDelta,Interior
Old River nr Tracy,10/7/1992,974,4,92.45317986,C,SouthDelta,Interior
Grant Ln Can @ Tracy Rd Bdg,10/7/1992,881,4,92.45317986,C,SouthDelta,Interior
Old River @ Tracy Road Bridge - P12,2/11/2009,1093,4,83.0036227,D,SouthDelta,Interior
Middle River @ Union Point - P10A,1/6/2014,601,4,92.33233742,C,SouthDelta,Interior
Middle River @ Union Point - P10A,1/5/2015,470,4,71.50190239,C,SouthDelta,Interior
Middle River @ Union Point - P10A,8/3/2015,648,4,95.38511805,C,SouthDelta,Interior
Grant Line/Fabian/Bell Canals nr Old R.,10/7/1992,684,4.1,92.45317986,C,SouthDelta,Interior
Middle River @ Union Point - P10A,5/4/2015,568,4.1,94.17154572,C,SouthDelta,Interior
Middle River @ Union Point - P10A,11/2/2015,675,4.1,93.88533024,C,SouthDelta,Interior
Grant Ln Can @ Tracy Rd Bdg,7/26/1990,843,4.2,86.56430395,C,SouthDelta,Interior
Old River nr Tracy,10/24/1990,1140,4.2,94.04183083,D,SouthDelta,Interior
Grant Ln Can @ Tracy Rd Bdg,1/29/1991,1240,4.2,94.90599798,C,SouthDelta,Interior
Old River nr Tracy,1/23/1992,1150,4.2,92.69366513,C,SouthDelta,Interior
Grant Line/Fabian/Bell Canals nr Old R.,10/20/1992,795,4.2,94.16017229,C,SouthDelta,Interior
Grant Line Canal @ Tracy Blvd,2/11/2009,1068,4.2,83.0036227,D,SouthDelta,Interior
Grant Line Canal @ Tracy Blvd,3/23/2009,1156,4.2,67.34893515,D,SouthDelta,Interior
Middle River @ Union Point - P10A,1/9/2019,543,4.2,#N/A,W,SouthDelta,Interior
Grant Line/Fabian/Bell Canals nr Old R.,7/9/1992,724,4.3,91.63677332,C,SouthDelta,Interior
Old River @ Tracy Road Bridge - P12,3/23/2009,1179,4.3,67.34893515,D,SouthDelta,Interior
Middle River @ Union Point - P10A,1/4/2016,601,4.3,89.47617765,BN,SouthDelta,Interior
Old River nr Tracy,10/23/1991,1220,4.4,94.27657666,C,SouthDelta,Interior
Middle River @ Union Point - P10A,3/3/2014,725,4.4,80.57624471,C,SouthDelta,Interior
Middle River @ Union Point - P10A,7/6/2015,667,4.4,95.81957478,C,SouthDelta,Interior
Middle River @ Union Point - P10A,2/3/2016,488,4.4,59.65346245,BN,SouthDelta,Interior
Grant Ln Can @ Tracy Rd Bdg,4/25/1990,839,4.5,87.22990049,C,SouthDelta,Interior
Old River nr Tracy,7/24/1991,1110,4.5,92.78926842,C,SouthDelta,Interior
Grant Ln Can @ Tracy Rd Bdg,7/24/1991,974,4.5,92.78926842,C,SouthDelta,Interior
Grant Ln Can @ Tracy Rd Bdg,1/23/1992,1100,4.5,92.69366513,C,SouthDelta,Interior
Middle River @ Union Point - P10A,2/3/2009,633,4.5,84.30493265,D,SouthDelta,Interior
Middle River @ Union Point - P10A,6/1/2015,697,4.5,93.2549537,C,SouthDelta,Interior
Old River nr Tracy,2/14/1990,1320,4.6,84.5852336,C,SouthDelta,Interior
Old River nr Tracy,1/29/1991,1320,4.6,94.90599798,C,SouthDelta,Interior
Grant Line/Fabian/Bell Canals nr Old R.,1/29/1991,700,4.6,94.90599798,C,SouthDelta,Interior
Grant Ln Can @ Tracy Rd Bdg,4/23/1991,1360,4.6,85.01362795,C,SouthDelta,Interior
Middle River @ Union Point - P10A,12/7/2015,710,4.6,94.9140377,C,SouthDelta,Interior
Grant Line/Fabian/Bell Canals nr Old R.,10/24/1990,703,4.7,94.04183083,D,SouthDelta,Interior
Grant Line/Fabian/Bell Canals nr Old R.,8/21/1991,840,4.7,88.57096592,C,SouthDelta,Interior
Old River nr Tracy,4/22/1992,1110,4.7,77.19407905,C,SouthDelta,Interior
Grant Line/Fabian/Bell Canals nr Old R.,8/19/1992,822,4.7,92.0935494,C,SouthDelta,Interior
Old River nr Tracy,7/26/1990,916,4.8,86.56430395,C,SouthDelta,Interior
Grant Line/Fabian/Bell Canals nr Old R.,9/3/1992,956,4.8,90.77667797,C,SouthDelta,Interior
Grant Line/Fabian/Bell Canals nr Old R.,7/22/1992,900,4.9,92.3938467,C,SouthDelta,Interior
Old River nr Tracy,3/2/1989,1410,5,91.3346382,D,SouthDelta,Interior
Grant Ln Can @ Tracy Rd Bdg,3/2/1989,1430,5,91.3346382,D,SouthDelta,Interior
Old River nr Tracy,7/22/1992,1120,5.1,92.3938467,C,SouthDelta,Interior
Old River nr Tracy,8/19/1992,1160,5.1,92.0935494,C,SouthDelta,Interior
Middle River @ Union Point - P10A,2/3/2014,774,5.1,93.92384943,C,SouthDelta,Interior
Grant Ln Can @ Tracy Rd Bdg,8/19/1992,1080,5.2,92.0935494,C,SouthDelta,Interior
Grant Ln Can @ Tracy Rd Bdg,7/22/1992,1100,5.4,92.3938467,C,SouthDelta,Interior
Old River nr Tracy,1/13/1993,332,5.5,64.09402935,AN,SouthDelta,Interior
Old River nr Tracy,4/23/1991,1510,5.6,85.01362795,C,SouthDelta,Interior
Old River nr Tracy,8/21/1991,1140,5.7,88.57096592,C,SouthDelta,Interior
Grant Ln Can @ Tracy Rd Bdg,1/13/1993,376,5.7,64.09402935,AN,SouthDelta,Interior
Grant Ln Can @ Tracy Rd Bdg,2/14/1990,1240,5.8,84.5852336,C,SouthDelta,Interior
Grant Ln Can @ Tracy Rd Bdg,8/21/1991,1000,5.8,88.57096592,C,SouthDelta,Interior
Grant Ln Can @ Tracy Rd Bdg,1/24/1990,1200,6,79.66720736,C,SouthDelta,Interior
Old River nr Tracy,1/24/1990,1190,6.2,79.66720736,C,SouthDelta,Interior
Grant Line/Fabian/Bell Canals nr Old R.,1/24/1990,1100,7.2,79.66720736,C,SouthDelta,Interior
