Long Station Name,Collection Date,EC,Mg,Sacramento X2,WYT,Location,Area
Contra Costa PP Number 01,12/7/1999,1390,40,84.3486242,W,OMR,Interior
Contra Costa PP Number 01,11/9/1994,988,39,92.63852791,AN,OMR,Interior
Old River near Rock Slough,7/21/1959,1740,36,95.92495125,BN,OMR,Interior
Contra Costa PP Number 01,3/7/2000,1125,36,48.16682697,AN,OMR,Interior
Old River near Rock Slough,8/4/1959,1580,34,91.1135463,BN,OMR,Interior
Contra Costa PP Number 01,2/3/2003,1070,34,54.06515388,AN,OMR,Interior
Contra Costa PP Number 01,12/4/2007,1212,33,87.28423839,D,OMR,Interior
Contra Costa PP Number 01,3/3/1998,1100,32.8,46.174655,W,OMR,Interior
Old River near Rock Slough,8/4/1959,1380,31,91.1135463,BN,OMR,Interior
Contra Costa PP Number 01,11/6/2007,1048,29,89.58054651,W,OMR,Interior
Contra Costa PP Number 01,3/7/1996,898,29,46.46251523,W,OMR,Interior
Contra Costa PP Number 01,12/10/1997,1080,28.4,71.95083355,W,OMR,Interior
Contra Costa PP Number 01,10/8/2002,1120,28,89.3846487,D,OMR,Interior
Old River South of Rock Slough (St 5A),12/3/1987,1000,28,94.23731184,D,OMR,Interior
Old River near Rock Slough,7/21/1959,1320,27,95.92495125,BN,OMR,Interior
Old River North of Rock Slough (St 4b),2/14/1991,1090,27,93.77396204,C,OMR,Interior
Rock Slough @ Old River,2/25/1991,1080,27,94.18554964,C,OMR,Interior
Old River North of Rock Slough (St 4b),2/25/1991,1080,27,94.18554964,C,OMR,Interior
Contra Costa PP Number 01,3/11/1993,801,27,59.02850507,AN,OMR,Interior
Contra Costa PP Number 01,1/4/2000,1186,26,80.55744457,AN,OMR,Interior
Rock Slough @ Old River,2/14/1991,1070,26,93.77396204,C,OMR,Interior
Old River South of Rock Slough (St 5A),3/1/1991,1050,26,95.64094598,C,OMR,Interior
Contra Costa PP Number 01,1/7/2003,1010,26,51.99960319,AN,OMR,Interior
Contra Costa PP Number 01,2/5/1998,879,25.6,41.15155574,W,OMR,Interior
Contra Costa PP Number 01,1/6/1998,920,25.4,80.42409534,W,OMR,Interior
Rock Slough @ Old River,12/12/1990,1100,25,93.02603777,C,OMR,Interior
Contra Costa PP Number 01,3/6/2001,753,25,70.05240742,D,OMR,Interior
Old River North of Rock Slough (St 4b),12/12/1990,1060,24,93.02603777,C,OMR,Interior
Contra Costa PP Number 01,1/8/2001,1030,24,94.68792213,D,OMR,Interior
Contra Costa PP Number 01,12/9/1991,988,24,94.2937316,C,OMR,Interior
Rock Slough @ Old River,9/22/1994,988,24,90.04354307,C,OMR,Interior
Contra Costa PP Number 01,2/6/2001,943,24,82.30525912,D,OMR,Interior
Contra Costa PP Number 01,10/7/1992,900,24,92.45317986,C,OMR,Interior
Clifton Court Intake,12/10/1992,875,24,95.44056579,C,OMR,Interior
Rock Slough @ Old River,12/19/1991,967,23,95.49778406,C,OMR,Interior
Old River North of Rock Slough (St 4b),12/19/1991,950,23,95.49778406,C,OMR,Interior
Rock Slough @ Old River,6/11/1992,947,23,90.14218042,C,OMR,Interior
Contra Costa PP Number 01,9/20/1994,935,23,92.37559029,C,OMR,Interior
Old River North of Rock Slough (St 4b),6/11/1992,934,23,90.14218042,C,OMR,Interior
Rock Slough @ Old River,9/3/1992,933,23,90.77667797,C,OMR,Interior
Old River North of Rock Slough (St 4b),9/3/1992,930,23,90.77667797,C,OMR,Interior
Contra Costa PP Number 01,8/19/1992,904,23,92.0935494,C,OMR,Interior
Contra Costa PP Number 01,2/24/1992,793,23,66.71267132,C,OMR,Interior
Clifton Court Intake,4/24/1991,792,23,86.48122671,C,OMR,Interior
Contra Costa PP Number 01,3/7/2005,654,23,57.47547175,AN,OMR,Interior
Old River South of Rock Slough (St 5A),11/18/1985,992,22,93.20373275,W,OMR,Interior
Rock Slough @ Old River,10/24/1990,960,22,94.04183083,D,OMR,Interior
Old River North of Rock Slough (St 4b),11/28/1990,959,22,92.60675328,D,OMR,Interior
Rock Slough @ Old River,11/28/1990,949,22,92.60675328,D,OMR,Interior
Contra Costa PP Number 01,11/17/1992,943,22,94.87189975,C,OMR,Interior
Contra Costa PP Number 01,12/8/1992,933,22,96.70881536,C,OMR,Interior
Old River North of Rock Slough (St 4b),10/24/1990,921,22,94.04183083,D,OMR,Interior
Old River North of Rock Slough (St 4b),8/19/1992,915,22,92.0935494,C,OMR,Interior
Old River North of Rock Slough (St 4b),7/22/1992,909,22,92.3938467,C,OMR,Interior
Contra Costa PP Number 01,7/22/1992,905,22,92.3938467,C,OMR,Interior
Rock Slough @ Old River,8/19/1992,901,22,92.0935494,C,OMR,Interior
Rock Slough @ Old River,7/22/1992,899,22,92.3938467,C,OMR,Interior
Contra Costa PP Number 01,11/6/2001,898,22,92.77803114,AN,OMR,Interior
Contra Costa PP Number 01,10/7/1999,892,22,85.55971154,W,OMR,Interior
Contra Costa PP Number 01,6/23/1992,885,22,92.2794422,C,OMR,Interior
Contra Costa PP Number 01,9/22/1992,882,22,92.38888101,C,OMR,Interior
Old River South of Rock Slough (St 5A),2/1/1991,881,22,94.15033685,C,OMR,Interior
Rock Slough @ Old River,3/12/1991,859,22,78.72735886,C,OMR,Interior
Rock Slough @ Old River,10/7/1992,849,22,92.45317986,C,OMR,Interior
Clifton Court Intake,2/27/1991,840,22,95.15255136,C,OMR,Interior
Old River North of Rock Slough (St 4b),10/7/1992,835,22,92.45317986,C,OMR,Interior
Contra Costa PP Number 01,2/3/2009,794,22,84.30493265,D,OMR,Interior
Contra Costa PP Number 01,1/17/1995,709,22,46.35508675,W,OMR,Interior
Contra Costa PP Number 01,11/5/1997,948,21.8,91.80829068,W,OMR,Interior
Old River near Rock Slough,8/18/1959,937,21,93.54824528,BN,OMR,Interior
Rock Slough @ Old River,1/2/1991,907,21,93.51732212,C,OMR,Interior
Old River North of Rock Slough (St 4b),4/25/1990,905,21,87.22990049,C,OMR,Interior
Old River North of Rock Slough (St 4b),1/29/1991,878,21,94.90599798,C,OMR,Interior
Contra Costa PP Number 01,10/1/2008,870,21,88.30977329,D,OMR,Interior
Contra Costa PP Number 01,12/3/2002,850,21,93.0185482,D,OMR,Interior
Contra Costa PP Number 01,11/19/1991,836,21,93.6335894,C,OMR,Interior
Contra Costa PP Number 01,12/13/1994,814,21,82.54298007,C,OMR,Interior
Rock Slough @ Old River,10/20/1992,811,21,94.16017229,C,OMR,Interior
Old River North of Rock Slough (St 4b),3/12/1991,779,21,78.72735886,C,OMR,Interior
Clifton Court Intake,3/9/1993,730,21,59.04059358,AN,OMR,Interior
Contra Costa PP Number 01,10/2/2007,928,20,87.02852586,W,OMR,Interior
Old River North of Rock Slough (St 4b),1/2/1991,880,20,93.51732212,C,OMR,Interior
Rock Slough @ Old River,8/6/1992,878,20,92.5804813,C,OMR,Interior
Contra Costa PP Number 01,11/5/2002,874,20,91.73476989,D,OMR,Interior
Rock Slough @ Old River,4/25/1990,864,20,87.22990049,C,OMR,Interior
Old River North of Rock Slough (St 4b),10/17/1990,863,20,93.81403956,D,OMR,Interior
Rock Slough @ Old River,1/16/1991,862,20,92.74078739,C,OMR,Interior
Old River North of Rock Slough (St 4b),1/16/1991,861,20,92.74078739,C,OMR,Interior
Old River South of Rock Slough (St 5A),1/4/1991,860,20,93.20280671,C,OMR,Interior
Clifton Court Intake,12/11/1990,853,20,93.08539402,C,OMR,Interior
Rock Slough @ Old River,11/14/1990,848,20,93.90716742,D,OMR,Interior
Rock Slough @ Old River,10/17/1990,847,20,93.81403956,D,OMR,Interior
Old River North of Rock Slough (St 4b),8/6/1992,840,20,92.5804813,C,OMR,Interior
Old River North of Rock Slough (St 4b),10/11/1990,836,20,94.23950241,D,OMR,Interior
Old River North of Rock Slough (St 4b),10/31/1990,832,20,92.89347904,D,OMR,Interior
Rock Slough @ Old River,10/31/1990,828,20,92.89347904,D,OMR,Interior
Rock Slough @ Old River,10/11/1990,816,20,94.23950241,D,OMR,Interior
Rock Slough @ Old River,7/9/1992,812,20,91.63677332,C,OMR,Interior
Clifton Court Intake,12/11/1991,810,20,94.35994762,C,OMR,Interior
Old River South of Rock Slough (St 5A),3/3/1989,807,20,93.76129389,D,OMR,Interior
Rock Slough @ Old River,8/25/1994,805,20,90.48799198,C,OMR,Interior
Rock Slough @ Old River,1/23/1992,792,20,92.69366513,C,OMR,Interior
Clifton Court Intake,6/27/1990,786,20,84.4854239,C,OMR,Interior
Contra Costa PP Number 01,1/6/2004,784,20,55.58733795,BN,OMR,Interior
Old River North of Rock Slough (St 4b),10/20/1992,766,20,94.16017229,C,OMR,Interior
Clifton Court Intake,11/19/1992,737,20,93.66767375,C,OMR,Interior
Middle River @ Union Point - P10A,3/3/2014,725,20,80.57624471,C,OMR,Interior
Old River South of Rock Slough (St 5A),1/6/1988,669,20,87.58232555,C,OMR,Interior
Contra Costa PP Number 01,4/1/2003,663,20,69.81194277,AN,OMR,Interior
Contra Costa PP Number 01,3/3/2003,591,20,60.574921,AN,OMR,Interior
Old River North of Rock Slough (St 4b),11/14/1990,859,19,93.90716742,D,OMR,Interior
Contra Costa PP Number 01,9/4/2002,854,19,88.12309273,D,OMR,Interior
Old River North of Rock Slough (St 4b),7/9/1992,795,19,91.63677332,C,OMR,Interior
Middle River @ Union Point - P10A,2/3/2014,774,19,93.92384943,C,OMR,Interior
Old River South of Rock Slough (St 5A),4/1/1990,751,19,92.60495482,C,OMR,Interior
Contra Costa PP Number 01,12/3/2001,750,19,82.50576236,D,OMR,Interior
Contra Costa PP Number 01,1/23/1992,732,19,92.69366513,C,OMR,Interior
Clifton Court Intake,1/31/1991,731,19,94.0793962,C,OMR,Interior
Clifton Court Intake,6/25/1992,724,19,90.85817896,C,OMR,Interior
Old River South of Rock Slough (St 5A),8/5/1986,723,19,80.38588581,W,OMR,Interior
Old River North of Rock Slough (St 4b),6/13/1991,719,19,92.96709129,C,OMR,Interior
Clifton Court Intake,9/24/1992,717,19,92.85385013,C,OMR,Interior
Rock Slough @ Old River,6/13/1991,713,19,92.96709129,C,OMR,Interior
Contra Costa PP Number 01,6/24/1991,705,19,92.83977948,C,OMR,Interior
Middle River @ Union Point - P10A,6/1/2015,697,19,93.2549537,C,OMR,Interior
Contra Costa PP Number 01,7/20/1994,666,19,90.6143213,C,OMR,Interior
Contra Costa PP Number 01,4/10/1995,635,19,50.51772825,W,OMR,Interior
Contra Costa PP Number 01,1/13/1993,633,19,64.09402935,AN,OMR,Interior
Contra Costa PP Number 01,2/6/1995,533,19,48.45038827,W,OMR,Interior
Contra Costa PP Number 01,9/5/2007,812,18,85.25541551,D,OMR,Interior
Old River North of Rock Slough (St 4b),1/24/1990,804,18,79.66720736,C,OMR,Interior
Old River South of Rock Slough (St 5A),9/2/1981,793,18,89.4339165,D,OMR,Interior
Old River South of Rock Slough (St 5A),9/18/1981,758,18,85.78904211,D,OMR,Interior
Contra Costa PP Number 01,9/2/2008,744,18,88.7732302,C,OMR,Interior
Rock Slough @ Old River,9/26/1991,741,18,89.13268814,C,OMR,Interior
Rock Slough @ Old River,9/12/1991,722,18,88.08357466,C,OMR,Interior
Old River South of Rock Slough (St 5A),2/2/1990,711,18,83.0339583,C,OMR,Interior
Clifton Court Intake,10/23/1990,710,18,94.64630634,D,OMR,Interior
Old River North of Rock Slough (St 4b),9/26/1991,705,18,89.13268814,C,OMR,Interior
Contra Costa PP Number 01,1/2/2007,704,18,80.23657174,D,OMR,Interior
Contra Costa PP Number 01,8/23/1994,703,18,91.93258472,C,OMR,Interior
Clifton Court Intake,11/21/1991,688,18,93.42904814,C,OMR,Interior
Middle River at Bacon Island Bridge,12/10/1992,686,18,95.44056579,C,OMR,Interior
Clifton Court Intake,9/22/1994,667,18,90.04354307,C,OMR,Interior
Contra Costa PP Number 01,1/3/2005,640,18,63.06546569,AN,OMR,Interior
Middle River @ Union Point - P10A,2/3/2009,633,18,84.30493265,D,OMR,Interior
Contra Costa PP Number 01,1/8/2002,616,18,54.28372948,D,OMR,Interior
Clifton Court Intake,5/19/1994,599,18,76.51544974,C,OMR,Interior
Contra Costa PP Number 01,9/11/1991,782,17,92.53683095,C,OMR,Interior
Contra Costa PP Number 01,11/1/2004,765,17,83.50140273,AN,OMR,Interior
Contra Costa PP Number 01,10/6/2004,730,17,80.20091081,AN,OMR,Interior
Contra Costa PP Number 01,12/3/2003,724,17,87.61870823,AN,OMR,Interior
Contra Costa PP Number 01,1/3/2006,703,17,0,W,OMR,Interior
Old River North of Rock Slough (St 4b),9/12/1991,702,17,88.08357466,C,OMR,Interior
Rock Slough @ Old River,7/20/1994,692,17,90.6143213,C,OMR,Interior
Old River North of Rock Slough (St 4b),7/20/1994,690,17,90.6143213,C,OMR,Interior
Clifton Court Intake,11/13/1990,689,17,93.89378554,D,OMR,Interior
Contra Costa PP Number 01,11/7/2000,668,17,84.3926938,W,OMR,Interior
Middle River @ Union Point - P10A,7/6/2015,667,17,95.81957478,C,OMR,Interior
Old River North of Rock Slough (St 4b),10/23/1991,665,17,94.27657666,C,OMR,Interior
Middle River at Bacon Island Bridge,10/30/1990,656,17,93.26510574,D,OMR,Interior
Old River North of Rock Slough (St 4b),7/10/1991,648,17,92.07471565,C,OMR,Interior
Rock Slough @ Old River,6/26/1991,647,17,92.70986559,C,OMR,Interior
Contra Costa PP Number 01,11/3/2008,642,17,93.02142734,D,OMR,Interior
Old River North of Rock Slough (St 4b),6/26/1991,639,17,92.70986559,C,OMR,Interior
Rock Slough @ Old River,10/23/1991,637,17,94.27657666,C,OMR,Interior
Rock Slough @ Old River,10/20/1994,636,17,92.73586707,AN,OMR,Interior
Old River North of Rock Slough (St 4b),5/22/1991,613,17,90.63835999,C,OMR,Interior
Middle River at Bacon Island Bridge,2/26/1991,610,17,94.34149831,C,OMR,Interior
Middle River at Bacon Island Bridge,12/11/1991,609,17,94.35994762,C,OMR,Interior
Middle River at Bacon Island Bridge,11/19/1992,607,17,93.66767375,C,OMR,Interior
Clifton Court Intake,6/25/1991,607,17,93.04612539,C,OMR,Interior
Rock Slough @ Old River,5/22/1991,596,17,90.63835999,C,OMR,Interior
Middle River @ Union Point - P10A,1/6/2009,589,17,86.18470086,D,OMR,Interior
Middle River @ Union Point - P10A,3/2/2009,583,17,65.57301543,D,OMR,Interior
Contra Costa PP Number 01,12/6/2004,579,17,88.99645057,BN,OMR,Interior
Middle River @ Union Point - P10A,5/4/2015,568,17,94.17154572,C,OMR,Interior
Contra Costa PP Number 01,5/21/1991,537,17,91.14886705,C,OMR,Interior
Contra Costa PP Number 01,4/4/2005,499,17,55.79737907,AN,OMR,Interior
Old River near Rock Slough,8/18/1959,1000,16,93.54824528,BN,OMR,Interior
Old River near Rock Slough,7/7/1959,749,16,94.29889644,BN,OMR,Interior
Old River South of Rock Slough (St 5A),8/29/1979,717,16,84.68527652,BN,OMR,Interior
Old River near Rock Slough,7/7/1959,716,16,94.29889644,BN,OMR,Interior
Middle River @ Union Point - P10A,12/7/2015,710,16,94.9140377,C,OMR,Interior
Contra Costa PP Number 01,12/5/1996,688,16,78.03491703,W,OMR,Interior
Middle River @ Union Point - P10A,11/2/2015,675,16,93.88533024,C,OMR,Interior
Rock Slough @ Old River,5/23/1990,660,16,90.30188297,C,OMR,Interior
Clifton Court Intake,5/23/1990,654,16,90.30188297,C,OMR,Interior
Middle River @ Union Point - P10A,8/3/2015,648,16,95.38511805,C,OMR,Interior
Old River South of Rock Slough (St 5A),10/22/1985,639,16,91.1066811,W,OMR,Interior
Rock Slough @ Old River,7/10/1991,630,16,92.07471565,C,OMR,Interior
Contra Costa PP Number 01,10/2/1990,625,16,92.40360011,D,OMR,Interior
Middle River at Bacon Island Bridge,11/13/1990,625,16,93.89378554,D,OMR,Interior
Middle River at Bacon Island Bridge,11/27/1990,618,16,93.19458317,D,OMR,Interior
Rock Slough @ Old River,10/1/1990,618,16,91.47315676,D,OMR,Interior
Middle River @ Union Point - P10A,11/3/2014,613,16,92.39401068,D,OMR,Interior
Old River North of Rock Slough (St 4b),10/1/1990,613,16,91.47315676,D,OMR,Interior
Old River South of Rock Slough (St 5A),12/17/1985,605,16,77.70271234,D,OMR,Interior
Middle River @ Union Point - P10A,1/4/2016,601,16,89.47617765,BN,OMR,Interior
Middle River @ Union Point - P10A,1/6/2014,601,16,92.33233742,C,OMR,Interior
Rock Slough @ Old River,2/23/1990,598,16,83.08252588,C,OMR,Interior
Clifton Court Intake,8/25/1994,597,16,90.48799198,C,OMR,Interior
Rock Slough @ Old River,7/24/1991,596,16,92.78926842,C,OMR,Interior
Old River North of Rock Slough (St 4b),7/24/1991,595,16,92.78926842,C,OMR,Interior
Contra Costa PP Number 01,10/23/1991,585,16,94.27657666,C,OMR,Interior
Middle River at Bacon Island Bridge,10/24/1990,585,16,94.04183083,D,OMR,Interior
Contra Costa PP Number 01,12/2/2008,574,16,92.75840841,C,OMR,Interior
Contra Costa PP Number 01,10/13/1994,569,16,90.78710967,AN,OMR,Interior
Clifton Court Intake,6/4/1992,569,16,92.61021102,C,OMR,Interior
Rock Slough @ Old River,3/26/1991,567,16,72.01442228,C,OMR,Interior
Middle River at Bacon Island Bridge,2/13/1991,557,16,94.27904419,C,OMR,Interior
Old River South of Rock Slough (St 5A),10/14/1981,557,16,89.11569229,AN,OMR,Interior
Contra Costa PP Number 01,4/4/1996,554,16,58.29157662,W,OMR,Interior
Clifton Court Intake,2/25/1992,554,16,65.86224313,C,OMR,Interior
Old River North of Rock Slough (St 4b),3/26/1991,549,16,72.01442228,C,OMR,Interior
Clifton Court Intake,3/27/1991,548,16,71.68911216,C,OMR,Interior
Old River South of Rock Slough (St 5A),3/1/1988,540,16,91.84800955,C,OMR,Interior
Middle River at Bacon Island Bridge,10/19/1992,534,16,94.57151352,C,OMR,Interior
Old River South of Rock Slough (St 5A),6/28/1988,533,16,88.84197167,C,OMR,Interior
Clifton Court Intake,5/21/1991,527,16,91.14886705,C,OMR,Interior
Middle River at Bacon Island Bridge,3/11/1991,514,16,78.62871498,C,OMR,Interior
Contra Costa PP Number 01,3/2/2004,500,16,49.65011755,BN,OMR,Interior
Middle River @ Union Point - P10A,3/2/2010,483,16,63.81753273,BN,OMR,Interior
Contra Costa PP Number 01,4/8/2008,465,16,78.37516679,C,OMR,Interior
Contra Costa PP Number 01,10/7/1997,640,15.9,90.04861349,W,OMR,Interior
Contra Costa PP Number 01,8/21/1991,699,15,88.57096592,C,OMR,Interior
Contra Costa PP Number 01,11/4/2003,673,15,88.40480968,D,OMR,Interior
Contra Costa PP Number 01,8/5/2002,665,15,83.27712196,D,OMR,Interior
Contra Costa PP Number 01,12/5/2005,660,15,82.80590189,AN,OMR,Interior
Contra Costa PP Number 01,11/17/1993,647,15,88.13138401,C,OMR,Interior
Rock Slough @ Old River,8/7/1990,635,15,84.4251127,C,OMR,Interior
Old River South of Rock Slough (St 5A),8/18/1981,628,15,87.20292234,D,OMR,Interior
Middle River @ Union Point - P10A,10/5/2015,616,15,94.93479848,C,OMR,Interior
Rock Slough @ Old River,9/25/1990,583,15,91.8739207,C,OMR,Interior
Old River North of Rock Slough (St 4b),9/25/1990,573,15,91.8739207,C,OMR,Interior
Middle River at Bacon Island Bridge,8/4/1992,571,15,93.425676,C,OMR,Interior
Middle River at Bacon Island Bridge,6/25/1992,564,15,90.85817896,C,OMR,Interior
Old River South of Rock Slough (St 5A),8/3/1987,564,15,84.30302728,D,OMR,Interior
Old River North of Rock Slough (St 4b),10/10/1991,563,15,88.47167384,C,OMR,Interior
Rock Slough @ Old River,10/10/1991,554,15,88.47167384,C,OMR,Interior
Old River North of Rock Slough (St 4b),8/21/1991,551,15,88.57096592,C,OMR,Interior
Contra Costa PP Number 01,10/3/2000,548,15,87.25802224,W,OMR,Interior
Rock Slough @ Old River,3/20/1990,548,15,85.09103604,C,OMR,Interior
Middle River at Bacon Island Bridge,11/21/1991,547,15,93.42904814,C,OMR,Interior
Old River South of Rock Slough (St 5A),11/10/1981,545,15,88.94945498,AN,OMR,Interior
Middle River @ Union Point - P10A,1/3/2008,544,15,83.34570353,C,OMR,Interior
Middle River at Bacon Island Bridge,10/16/1990,542,15,94.0236734,D,OMR,Interior
Middle River at Bacon Island Bridge,12/11/1990,542,15,93.08539402,C,OMR,Interior
Middle River @ Union Point - P10A,7/7/2014,541,15,90.2187572,C,OMR,Interior
Middle River @ Union Point - P10A,2/2/2010,536,15,54.29400396,BN,OMR,Interior
Middle River at Bacon Island Bridge,6/9/1992,535,15,88.84783983,C,OMR,Interior
Old River South of Rock Slough (St 5A),1/16/1986,530,15,84.02165809,W,OMR,Interior
Clifton Court Intake,7/23/1991,528,15,91.47785985,C,OMR,Interior
Middle River at Bacon Island Bridge,2/16/1993,524,15,58.91466321,AN,OMR,Interior
Middle River at Bacon Island Bridge,10/7/1992,522,15,92.45317986,C,OMR,Interior
Middle River at Bacon Island Bridge,1/7/1992,519,15,93.01508883,C,OMR,Interior
Contra Costa PP Number 01,5/2/1996,516,15,66.95278638,W,OMR,Interior
Middle River at Bacon Island Bridge,3/24/1994,516,15,72.52425966,C,OMR,Interior
Old River North of Rock Slough (St 4b),6/28/1988,512,15,88.84197167,C,OMR,Interior
Middle River @ Union Point - P10A,12/2/2008,511,15,92.75840841,C,OMR,Interior
Middle River @ Union Point - P10A,5/6/2008,503,15,81.24308533,C,OMR,Interior
Middle River @ Union Point - P10A,10/6/2014,503,15,94.77701545,D,OMR,Interior
Middle River @ Union Point - P10A,4/8/2008,492,15,78.37516679,C,OMR,Interior
Clifton Court Intake,5/21/1992,463,15,91.77345049,C,OMR,Interior
Contra Costa PP Number 01,5/19/1992,451,15,92.35936602,C,OMR,Interior
Contra Costa PP Number 01,3/24/1992,421,15,67.98576989,C,OMR,Interior
Middle River @ Union Point - P10A,1/9/2019,543,14.5,#N/A,W,OMR,Interior
Old River near Rock Slough,9/2/1959,644,14,91.96611223,BN,OMR,Interior
Old River near Rock Slough,9/2/1959,621,14,91.96611223,BN,OMR,Interior
Contra Costa PP Number 01,10/7/2003,604,14,88.64679121,D,OMR,Interior
Old River North of Rock Slough (St 4b),8/7/1990,595,14,84.4251127,C,OMR,Interior
Old River South of Rock Slough (St 5A),8/13/1979,592,14,83.32246149,BN,OMR,Interior
Middle River @ Union Point - P10A,9/9/2015,581,14,94.75346141,C,OMR,Interior
Rock Slough @ Old River,7/26/1990,572,14,86.56430395,C,OMR,Interior
Rock Slough @ Old River,8/21/1991,550,14,88.57096592,C,OMR,Interior
Rock Slough @ Old River,9/17/1990,548,14,85.19881494,C,OMR,Interior
Rock Slough @ Old River,7/31/1990,547,14,85.26138636,C,OMR,Interior
Rock Slough @ Old River,8/7/1991,546,14,92.52821793,C,OMR,Interior
Old River North of Rock Slough (St 4b),9/17/1990,544,14,85.19881494,C,OMR,Interior
Middle River @ Union Point - P10A,12/1/2014,542,14,93.6049299,C,OMR,Interior
Old River North of Rock Slough (St 4b),8/7/1991,539,14,92.52821793,C,OMR,Interior
Middle River at Bacon Island Bridge,1/2/1991,536,14,93.51732212,C,OMR,Interior
Old River North of Rock Slough (St 4b),7/31/1990,533,14,85.26138636,C,OMR,Interior
Middle River at Bacon Island Bridge,1/29/1991,532,14,94.90599798,C,OMR,Interior
Clifton Court Intake,4/24/1990,532,14,86.79032173,C,OMR,Interior
Middle River at Bacon Island Bridge,7/22/1992,527,14,92.3938467,C,OMR,Interior
Old River North of Rock Slough (St 4b),9/11/1990,527,14,86.1336185,C,OMR,Interior
Old River South of Rock Slough (St 5A),2/20/1979,517,14,61.16117032,BN,OMR,Interior
Clifton Court Intake,2/14/1990,515,14,84.5852336,C,OMR,Interior
Old River near Rock Slough,9/15/1959,509,14,84.58759953,BN,OMR,Interior
Old River South of Rock Slough (St 5A),7/7/1987,505,14,85.52687347,D,OMR,Interior
Clifton Court Intake,9/24/1990,504,14,90.82305445,C,OMR,Interior
Middle River at Bacon Island Bridge,1/15/1991,501,14,92.72130445,C,OMR,Interior
Middle River at Bacon Island Bridge,5/19/1994,499,14,76.51544974,C,OMR,Interior
Contra Costa PP Number 01,2/6/2006,491,14,52.81827396,W,OMR,Interior
Middle River @ Union Point - P10A,5/5/2014,483,14,87.63000727,C,OMR,Interior
Middle River at Bacon Island Bridge,2/17/1994,482,14,75.37363149,C,OMR,Interior
Middle River at Bacon Island Bridge,10/10/1990,481,14,93.96433834,D,OMR,Interior
Middle River at Bacon Island Bridge,3/9/1993,471,14,59.04059358,AN,OMR,Interior
Middle River @ Union Point - P10A,1/5/2015,470,14,71.50190239,C,OMR,Interior
Middle River at Bacon Island Bridge,3/25/1991,469,14,72.32639176,C,OMR,Interior
Middle River at Bacon Island Bridge,6/11/1991,468,14,92.37007644,C,OMR,Interior
Middle River @ Union Point - P10A,1/5/2010,466,14,86.26711441,BN,OMR,Interior
Middle River @ Union Point - P10A,4/7/2014,459,14,75.44547873,C,OMR,Interior
Middle River at Bacon Island Bridge,5/21/1992,458,14,91.77345049,C,OMR,Interior
Middle River at Bacon Island Bridge,9/24/1992,458,14,92.85385013,C,OMR,Interior
Old River South of Rock Slough (St 5A),6/1/1987,458,14,84.03896739,D,OMR,Interior
Middle River at Bacon Island Bridge,5/7/1992,456,14,90.34949329,C,OMR,Interior
Middle River at Bacon Island Bridge,1/23/1992,455,14,92.69366513,C,OMR,Interior
Middle River at Bacon Island Bridge,6/28/1991,451,14,91.92518677,C,OMR,Interior
Rock Slough @ Old River,7/10/1990,449,14,87.75334412,C,OMR,Interior
Middle River at Bacon Island Bridge,4/20/1994,441,14,78.884997,C,OMR,Interior
Middle River @ Union Point - P10A,4/6/2010,441,14,68.63765096,BN,OMR,Interior
Clifton Court Intake,3/24/1994,437,14,72.52425966,C,OMR,Interior
Middle River @ Union Point - P10A,6/2/2008,435,14,81.73068377,C,OMR,Interior
Middle River @ Union Point - P10A,4/6/2015,419,14,88.0123047,C,OMR,Interior
Contra Costa PP Number 01,5/6/2008,415,14,81.24308533,C,OMR,Interior
Middle River @ Union Point - P10A,2/3/2015,415,14,87.92593622,C,OMR,Interior
Middle River @ Union Point - P10A,3/2/2015,406,14,78.10690622,C,OMR,Interior
Contra Costa PP Number 01,2/8/1996,397,14,47.52751567,W,OMR,Interior
Contra Costa PP Number 01,2/7/2005,379,14,66.68285541,AN,OMR,Interior
Contra Costa PP Number 01,12/16/1993,566,13,82.70555681,AN,OMR,Interior
Old River South of Rock Slough (St 5A),8/3/1981,553,13,85.40012999,D,OMR,Interior
Contra Costa PP Number 01,9/8/2004,540,13,83.45154489,BN,OMR,Interior
Old River North of Rock Slough (St 4b),7/26/1990,524,13,86.56430395,C,OMR,Interior
Rock Slough @ Old River,9/11/1990,510,13,86.1336185,C,OMR,Interior
Middle River @ Union Point - P10A,12/2/2013,507,13,93.39492499,D,OMR,Interior
Contra Costa PP Number 01,10/3/2005,504,13,81.90521431,BN,OMR,Interior
Contra Costa PP Number 01,11/7/1996,495,13,84.27562766,W,OMR,Interior
Contra Costa PP Number 01,8/5/2008,492,13,88.35573476,C,OMR,Interior
Middle River @ Union Point - P10A,8/4/2014,490,13,88.73599436,C,OMR,Interior
Middle River @ Union Point - P10A,2/3/2016,488,13,59.65346245,BN,OMR,Interior
Old River near Rock Slough,9/15/1959,486,13,84.58759953,BN,OMR,Interior
Middle River @ Union Point - P10A,3/5/2007,485,13,58.91442023,D,OMR,Interior
Middle River at Bacon Island Bridge,8/19/1992,484,13,92.0935494,C,OMR,Interior
Rock Slough @ Old River,9/5/1990,483,13,86.59648732,C,OMR,Interior
Clifton Court Intake,2/21/1990,472,13,80.12996718,C,OMR,Interior
Clifton Court Intake,6/27/1984,472,13,78.52956136,W,OMR,Interior
Clifton Court Intake,9/10/1991,469,13,92.73110822,C,OMR,Interior
Middle River at Bacon Island Bridge,4/8/1993,465,13,54.30864006,AN,OMR,Interior
Middle River at Bacon Island Bridge,9/1/1992,465,13,91.88565434,C,OMR,Interior
Middle River at Bacon Island Bridge,10/20/1994,464,13,92.73586707,AN,OMR,Interior
Middle River @ Union Point - P10A,11/4/2013,463,13,90.34617646,BN,OMR,Interior
Contra Costa PP Number 01,2/5/2008,462,13,54.87619201,C,OMR,Interior
Contra Costa PP Number 01,12/5/2006,461,13,88.65054031,W,OMR,Interior
Middle River @ Union Point - P10A,5/3/2016,461,13,75.47029728,BN,OMR,Interior
Middle River @ Union Point - P10A,10/1/2008,461,13,88.30977329,D,OMR,Interior
Middle River @ Union Point - P10A,2/6/2007,460,13,79.89948567,D,OMR,Interior
Contra Costa PP Number 01,1/6/1999,459,13,64.63920091,W,OMR,Interior
Middle River at Bacon Island Bridge,8/6/1990,458,13,86.53798294,C,OMR,Interior
Contra Costa PP Number 01,2/6/2007,456,13,79.89948567,D,OMR,Interior
Middle River @ Union Point - P10A,2/5/2008,456,13,54.87619201,C,OMR,Interior
Contra Costa PP Number 01,5/5/1999,451,13,57.23000982,W,OMR,Interior
Clifton Court Intake,10/20/1994,451,13,92.73586707,AN,OMR,Interior
Old River South of Rock Slough (St 5A),11/24/1981,451,13,65.98476899,AN,OMR,Interior
Clifton Court Intake,6/22/1994,450,13,89.49535368,C,OMR,Interior
Old River North of Rock Slough (St 4b),7/16/1990,450,13,85.00509504,C,OMR,Interior
Middle River at Bacon Island Bridge,4/21/1993,440,13,62.38347365,AN,OMR,Interior
Contra Costa PP Number 01,5/26/1994,427,13,79.98947042,C,OMR,Interior
Middle River at Bacon Island Bridge,1/13/1993,423,13,64.09402935,AN,OMR,Interior
Middle River at Bacon Island Bridge,3/25/1993,416,13,54.90975845,AN,OMR,Interior
Clifton Court Intake,2/17/1994,415,13,75.37363149,C,OMR,Interior
Middle River at Bacon Island Bridge,7/8/1991,414,13,90.66370954,C,OMR,Interior
Contra Costa PP Number 01,5/12/1993,410,13,63.16142825,AN,OMR,Interior
Old River near Rock Slough,10/1/1959,396,13,78.11676896,W,OMR,Interior
Contra Costa PP Number 01,2/5/2002,385,13,70.70857903,D,OMR,Interior
Contra Costa PP Number 01,4/20/1994,375,13,78.884997,C,OMR,Interior
Middle River @ Union Point - P10A,3/4/2008,374,13,66.16351777,C,OMR,Interior
Contra Costa PP Number 01,4/22/1992,362,13,77.19407905,C,OMR,Interior
Contra Costa PP Number 01,3/4/2008,361,13,66.16351777,C,OMR,Interior
Middle River at Bacon Island Bridge,5/21/1991,359,13,91.14886705,C,OMR,Interior
Middle River @ Union Point - P10A,2/4/2019,411,12.6,#N/A,W,OMR,Interior
Rock Slough @ Old River,8/13/1990,508,12,82.37363354,C,OMR,Interior
Old River North of Rock Slough (St 4b),8/13/1990,504,12,82.37363354,C,OMR,Interior
Clifton Court Intake,12/15/1993,490,12,84.34978841,AN,OMR,Interior
Middle River @ Union Point - P10A,1/2/2007,490,12,80.23657174,D,OMR,Interior
Contra Costa PP Number 01,1/12/1994,482,12,82.38546939,C,OMR,Interior
Old River South of Rock Slough (St 5A),9/4/1990,479,12,85.84737194,C,OMR,Interior
Rock Slough @ Old River,8/22/1990,477,12,83.47764088,C,OMR,Interior
Old River North of Rock Slough (St 4b),9/5/1990,474,12,86.59648732,C,OMR,Interior
Contra Costa PP Number 01,11/7/2005,468,12,89.68142253,BN,OMR,Interior
Old River South of Rock Slough (St 5A),2/5/1979,468,12,64.2815478,BN,OMR,Interior
Old River North of Rock Slough (St 4b),8/28/1990,464,12,84.07314596,C,OMR,Interior
Old River North of Rock Slough (St 4b),8/22/1990,463,12,83.47764088,C,OMR,Interior
Rock Slough @ Old River,8/28/1990,461,12,84.07314596,C,OMR,Interior
Contra Costa PP Number 01,10/20/1993,458,12,84.89979461,C,OMR,Interior
Clifton Court Intake,7/25/1990,457,12,87.85147172,C,OMR,Interior
Clifton Court Intake,5/13/1993,456,12,61.911538,AN,OMR,Interior
Middle River @ Union Point - P10A,1/8/2018,456,12,84.74492337,BN,OMR,Interior
Middle River @ Union Point - P10A,9/2/2014,452,12,90.3346038,C,OMR,Interior
Rock Slough @ Old River,6/22/1994,450,12,89.49535368,C,OMR,Interior
Middle River @ Union Point - P10A,11/3/2008,443,12,93.02142734,D,OMR,Interior
Rock Slough @ Old River,7/16/1990,441,12,85.00509504,C,OMR,Interior
Middle River at Bacon Island Bridge,10/2/1990,437,12,92.40360011,D,OMR,Interior
Middle River @ Union Point - P10A,6/2/2014,436,12,93.56618111,C,OMR,Interior
Middle River @ Union Point - P10A,10/7/2013,430,12,87.90258861,BN,OMR,Interior
Contra Costa PP Number 01,4/3/2006,428,12,47.97842568,W,OMR,Interior
Contra Costa PP Number 01,1/9/1997,427,12,31.8495819,W,OMR,Interior
Middle River @ Union Point - P10A,11/6/2007,427,12,89.58054651,W,OMR,Interior
Old River South of Rock Slough (St 5A),12/3/1981,423,12,52.53667998,D,OMR,Interior
Middle River at Bacon Island Bridge,1/24/1990,420,12,79.66720736,C,OMR,Interior
Middle River at Bacon Island Bridge,8/5/1991,415,12,91.32485805,C,OMR,Interior
Middle River at Bacon Island Bridge,5/13/1993,411,12,61.911538,AN,OMR,Interior
Middle River @ Union Point - P10A,10/6/2009,411,12,87.99178837,C,OMR,Interior
Old River North of Rock Slough (St 4b),7/10/1990,408,12,87.75334412,C,OMR,Interior
Contra Costa PP Number 01,6/16/1994,407,12,86.55672415,C,OMR,Interior
Middle River at Bacon Island Bridge,9/22/1994,407,12,90.04354307,C,OMR,Interior
Middle River at Bacon Island Bridge,7/24/1991,404,12,92.78926842,C,OMR,Interior
Clifton Court Intake,3/20/1990,404,12,85.09103604,C,OMR,Interior
Clifton Court Intake,4/8/1993,400,12,54.30864006,AN,OMR,Interior
Middle River at Bacon Island Bridge,10/8/1991,398,12,88.19157893,C,OMR,Interior
Rock Slough @ Old River,5/19/1994,395,12,76.51544974,C,OMR,Interior
Contra Costa PP Number 01,4/4/2000,391,12,70.46558651,AN,OMR,Interior
Middle River at Bacon Island Bridge,6/22/1994,389,12,89.49535368,C,OMR,Interior
Contra Costa PP Number 01,2/9/1994,388,12,80.94524586,C,OMR,Interior
Middle River @ Union Point - P10A,9/2/2008,387,12,88.7732302,C,OMR,Interior
Contra Costa PP Number 01,2/8/2000,385,12,57.61717763,AN,OMR,Interior
Contra Costa PP Number 01,5/2/2000,381,12,63.70366373,AN,OMR,Interior
Rock Slough @ Old River,2/17/1994,370,12,75.37363149,C,OMR,Interior
Clifton Court Intake,1/19/1994,367,12,80.49647088,C,OMR,Interior
Contra Costa PP Number 01,6/2/2008,366,12,81.73068377,C,OMR,Interior
Contra Costa PP Number 01,2/10/1993,361,12,66.22571537,AN,OMR,Interior
Middle River @ Union Point - P10A,5/5/2009,358,12,73.26168644,D,OMR,Interior
Rock Slough @ Old River,4/20/1994,357,12,78.884997,C,OMR,Interior
Old River near Rock Slough,10/1/1959,352,12,78.11676896,W,OMR,Interior
Old River North of Rock Slough (St 4b),4/20/1994,348,12,78.884997,C,OMR,Interior
Contra Costa PP Number 01,4/4/2001,341,12,72.87905364,D,OMR,Interior
Rock Slough @ Old River,5/5/1992,337,12,86.61933596,C,OMR,Interior
Middle River at Bacon Island Bridge,4/22/1992,335,12,77.19407905,C,OMR,Interior
Rock Slough @ Old River,4/8/1992,334,12,79.86326901,C,OMR,Interior
Old River North of Rock Slough (St 4b),5/5/1992,331,12,86.61933596,C,OMR,Interior
Rock Slough @ Old River,4/22/1992,330,12,77.19407905,C,OMR,Interior
Rock Slough @ Old River,3/24/1994,328,12,72.52425966,C,OMR,Interior
Old River North of Rock Slough (St 4b),4/8/1992,327,12,79.86326901,C,OMR,Interior
Old River North of Rock Slough (St 4b),4/22/1992,325,12,77.19407905,C,OMR,Interior
Contra Costa PP Number 01,3/13/1995,322,12,37.53111646,W,OMR,Interior
Clifton Court Intake,3/26/1992,321,12,68.43776556,C,OMR,Interior
Old River North of Rock Slough (St 4b),4/9/1991,320,12,70.47185036,C,OMR,Interior
Middle River at Bacon Island Bridge,4/7/1992,297,12,81.84286737,C,OMR,Interior
Contra Costa PP Number 01,8/6/2007,492,11,84.7182393,D,OMR,Interior
Contra Costa PP Number 01,8/3/2004,470,11,81.28623188,BN,OMR,Interior
Old River South of Rock Slough (St 5A),7/31/1979,455,11,81.75511799,BN,OMR,Interior
Old River North of Rock Slough (St 4b),10/20/1993,436,11,84.89979461,C,OMR,Interior
Old River South of Rock Slough (St 5A),11/15/1983,427,11,59.86273225,W,OMR,Interior
Rock Slough @ Old River,10/20/1993,425,11,84.89979461,C,OMR,Interior
Contra Costa PP Number 01,9/6/2005,418,11,83.07162013,AN,OMR,Interior
Clifton Court Intake,11/10/1993,418,11,87.72748074,C,OMR,Interior
Old River South of Rock Slough (St 5A),4/2/1979,417,11,56.30420023,BN,OMR,Interior
Old River South of Rock Slough (St 5A),4/9/1979,409,11,64.68168078,BN,OMR,Interior
Contra Costa PP Number 01,1/5/1994,403,11,81.23635172,C,OMR,Interior
Middle River @ Union Point - P10A,2/5/2018,402,11,74.06112596,BN,OMR,Interior
Middle River @ Union Point - P10A,6/4/2007,399,11,80.25338455,D,OMR,Interior
Middle River @ Union Point - P10A,12/7/2016,398,11,83.68530205,BN,OMR,Interior
Clifton Court Intake,8/21/1990,397,11,82.94560259,C,OMR,Interior
Contra Costa PP Number 01,9/10/2003,388,11,81.97587927,AN,OMR,Interior
Middle River @ Union Point - P10A,10/4/2016,387,11,86.5637221,C,OMR,Interior
Rock Slough @ Old River,6/26/1990,377,11,87.03302324,C,OMR,Interior
Middle River at Bacon Island Bridge,1/26/1993,373,11,53.01541285,AN,OMR,Interior
Contra Costa PP Number 01,10/5/1993,368,11,83.89162437,C,OMR,Interior
Middle River at Bacon Island Bridge,9/24/1990,368,11,90.82305445,C,OMR,Interior
Middle River at Bacon Island Bridge,7/20/1994,365,11,90.6143213,C,OMR,Interior
Middle River at Bacon Island Bridge,9/24/1991,365,11,90.17385402,C,OMR,Interior
Middle River at Bacon Island Bridge,10/23/1991,365,11,94.27657666,C,OMR,Interior
Old River South of Rock Slough (St 5A),4/3/1981,360,11,60.26052112,D,OMR,Interior
Middle River at Bacon Island Bridge,1/19/1994,356,11,80.49647088,C,OMR,Interior
Contra Costa PP Number 01,2/3/1999,352,11,51.6298188,W,OMR,Interior
Contra Costa PP Number 01,5/6/2002,350,11,71.01564345,D,OMR,Interior
Old River North of Rock Slough (St 4b),7/25/1989,350,11,80.02863026,D,OMR,Interior
Contra Costa PP Number 01,5/3/2005,346,11,60.83995013,AN,OMR,Interior
Clifton Court Intake,2/9/1993,345,11,67.78217395,AN,OMR,Interior
Middle River @ Union Point - P10A,9/9/2009,345,11,84.37552482,D,OMR,Interior
Old River near Rock Slough,10/30/1959,345,11,83.58656463,W,OMR,Interior
Middle River @ Union Point - P10A,12/5/2006,341,11,88.65054031,W,OMR,Interior
Rock Slough @ Old River,1/12/1994,341,11,82.38546939,C,OMR,Interior
Old River North of Rock Slough (St 4b),1/12/1994,337,11,82.38546939,C,OMR,Interior
Middle River @ Union Point - P10A,6/2/2009,336,11,74.90839371,D,OMR,Interior
Contra Costa PP Number 01,5/6/2003,330,11,51.50084909,AN,OMR,Interior
Middle River @ Union Point - P10A,4/7/2016,328,11,66.37589317,BN,OMR,Interior
Rock Slough @ Old River,4/9/1991,323,11,70.47185036,C,OMR,Interior
Contra Costa PP Number 01,2/3/2004,322,11,71.8099759,BN,OMR,Interior
Middle River @ Union Point - P10A,3/10/2016,321,11,62.66343249,BN,OMR,Interior
Middle River @ Union Point - P10A,7/1/2008,318,11,84.87243383,C,OMR,Interior
Rock Slough @ Old River,3/11/1992,318,11,67.72093556,C,OMR,Interior
Contra Costa PP Number 01,3/5/2007,315,11,58.91442023,D,OMR,Interior
Middle River @ Union Point - P10A,4/7/2009,314,11,75.36176628,D,OMR,Interior
Old River North of Rock Slough (St 4b),3/11/1992,302,11,67.72093556,C,OMR,Interior
Rock Slough @ Old River,3/23/1993,301,11,56.65439542,AN,OMR,Interior
Middle River at Bacon Island Bridge,4/23/1991,294,11,85.01362795,C,OMR,Interior
Rock Slough @ Old River,2/18/1993,290,11,59.5796831,AN,OMR,Interior
Old River North of Rock Slough (St 4b),3/23/1993,288,11,56.65439542,AN,OMR,Interior
Middle River @ Union Point - P10A,10/11/2018,407,10.9,#N/A,W,OMR,Interior
Middle River @ Union Point - P10A,9/10/2018,346,10.1,84.8982076,BN,OMR,Interior
Contra Costa PP Number 01,7/7/2004,430,10,83.05294294,BN,OMR,Interior
Middle River @ Union Point - P10A,12/3/2018,408,10,#N/A,BN,OMR,Interior
Middle River @ Union Point - P10A,5/4/2010,400,10,57.05251942,BN,OMR,Interior
Old River South of Rock Slough (St 5A),7/19/1979,395,10,82.51114931,BN,OMR,Interior
Middle River @ Union Point - P10A,3/7/2011,372,10,56.35666923,W,OMR,Interior
Old River South of Rock Slough (St 5A),7/16/1981,366,10,87.76825037,D,OMR,Interior
Middle River @ Union Point - P10A,9/5/2007,364,10,85.25541551,D,OMR,Interior
Contra Costa PP Number 01,5/13/1997,363,10,71.63203277,W,OMR,Interior
Middle River @ Union Point - P10A,4/9/2018,358,10,54.04390508,BN,OMR,Interior
Middle River @ Union Point - P10A,11/7/2016,353,10,87.41045331,C,OMR,Interior
Middle River @ Union Point - P10A,11/3/2009,352,10,88.3635176,C,OMR,Interior
Middle River at Bacon Island Bridge,4/25/1990,349,10,87.22990049,C,OMR,Interior
Clifton Court Intake,1/30/1985,348,10,71.87547462,D,OMR,Interior
Middle River @ Union Point - P10A,12/4/2007,348,10,87.28423839,D,OMR,Interior
Middle River at Bacon Island Bridge,8/21/1991,347,10,88.57096592,C,OMR,Interior
Middle River @ Union Point - P10A,5/2/2007,346,10,74.44600721,D,OMR,Interior
Middle River @ Union Point - P10A,10/5/2010,340,10,83.98583932,D,OMR,Interior
Middle River @ Union Point - P10A,1/9/2017,338,10,56.18463132,W,OMR,Interior
Middle River at Bacon Island Bridge,8/25/1994,336,10,90.48799198,C,OMR,Interior
Contra Costa PP Number 01,6/6/2001,335,10,80.28545946,D,OMR,Interior
Middle River @ Union Point - P10A,10/2/2007,335,10,87.02852586,W,OMR,Interior
Middle River at Bacon Island Bridge,7/9/1990,330,10,87.6328401,C,OMR,Interior
Middle River at Bacon Island Bridge,9/18/1990,327,10,87.49634818,C,OMR,Interior
Old River South of Rock Slough (St 5A),2/3/1981,325,10,59.47117587,D,OMR,Interior
Contra Costa PP Number 01,4/8/1999,324,10,57.34361395,W,OMR,Interior
Contra Costa PP Number 01,6/4/2007,324,10,80.25338455,D,OMR,Interior
Middle River at Bacon Island Bridge,9/10/1991,323,10,92.73110822,C,OMR,Interior
Middle River at Bacon Island Bridge,2/9/1993,320,10,67.78217395,AN,OMR,Interior
Middle River @ Union Point - P10A,12/1/2009,320,10,92.29828513,D,OMR,Interior
Middle River @ Union Point - P10A,4/2/2007,318,10,72.02877378,D,OMR,Interior
Middle River at Bacon Island Bridge,1/12/1994,311,10,82.38546939,C,OMR,Interior
Contra Costa PP Number 01,6/8/2004,308,10,86.24729429,BN,OMR,Interior
Old River South of Rock Slough (St 5A),9/9/1986,308,10,80.98620884,W,OMR,Interior
Middle River at Bacon Island Bridge,4/9/1991,306,10,70.47185036,C,OMR,Interior
Middle River @ Union Point - P10A,8/5/2008,304,10,88.35573476,C,OMR,Interior
Contra Costa PP Number 01,1/10/1996,303,10,68.97868863,W,OMR,Interior
Middle River at Bacon Island Bridge,7/16/1990,303,10,85.00509504,C,OMR,Interior
Middle River at Bacon Island Bridge,9/10/1990,302,10,83.68375569,C,OMR,Interior
Old River North of Rock Slough (St 4b),1/27/1993,302,10,54.16889291,AN,OMR,Interior
Contra Costa PP Number 01,4/2/2002,295,10,71.94484474,D,OMR,Interior
Rock Slough @ Old River,1/27/1993,294,10,54.16889291,AN,OMR,Interior
Middle River at Bacon Island Bridge,9/4/1990,293,10,85.84737194,C,OMR,Interior
Middle River at Bacon Island Bridge,3/26/1992,290,10,68.43776556,C,OMR,Interior
Contra Costa PP Number 01,7/1/2008,287,10,84.87243383,C,OMR,Interior
Rock Slough @ Old River,1/30/1985,284,10,71.87547462,D,OMR,Interior
Old River South of Rock Slough (St 5A),5/4/1987,284,10,81.35372487,D,OMR,Interior
Old River near Rock Slough,10/30/1959,281,10,83.58656463,W,OMR,Interior
Contra Costa PP Number 01,10/3/2006,272,10,79.15994988,AN,OMR,Interior
Old River South of Rock Slough (St 5A),2/21/1985,271,10,68.61311727,D,OMR,Interior
Old River South of Rock Slough (St 5A),9/16/1983,248,10,64.13561458,W,OMR,Interior
Old River South of Rock Slough (St 5A),4/16/1985,240,10,77.63759448,D,OMR,Interior
Middle River @ Union Point - P10A,11/5/2018,362,9,#N/A,W,OMR,Interior
Old River South of Rock Slough (St 5A),5/12/1980,358,9,65.43895548,AN,OMR,Interior
Middle River @ Union Point - P10A,5/7/2018,352,9,64.92049336,BN,OMR,Interior
Clifton Court Intake,8/10/1993,348,9,70.9026113,AN,OMR,Interior
Old River South of Rock Slough (St 5A),4/16/1982,348,9,0,W,OMR,Interior
Middle River at Bacon Island Bridge,6/10/1993,337,9,57.844797,AN,OMR,Interior
Middle River @ Union Point - P10A,2/7/2011,334,9,64.18410148,W,OMR,Interior
Middle River @ Union Point - P10A,11/3/2010,334,9,84.63274041,D,OMR,Interior
Contra Costa PP Number 01,6/4/2002,330,9,69.35185908,D,OMR,Interior
Middle River @ Union Point - P10A,12/6/2010,321,9,84.27592276,BN,OMR,Interior
Middle River @ Union Point - P10A,6/7/2016,319,9,82.94141541,BN,OMR,Interior
Old River South of Rock Slough (St 5A),5/5/1980,318,9,64.64696862,AN,OMR,Interior
Old River South of Rock Slough (St 5A),9/15/1980,312,9,76.57711741,AN,OMR,Interior
Contra Costa PP Number 01,5/10/1995,307,9,49.34111805,W,OMR,Interior
Middle River at Bacon Island Bridge,12/15/1993,305,9,84.34978841,AN,OMR,Interior
Middle River @ Union Point - P10A,7/2/2007,303,9,80.94470218,D,OMR,Interior
Contra Costa PP Number 01,11/7/2006,302,9,88.98570418,AN,OMR,Interior
Old River South of Rock Slough (St 5A),6/20/1985,302,9,86.18412719,D,OMR,Interior
Clifton Court Intake,6/10/1993,301,9,57.844797,AN,OMR,Interior
Middle River at Bacon Island Bridge,8/13/1990,296,9,82.37363354,C,OMR,Interior
Middle River at Bacon Island Bridge,10/14/1993,295,9,84.61138109,C,OMR,Interior
Old River South of Rock Slough (St 5A),2/22/1982,295,9,0,W,OMR,Interior
Contra Costa PP Number 01,6/4/1997,294,9,78.50514499,W,OMR,Interior
Middle River @ Union Point - P10A,9/7/2010,294,9,86.84207092,BN,OMR,Interior
Old River South of Rock Slough (St 5A),3/20/1981,294,9,75.19545039,D,OMR,Interior
Contra Costa PP Number 01,6/4/2003,293,9,66.71648137,AN,OMR,Interior
Middle River at Bacon Island Bridge,11/10/1993,293,9,87.72748074,C,OMR,Interior
Old River South of Rock Slough (St 5A),9/3/1980,293,9,80.90049445,AN,OMR,Interior
Contra Costa PP Number 01,12/2/1998,289,9,64.89739823,W,OMR,Interior
Contra Costa PP Number 01,6/2/1999,288,9,67.44761682,W,OMR,Interior
Middle River @ Union Point - P10A,9/7/2016,288,9,84.03725468,BN,OMR,Interior
Old River South of Rock Slough (St 5A),6/30/1981,287,9,87.70223073,D,OMR,Interior
Middle River at Bacon Island Bridge,7/26/1990,286,9,86.56430395,C,OMR,Interior
Contra Costa PP Number 01,9/23/1993,285,9,83.44869348,AN,OMR,Interior
Rock Slough @ Old River,9/24/1986,285,9,76.64482557,W,OMR,Interior
Old River South of Rock Slough (St 5A),4/7/1987,285,9,66.96371811,D,OMR,Interior
Middle River at Bacon Island Bridge,7/30/1990,281,9,85.42890232,C,OMR,Interior
Old River South of Rock Slough (St 5A),2/16/1981,279,9,68.66305851,D,OMR,Interior
Contra Costa PP Number 01,6/6/1996,277,9,61.33562885,W,OMR,Interior
Old River South of Rock Slough (St 5A),2/5/1982,275,9,58.92308216,W,OMR,Interior
Contra Costa PP Number 01,9/2/1997,269,9,77.2650624,W,OMR,Interior
Middle River at Bacon Island Bridge,8/22/1990,269,9,83.47764088,C,OMR,Interior
Old River South of Rock Slough (St 5A),5/12/1981,269,9,80.86307077,D,OMR,Interior
Contra Costa PP Number 01,5/2/2007,268,9,74.44600721,D,OMR,Interior
Middle River at Bacon Island Bridge,8/27/1990,267,9,83.52017111,C,OMR,Interior
Old River South of Rock Slough (St 5A),3/15/1985,266,9,71.66117266,D,OMR,Interior
Contra Costa PP Number 01,4/21/1993,265,9,62.38347365,AN,OMR,Interior
Old River South of Rock Slough (St 5A),9/26/1980,265,9,76.604144,AN,OMR,Interior
Contra Costa PP Number 01,7/2/2007,264,9,80.94470218,D,OMR,Interior
Old River South of Rock Slough (St 5A),1/22/1985,264,9,72.39109753,D,OMR,Interior
Old River South of Rock Slough (St 5A),3/4/1981,263,9,75.67405581,D,OMR,Interior
Contra Costa PP Number 01,4/2/2007,255,9,72.02877378,D,OMR,Interior
Old River South of Rock Slough (St 5A),1/5/1982,240,9,0,W,OMR,Interior
Contra Costa PP Number 01,4/6/2004,238,9,69.18983307,BN,OMR,Interior
Old River South of Rock Slough (St 5A),10/6/1980,236,9,77.15999944,BN,OMR,Interior
Old River near Rock Slough,6/19/1959,318,8.9,91.43818578,BN,OMR,Interior
Old River near Rock Slough,6/19/1959,327,8.6,91.43818578,BN,OMR,Interior
Contra Costa PP Number 01,8/5/2003,348,8,69.2729812,AN,OMR,Interior
Old River South of Rock Slough (St 5A),3/21/1983,338,8,0,W,OMR,Interior
Old River South of Rock Slough (St 5A),2/17/1983,336,8,0,W,OMR,Interior
Contra Costa PP Number 01,3/12/1997,314,8,55.67296976,W,OMR,Interior
Old River South of Rock Slough (St 5A),4/21/1980,304,8,62.47778168,AN,OMR,Interior
Clifton Court Intake,6/4/1986,303,8,70.7018673,W,OMR,Interior
Old River South of Rock Slough (St 5A),4/8/1980,303,8,56.38489514,AN,OMR,Interior
Contra Costa PP Number 01,10/3/1996,292,8,81.93439648,W,OMR,Interior
Middle River @ Union Point - P10A,6/8/2010,288,8,67.97063022,BN,OMR,Interior
Middle River at Bacon Island Bridge,10/20/1993,287,8,84.89979461,C,OMR,Interior
Clifton Court Intake,10/14/1993,287,8,84.61138109,C,OMR,Interior
Contra Costa PP Number 01,9/5/1996,283,8,73.8076039,W,OMR,Interior
Old River South of Rock Slough (St 5A),7/3/1989,282,8,84.23126759,D,OMR,Interior
Old River South of Rock Slough (St 5A),1/20/1983,281,8,63.15136317,W,OMR,Interior
Middle River @ Union Point - P10A,3/13/2019,278,8,#N/A,W,OMR,Interior
Middle River @ Union Point - P10A,8/6/2007,277,8,84.7182393,D,OMR,Interior
Middle River at Bacon Island Bridge,9/21/1993,275,8,80.87356521,AN,OMR,Interior
Middle River @ Union Point - P10A,11/7/2006,274,8,88.98570418,AN,OMR,Interior
Contra Costa PP Number 01,4/10/1997,272,8,73.77999403,W,OMR,Interior
Contra Costa PP Number 01,8/6/1997,267,8,77.35304839,W,OMR,Interior
Contra Costa PP Number 01,7/2/2002,262,8,80.39099747,D,OMR,Interior
Old River South of Rock Slough (St 5A),3/19/1984,261,8,57.98189429,W,OMR,Interior
Contra Costa PP Number 01,6/6/2000,254,8,72.94579268,AN,OMR,Interior
Old River South of Rock Slough (St 5A),12/18/1981,254,8,56.1313435,D,OMR,Interior
Middle River @ Union Point - P10A,10/3/2006,253,8,79.15994988,AN,OMR,Interior
Contra Costa PP Number 01,6/8/1993,250,8,57.7015985,AN,OMR,Interior
Old River South of Rock Slough (St 5A),11/6/1979,250,8,80.35169489,AN,OMR,Interior
Contra Costa PP Number 01,7/1/1997,249,8,78.99333076,W,OMR,Interior
Middle River @ Union Point - P10A,7/9/2018,246,8,82.60710477,BN,OMR,Interior
Middle River @ Union Point - P10A,12/4/2017,246,8,83.87250454,W,OMR,Interior
Clifton Court Intake,9/21/1993,245,8,80.87356521,AN,OMR,Interior
Old River South of Rock Slough (St 5A),6/18/1981,243,8,80.97126487,D,OMR,Interior
Old River South of Rock Slough (St 5A),5/16/1985,241,8,77.45709937,D,OMR,Interior
Contra Costa PP Number 01,5/4/2004,233,8,76.25300399,BN,OMR,Interior
Contra Costa PP Number 01,3/6/2006,232,8,50.66954548,W,OMR,Interior
Old River South of Rock Slough (St 5A),6/2/1981,232,8,75.30547237,D,OMR,Interior
Old River South of Rock Slough (St 5A),8/21/1984,232,8,77.90828234,W,OMR,Interior
Contra Costa PP Number 01,7/3/2000,229,8,80.70368222,AN,OMR,Interior
Old River South of Rock Slough (St 5A),8/7/1986,229,8,81.25987168,W,OMR,Interior
Middle River @ Union Point - P10A,7/7/2009,228,8,82.06398554,D,OMR,Interior
Old River South of Rock Slough (St 5A),1/20/1981,227,8,84.3665229,D,OMR,Interior
Old River South of Rock Slough (St 5A),11/20/1979,227,8,77.49708288,AN,OMR,Interior
Old River South of Rock Slough (St 5A),4/23/1981,226,8,75.00542927,D,OMR,Interior
Rock Slough @ Old River,7/2/1986,225,8,77.07568175,W,OMR,Interior
Old River South of Rock Slough (St 5A),1/2/1980,223,8,63.56656112,AN,OMR,Interior
Contra Costa PP Number 01,12/6/1995,213,8,79.32528838,W,OMR,Interior
Old River South of Rock Slough (St 5A),1/6/1981,209,8,79.42709404,D,OMR,Interior
Old River South of Rock Slough (St 5A),9/17/1984,209,8,68.46687852,W,OMR,Interior
Old River South of Rock Slough (St 5A),5/7/1979,203,8,74.48111623,BN,OMR,Interior
Clifton Court Intake,3/4/1986,306,7,0,W,OMR,Interior
Middle River @ Union Point - P10A,6/5/2018,284,7,74.73149108,BN,OMR,Interior
Clifton Court Intake,5/7/1986,280,7,66.57784182,W,OMR,Interior
Old River South of Rock Slough (St 5A),5/19/1980,277,7,62.05980719,AN,OMR,Interior
Old River South of Rock Slough (St 5A),5/27/1980,277,7,65.09270984,AN,OMR,Interior
Middle River @ Union Point - P10A,1/3/2011,274,7,53.33698971,W,OMR,Interior
Old River South of Rock Slough (St 5A),2/14/1980,266,7,67.64537101,AN,OMR,Interior
Middle River @ Union Point - P10A,8/4/2009,265,7,84.14076361,D,OMR,Interior
Middle River @ Union Point - P10A,8/2/2006,261,7,78.28975195,W,OMR,Interior
Rock Slough at Delta Road Bridge,6/6/2011,259,7,57.57300551,W,OMR,Interior
Middle River @ Union Point - P10A,2/6/2017,258,7,50.46962633,W,OMR,Interior
Middle River @ Union Point - P10A,6/6/2011,257,7,57.57300551,W,OMR,Interior
Contra Costa PP Number 01,6/7/2005,256,7,54.24209382,AN,OMR,Interior
Middle River @ Union Point - P10A,4/4/2011,247,7,0,W,OMR,Interior
Contra Costa PP Number 01,8/2/2000,244,7,77.4197889,AN,OMR,Interior
Old River South of Rock Slough (St 5A),7/21/1982,244,7,78.29621658,W,OMR,Interior
Middle River @ Union Point - P10A,7/6/2010,241,7,80.72423904,BN,OMR,Interior
Middle River @ Union Point - P10A,9/6/2006,240,7,78.70958184,W,OMR,Interior
Old River South of Rock Slough (St 5A),4/16/1984,238,7,68.44196634,W,OMR,Interior
Old River South of Rock Slough (St 5A),10/19/1982,234,7,67.33005042,D,OMR,Interior
Old River South of Rock Slough (St 5A),5/20/1986,233,7,69.94743635,W,OMR,Interior
Old River South of Rock Slough (St 5A),6/10/1980,230,7,69.27641079,AN,OMR,Interior
Old River South of Rock Slough (St 5A),11/24/1980,225,7,79.91615184,BN,OMR,Interior
Middle River @ Union Point - P10A,7/6/2016,222,7,84.55059684,BN,OMR,Interior
Old River South of Rock Slough (St 5A),6/16/1980,221,7,68.91440792,AN,OMR,Interior
Old River South of Rock Slough (St 5A),6/23/1980,221,7,68.0228655,AN,OMR,Interior
Old River South of Rock Slough (St 5A),12/5/1980,220,7,81.24381742,AN,OMR,Interior
Old River South of Rock Slough (St 5A),11/14/1980,219,7,78.251066,BN,OMR,Interior
Contra Costa PP Number 01,8/5/1999,218,7,71.77110367,W,OMR,Interior
Rock Slough @ Old River,9/1/1993,216,7,78.41118016,AN,OMR,Interior
Old River South of Rock Slough (St 5A),12/4/1979,216,7,75.2791345,BN,OMR,Interior
Old River South of Rock Slough (St 5A),7/3/1979,214,7,80.43664007,BN,OMR,Interior
Old River North of Rock Slough (St 4b),4/21/1993,212,7,62.38347365,AN,OMR,Interior
Contra Costa PP Number 01,7/8/1999,211,7,73.33227294,W,OMR,Interior
Rock Slough @ Old River,4/21/1993,211,7,62.38347365,AN,OMR,Interior
Old River South of Rock Slough (St 5A),3/21/1986,210,7,0,W,OMR,Interior
Old River South of Rock Slough (St 5A),7/18/1984,209,7,75.88810175,W,OMR,Interior
Contra Costa PP Number 01,10/14/1998,208,7,70.16642583,W,OMR,Interior
Old River South of Rock Slough (St 5A),9/13/1982,208,7,66.6341757,W,OMR,Interior
Contra Costa PP Number 01,9/1/1993,205,7,78.41118016,AN,OMR,Interior
Old River South of Rock Slough (St 5A),12/16/1980,205,7,70.43542093,AN,OMR,Interior
Old River South of Rock Slough (St 5A),8/18/1980,204,7,80.02274745,AN,OMR,Interior
Old River South of Rock Slough (St 5A),10/20/1980,204,7,75.79339987,BN,OMR,Interior
Middle River at Bacon Island Bridge,7/8/1993,203,7,75.05380959,AN,OMR,Interior
Old River South of Rock Slough (St 5A),5/17/1984,201,7,71.23309041,W,OMR,Interior
Old River South of Rock Slough (St 5A),11/3/1980,201,7,78.34640114,BN,OMR,Interior
Old River South of Rock Slough (St 5A),12/17/1979,201,7,79.03917236,BN,OMR,Interior
Contra Costa PP Number 01,11/8/1995,200,7,81.20170079,C,OMR,Interior
Contra Costa PP Number 01,8/2/2005,196,7,80.7913406,AN,OMR,Interior
Rock Slough @ Old River,5/30/1984,194,7,76.19129629,W,OMR,Interior
Contra Costa PP Number 01,10/11/1995,193,7,69.40952731,C,OMR,Interior
Contra Costa PP Number 01,11/4/1998,190,7,78.12007996,W,OMR,Interior
Old River South of Rock Slough (St 5A),6/22/1984,190,7,74.34286418,W,OMR,Interior
Middle River @ Union Point - P10A,8/2/2010,189,7,79.32890201,BN,OMR,Interior
Contra Costa PP Number 01,9/6/1995,187,7,67.21706163,W,OMR,Interior
Old River South of Rock Slough (St 5A),5/21/1979,178,7,73.19414698,BN,OMR,Interior
Contra Costa PP Number 01,7/11/1996,175,7,75.57077698,W,OMR,Interior
Middle River @ Union Point - P10A,8/6/2018,197,6.79,82.35063213,BN,OMR,Interior
Rock Slough @ Old River,6/27/1984,189,6.7,78.52956136,W,OMR,Interior
Clifton Court Intake,7/25/1984,212,6.6,75.0760343,W,OMR,Interior
Rock Slough @ Old River,7/25/1984,217,6.5,75.0760343,W,OMR,Interior
Old River South of Rock Slough (St 5A),6/22/1982,253,6,65.44959567,W,OMR,Interior
Old River South of Rock Slough (St 5A),3/26/1980,244,6,56.84018254,AN,OMR,Interior
Old River South of Rock Slough (St 5A),12/14/1982,240,6,58.19292799,W,OMR,Interior
Contra Costa PP Number 01,7/8/1998,233,6,56.61660003,W,OMR,Interior
Old River South of Rock Slough (St 5A),1/18/1984,230,6,52.80804893,W,OMR,Interior
Old River South of Rock Slough (St 5A),2/29/1980,227,6,49.08867267,AN,OMR,Interior
Old River South of Rock Slough (St 5A),1/30/1980,218,6,52.74067557,AN,OMR,Interior
Middle River @ Union Point - P10A,8/7/2017,217,6,80.74384873,W,OMR,Interior
Contra Costa PP Number 01,6/14/1995,214,6,58.38588799,W,OMR,Interior
Old River North of Rock Slough (St 4b),9/1/1993,212,6,78.41118016,AN,OMR,Interior
Middle River @ Union Point - P10A,8/1/2016,207,6,83.57049111,BN,OMR,Interior
Old River South of Rock Slough (St 5A),3/15/1982,207,6,49.23180133,W,OMR,Interior
Middle River at Bacon Island Bridge,7/25/1989,200,6,80.02863026,D,OMR,Interior
Old River South of Rock Slough (St 5A),6/30/1980,195,6,70.47262594,AN,OMR,Interior
Middle River @ Union Point - P10A,9/7/2017,193,6,77.48586469,W,OMR,Interior
Old River South of Rock Slough (St 5A),8/20/1984,192,6,72.85477497,W,OMR,Interior
Contra Costa PP Number 01,8/5/1998,190,6,70.95431958,W,OMR,Interior
Middle River @ Union Point - P10A,10/2/2017,186,6,77.2692402,BN,OMR,Interior
Old River South of Rock Slough (St 5A),7/7/1980,186,6,68.25641473,AN,OMR,Interior
Contra Costa PP Number 01,8/12/1993,185,6,71.58781984,AN,OMR,Interior
Old River South of Rock Slough (St 5A),8/17/1982,184,6,76.46364235,W,OMR,Interior
Old River South of Rock Slough (St 5A),11/16/1982,180,6,65.44459814,D,OMR,Interior
Old River South of Rock Slough (St 5A),11/13/1984,177,6,76.76724225,W,OMR,Interior
Middle River at Bacon Island Bridge,9/1/1993,175,6,78.41118016,AN,OMR,Interior
Old River South of Rock Slough (St 5A),8/26/1983,175,6,63.12853224,W,OMR,Interior
Old River South of Rock Slough (St 5A),7/21/1980,174,6,71.80905674,AN,OMR,Interior
Old River South of Rock Slough (St 5A),7/14/1980,172,6,71.65830083,AN,OMR,Interior
Old River South of Rock Slough (St 5A),8/6/1980,170,6,76.44358914,AN,OMR,Interior
Clifton Court Intake,7/20/1993,166,6,75.81769133,AN,OMR,Interior
Contra Costa PP Number 01,9/2/1998,161,6,67.79734317,W,OMR,Interior
Middle River at Bacon Island Bridge,7/20/1993,161,6,75.81769133,AN,OMR,Interior
Contra Costa PP Number 01,7/8/1993,159,6,75.05380959,AN,OMR,Interior
Old River South of Rock Slough (St 5A),7/29/1980,159,6,75.15820048,AN,OMR,Interior
Old River South of Rock Slough (St 5A),3/12/1980,212,5,49.22949664,AN,OMR,Interior
Old River South of Rock Slough (St 5A),4/18/1983,211,5,51.81872331,W,OMR,Interior
Old River South of Rock Slough (St 5A),4/16/1986,203,5,57.82517336,W,OMR,Interior
Middle River @ Union Point - P10A,4/3/2017,201,5,49.18404199,W,OMR,Interior
Middle River @ Union Point - P10A,5/2/2011,199,5,57.60965856,W,OMR,Interior
Clifton Court Intake,4/9/1986,197,5,52.99907803,W,OMR,Interior
Old River South of Rock Slough (St 5A),5/24/1982,196,5,58.78823135,W,OMR,Interior
Old River South of Rock Slough (St 5A),12/14/1983,192,5,49.15904734,W,OMR,Interior
Middle River @ Union Point - P10A,3/8/2017,187,5,46.65054443,W,OMR,Interior
Middle River @ Union Point - P10A,7/5/2011,184,5,56.36389323,W,OMR,Interior
Middle River @ Union Point - P10A,6/5/2017,177,5,57.96351261,W,OMR,Interior
Middle River @ Union Point - P10A,7/10/2017,177,5,70.04911852,W,OMR,Interior
Old River South of Rock Slough (St 5A),5/25/1983,170,5,53.44081668,W,OMR,Interior
Rock Slough at Delta Road Bridge,7/5/2011,169,5,56.36389323,W,OMR,Interior
Contra Costa PP Number 01,7/5/2006,162,5,67.43685291,W,OMR,Interior
Contra Costa PP Number 01,7/22/1993,159,5,69.41514716,AN,OMR,Interior
Rock Slough @ Old River,7/8/1993,156,5,75.05380959,AN,OMR,Interior
Contra Costa PP Number 01,7/6/2005,151,5,69.97360216,AN,OMR,Interior
Contra Costa PP Number 01,8/9/1995,150,5,68.77947219,W,OMR,Interior
Old River North of Rock Slough (St 4b),7/8/1993,148,5,75.05380959,AN,OMR,Interior
Middle River at Bacon Island Bridge,8/10/1993,147,5,70.9026113,AN,OMR,Interior
Contra Costa PP Number 01,7/12/1995,146,5,65.49822638,W,OMR,Interior
Old River South of Rock Slough (St 5A),5/5/1982,178,4,53.20631662,W,OMR,Interior
Middle River @ Union Point - P10A,7/5/2006,154,4,67.43685291,W,OMR,Interior
Old River South of Rock Slough (St 5A),10/20/1983,154,4,64.89019526,W,OMR,Interior
Old River South of Rock Slough (St 5A),7/20/1983,138,4,57.24485942,W,OMR,Interior
Middle River @ Union Point - P10A,5/3/2017,120,3,50.00669585,W,OMR,Interior
P8 - San Joaquin River @ Buckley Cove,2/2/1968,650,17,60.82383763,BN,SJRcorridor,Interior
P8 - San Joaquin River @ Buckley Cove,3/22/1968,395,12,57.81297746,BN,SJRcorridor,Interior
P8 - San Joaquin River @ Buckley Cove,10/10/1968,900,23.8,83.16574214,W,SJRcorridor,Interior
P8 - San Joaquin River @ Buckley Cove,1/23/1969,180,6,48.06579729,W,SJRcorridor,Interior
P8 - San Joaquin River @ Buckley Cove,4/16/1969,200,5.2,50.10640361,W,SJRcorridor,Interior
P8 - San Joaquin River @ Buckley Cove,7/17/1969,360,8.2,68.77308425,W,SJRcorridor,Interior
San Joaquin River @ Mossdale Bridge - C7A,3/2/1989,1370,35,91.3346382,D,SJRcorridor,Interior
San Joaquin River @ Mossdale Bridge - C7A,7/25/1989,800,18,80.02863026,D,SJRcorridor,Interior
Little Connection Sl. @ Empire Tr.,7/25/1989,130,9,80.02863026,D,SJRcorridor,Interior
Little Connection Sl. @ Empire Tr.,1/24/1990,204,8,79.66720736,C,SJRcorridor,Interior
San Joaquin River @ Mossdale Bridge - C7A,1/24/1990,1310,33,79.66720736,C,SJRcorridor,Interior
San Joaquin River @ Mossdale Bridge - C7A,2/14/1990,1300,30,84.5852336,C,SJRcorridor,Interior
Little Connection Sl. @ Empire Tr.,4/25/1990,164,6,87.22990049,C,SJRcorridor,Interior
San Joaquin River @ Mossdale Bridge - C7A,4/25/1990,823,20,87.22990049,C,SJRcorridor,Interior
Little Connection Sl. @ Empire Tr.,7/26/1990,160,6,86.56430395,C,SJRcorridor,Interior
San Joaquin River @ Mossdale Bridge - C7A,7/26/1990,853,22,86.56430395,C,SJRcorridor,Interior
Little Connection Sl. @ Empire Tr.,8/22/1990,178,7,83.47764088,C,SJRcorridor,Interior
San Joaquin River @ Mossdale Bridge - C7A,8/22/1990,738,19,83.47764088,C,SJRcorridor,Interior
Little Connection Sl. @ Empire Tr.,10/24/1990,191,8,94.04183083,D,SJRcorridor,Interior
San Joaquin River @ Mossdale Bridge - C7A,10/24/1990,739,19,94.04183083,D,SJRcorridor,Interior
Little Connection Sl. @ Empire Tr.,1/29/1991,344,12,94.90599798,C,SJRcorridor,Interior
San Joaquin River @ Mossdale Bridge - C7A,1/29/1991,1100,31,94.90599798,C,SJRcorridor,Interior
San Joaquin River @ Mossdale Bridge - C7A,4/23/1991,1330,38,85.01362795,C,SJRcorridor,Interior
Little Connection Sl. @ Empire Tr.,4/23/1991,251,11,85.01362795,C,SJRcorridor,Interior
San Joaquin River @ Mossdale Bridge - C7A,7/24/1991,962,27,92.78926842,C,SJRcorridor,Interior
Little Connection Sl. @ Empire Tr.,7/24/1991,275,9,92.78926842,C,SJRcorridor,Interior
San Joaquin River @ Mossdale Bridge - C7A,8/21/1991,950,27,88.57096592,C,SJRcorridor,Interior
Little Connection Sl. @ Empire Tr.,8/21/1991,245,8,88.57096592,C,SJRcorridor,Interior
San Joaquin River @ Mossdale Bridge - C7A,10/23/1991,727,20,94.27657666,C,SJRcorridor,Interior
Little Connection Sl. @ Empire Tr.,10/23/1991,160,7,94.27657666,C,SJRcorridor,Interior
San Joaquin River @ Mossdale Bridge - C7A,1/23/1992,1080,28,92.69366513,C,SJRcorridor,Interior
Little Connection Sl. @ Empire Tr.,1/23/1992,247,10,92.69366513,C,SJRcorridor,Interior
San Joaquin River @ Mossdale Bridge - C7A,4/22/1992,834,22,77.19407905,C,SJRcorridor,Interior
Little Connection Sl. @ Empire Tr.,4/22/1992,231,10,77.19407905,C,SJRcorridor,Interior
San Joaquin River @ Mossdale Bridge - C7A,7/22/1992,979,29,92.3938467,C,SJRcorridor,Interior
Little Connection Sl. @ Empire Tr.,7/22/1992,179,7,92.3938467,C,SJRcorridor,Interior
Little Connection Sl. @ Empire Tr.,8/19/1992,163,7,92.0935494,C,SJRcorridor,Interior
San Joaquin River @ Mossdale Bridge - C7A,10/7/1992,944,28,92.45317986,C,SJRcorridor,Interior
Little Connection Sl. @ Empire Tr.,10/7/1992,232,9,92.45317986,C,SJRcorridor,Interior
San Joaquin River @ Mossdale Bridge - C7A,1/13/1993,357,9,64.09402935,AN,SJRcorridor,Interior
Little Connection Sl. @ Empire Tr.,1/13/1993,247,9,64.09402935,AN,SJRcorridor,Interior
San Joaquin River @ Mossdale Bridge - C7A,4/21/1993,601,16,62.38347365,AN,SJRcorridor,Interior
Little Connection Sl. @ Empire Tr.,4/21/1993,145,6,62.38347365,AN,SJRcorridor,Interior
San Joaquin River @ Mossdale Bridge - C7A,7/8/1993,842,22,75.05380959,AN,SJRcorridor,Interior
Little Connection Sl. @ Empire Tr.,7/8/1993,120,5,75.05380959,AN,SJRcorridor,Interior
San Joaquin River @ Mossdale Bridge - C7A,9/1/1993,349,9,78.41118016,AN,SJRcorridor,Interior
Little Connection Sl. @ Empire Tr.,9/1/1993,162,6,78.41118016,AN,SJRcorridor,Interior
San Joaquin River @ Mossdale Bridge - C7A,10/20/1993,245,6,84.89979461,C,SJRcorridor,Interior
Little Connection Sl. @ Empire Tr.,10/20/1993,151,5,84.89979461,C,SJRcorridor,Interior
San Joaquin River @ Mossdale Bridge - C7A,1/12/1994,731,18,82.38546939,C,SJRcorridor,Interior
Little Connection Sl. @ Empire Tr.,1/12/1994,227,9,82.38546939,C,SJRcorridor,Interior
San Joaquin River @ Mossdale Bridge - C7A,4/20/1994,880,23,78.884997,C,SJRcorridor,Interior
Little Connection Sl. @ Empire Tr.,4/20/1994,236,10,78.884997,C,SJRcorridor,Interior
San Joaquin River @ Mossdale Bridge - C7A,7/20/1994,942,26,90.6143213,C,SJRcorridor,Interior
Little Connection Sl. @ Empire Tr.,7/20/1994,248,8,90.6143213,C,SJRcorridor,Interior
San Joaquin River @ Mossdale Bridge - C7A,11/17/1994,796,20,91.53716312,AN,SJRcorridor,Interior
San Joaquin River @ Mossdale Bridge - C7A,12/20/1994,946,24,81.11970496,C,SJRcorridor,Interior
San Joaquin River @ Mossdale Bridge - C7A,1/26/1995,383,11,53.05662006,W,SJRcorridor,Interior
San Joaquin River @ Mossdale Bridge - C7A,2/16/1995,487,12,49.77058978,W,SJRcorridor,Interior
San Joaquin River @ Mossdale Bridge - C7A,3/20/1995,301,8,35.26878783,W,SJRcorridor,Interior
San Joaquin River @ Mossdale Bridge - C7A,4/24/1995,184,5,55.06228913,W,SJRcorridor,Interior
San Joaquin River @ Mossdale Bridge - C7A,5/18/1995,143,4,50.95156216,W,SJRcorridor,Interior
San Joaquin River @ Mossdale Bridge - C7A,6/22/1995,240,6,57.6171137,W,SJRcorridor,Interior
San Joaquin River @ Mossdale Bridge - C7A,7/20/1995,218,5,58.74876866,W,SJRcorridor,Interior
San Joaquin River @ Mossdale Bridge - C7A,8/17/1995,633,16,74.57233985,W,SJRcorridor,Interior
San Joaquin River @ Mossdale Bridge - C7A,9/14/1995,387,10,67.19233682,W,SJRcorridor,Interior
San Joaquin River @ Mossdale Bridge - C7A,10/19/1995,202,5,74.05131326,C,SJRcorridor,Interior
San Joaquin River @ Mossdale Bridge - C7A,11/16/1995,750,19,79.55759468,C,SJRcorridor,Interior
San Joaquin River @ Mossdale Bridge - C7A,12/7/1995,746,17,79.94458802,W,SJRcorridor,Interior
San Joaquin River @ Mossdale Bridge - C7A,1/18/1996,946,21,81.11891586,W,SJRcorridor,Interior
San Joaquin River @ Mossdale Bridge - C7A,2/15/1996,290,7,53.64428507,W,SJRcorridor,Interior
San Joaquin River @ Mossdale Bridge - C7A,3/14/1996,253,7,48.94207006,W,SJRcorridor,Interior
San Joaquin River @ Mossdale Bridge - C7A,4/11/1996,413,10,53.46132043,W,SJRcorridor,Interior
San Joaquin River @ Mossdale Bridge - C7A,5/9/1996,336,8,62.32099718,W,SJRcorridor,Interior
San Joaquin River @ Mossdale Bridge - C7A,6/13/1996,592,16,65.4871296,W,SJRcorridor,Interior
San Joaquin River @ Mossdale Bridge - C7A,7/18/1996,774,20,73.33974661,W,SJRcorridor,Interior
San Joaquin River @ Mossdale Bridge - C7A,8/15/1996,747,16,77.45680181,W,SJRcorridor,Interior
San Joaquin River @ Mossdale Bridge - C7A,9/12/1996,666,16,76.73553471,W,SJRcorridor,Interior
San Joaquin River @ Mossdale Bridge - C7A,10/10/1996,609,14,83.55493234,W,SJRcorridor,Interior
San Joaquin River @ Mossdale Bridge - C7A,11/14/1996,690,16,87.30019572,W,SJRcorridor,Interior
San Joaquin River @ Mossdale Bridge - C7A,12/12/1996,220,5,67.9766535,W,SJRcorridor,Interior
San Joaquin River @ Mossdale Bridge - C7A,2/13/1997,185,5,47.19212894,W,SJRcorridor,Interior
San Joaquin River @ Mossdale Bridge - C7A,3/13/1997,338,8,55.45327752,W,SJRcorridor,Interior
San Joaquin River @ Mossdale Bridge - C7A,4/9/1997,788,19,73.79612645,W,SJRcorridor,Interior
San Joaquin River @ Mossdale Bridge - C7A,5/13/1997,346,8,71.63203277,W,SJRcorridor,Interior
San Joaquin River @ Mossdale Bridge - C7A,6/4/1997,560,14,78.50514499,W,SJRcorridor,Interior
San Joaquin River @ Mossdale Bridge - C7A,7/2/1997,620,16,78.23532434,W,SJRcorridor,Interior
San Joaquin River @ Mossdale Bridge - C7A,8/7/1997,663,18,77.94958475,W,SJRcorridor,Interior
San Joaquin River @ Mossdale Bridge - C7A,9/2/1997,671,19,77.2650624,W,SJRcorridor,Interior
San Joaquin River @ Mossdale Bridge - C7A,12/12/2009,789,22,92.72553683,D,SJRcorridor,Interior
SAN JOAQUIN R A BRANDT BR        ,12/12/2009,766,22,92.72553683,D,SJRcorridor,Interior
SAN JOAQUIN R A BRANDT BR        ,1/12/2010,928,25,91.08275529,BN,SJRcorridor,Interior
San Joaquin River @ Mossdale Bridge - C7A,1/12/2010,1008,26,91.08275529,BN,SJRcorridor,Interior
SAN JOAQUIN R A BRANDT BR        ,1/18/2010,945,24,86.04685619,BN,SJRcorridor,Interior
San Joaquin River @ Mossdale Bridge - C7A,1/18/2010,848,21,86.04685619,BN,SJRcorridor,Interior
San Joaquin River @ Mossdale Bridge - C7A,1/20/2010,778,20,82.2895829,BN,SJRcorridor,Interior
SAN JOAQUIN R A BRANDT BR        ,1/20/2010,923,25,82.2895829,BN,SJRcorridor,Interior
Old River nr Tracy,4/23/1991,1510,42,85.01362795,C,SouthDelta,Interior
Grant Ln Can @ Tracy Rd Bdg,3/2/1989,1430,38,91.3346382,D,SouthDelta,Interior
Old River nr Tracy,3/2/1989,1410,38,91.3346382,D,SouthDelta,Interior
Grant Ln Can @ Tracy Rd Bdg,4/23/1991,1360,37,85.01362795,C,SouthDelta,Interior
Old River nr Tracy,1/29/1991,1320,37,94.90599798,C,SouthDelta,Interior
Old River @ Tracy Road Bridge - P12,12/23/2008,1257,35,91.80575032,C,SouthDelta,Interior
Old River nr Tracy,10/23/1991,1220,35,94.27657666,C,SouthDelta,Interior
Grant Ln Can @ Tracy Rd Bdg,1/29/1991,1240,34,94.90599798,C,SouthDelta,Interior
Old River @ Tracy Road Bridge - P12,3/23/2009,1179,33,67.34893515,D,SouthDelta,Interior
Old River nr Tracy,8/19/1992,1160,33,92.0935494,C,SouthDelta,Interior
Old River nr Tracy,2/14/1990,1320,32,84.5852336,C,SouthDelta,Interior
Grant Line Canal @ Tracy Blvd,3/23/2009,1156,32,67.34893515,D,SouthDelta,Interior
Old River nr Tracy,8/21/1991,1140,32,88.57096592,C,SouthDelta,Interior
Old River nr Tracy,7/22/1992,1120,32,92.3938467,C,SouthDelta,Interior
Old River nr Tracy,7/24/1991,1110,32,92.78926842,C,SouthDelta,Interior
Grant Ln Can @ Tracy Rd Bdg,7/22/1992,1100,32,92.3938467,C,SouthDelta,Interior
Grant Ln Can @ Tracy Rd Bdg,8/19/1992,1080,32,92.0935494,C,SouthDelta,Interior
Grant Line/Fabian/Bell Canals nr Old R.,3/12/1991,1210,31,78.72735886,C,SouthDelta,Interior
Old River nr Tracy,4/25/1990,1120,31,87.22990049,C,SouthDelta,Interior
Old River @ Tracy Road Bridge - P12,1/12/2009,1092,31,89.32251087,D,SouthDelta,Interior
Grant Ln Can @ Tracy Rd Bdg,2/14/1990,1240,30,84.5852336,C,SouthDelta,Interior
Grant Ln Can @ Tracy Rd Bdg,1/24/1990,1200,30,79.66720736,C,SouthDelta,Interior
Old River nr Tracy,1/23/1992,1150,30,92.69366513,C,SouthDelta,Interior
Old River nr Tracy,10/24/1990,1140,30,94.04183083,D,SouthDelta,Interior
Old River nr Tracy,1/24/1990,1190,29,79.66720736,C,SouthDelta,Interior
Grant Line/Fabian/Bell Canals nr Old R.,1/16/1991,1150,29,92.74078739,C,SouthDelta,Interior
Old River @ Tracy Road Bridge - P12,2/11/2009,1093,29,83.0036227,D,SouthDelta,Interior
Grant Line/Fabian/Bell Canals nr Old R.,2/14/1991,1080,29,93.77396204,C,SouthDelta,Interior
Grant Line Canal @ Tracy Blvd,2/11/2009,1068,29,83.0036227,D,SouthDelta,Interior
Old River @ Tracy Road Bridge - P12,12/11/2008,1047,29,93.85276614,C,SouthDelta,Interior
Old River @ Middle River,3/16/2009,1043,29,64.397985,D,SouthDelta,Interior
Old River nr Tracy,7/20/1994,997,29,90.6143213,C,SouthDelta,Interior
Old River nr Tracy,10/7/1992,974,29,92.45317986,C,SouthDelta,Interior
Grant Line/Fabian/Bell Canals nr Old R.,1/24/1990,1100,28,79.66720736,C,SouthDelta,Interior
Grant Ln Can @ Tracy Rd Bdg,1/23/1992,1100,28,92.69366513,C,SouthDelta,Interior
Grant Ln Can @ Tracy Rd Bdg,8/21/1991,1000,28,88.57096592,C,SouthDelta,Interior
Grant Ln Can @ Tracy Rd Bdg,10/23/1991,997,28,94.27657666,C,SouthDelta,Interior
Grant Line/Fabian/Bell Canals nr Old R.,1/2/1991,1100,27,93.51732212,C,SouthDelta,Interior
Old River @ Middle River,2/10/2009,1079,27,84.02790463,D,SouthDelta,Interior
Old River @ Tracy Road Bridge - P12,4/9/2009,1013,27,75.01511525,D,SouthDelta,Interior
Grant Line Canal @ Tracy Blvd,1/12/2009,1009,27,89.32251087,D,SouthDelta,Interior
Old River @ Middle River,4/1/2009,1008,27,73.95020527,D,SouthDelta,Interior
Grant Ln Can @ Tracy Rd Bdg,7/24/1991,974,27,92.78926842,C,SouthDelta,Interior
Grant Line/Fabian/Bell Canals nr Old R.,9/3/1992,956,27,90.77667797,C,SouthDelta,Interior
Grant Ln Can @ Tracy Rd Bdg,10/24/1990,1030,26,94.04183083,D,SouthDelta,Interior
Old River @ Tracy Road Bridge - P12,1/26/2009,995,26,88.07443799,D,SouthDelta,Interior
Old River @ Middle River,1/7/2009,962,26,86.91076865,D,SouthDelta,Interior
Grant Ln Can @ Tracy Rd Bdg,7/20/1994,956,26,90.6143213,C,SouthDelta,Interior
Old River nr Tracy,7/8/1993,950,26,75.05380959,AN,SouthDelta,Interior
Grant Line Canal @ Tracy Blvd,1/26/2009,952,25,88.07443799,D,SouthDelta,Interior
Old River nr Tracy,4/20/1994,942,25,78.884997,C,SouthDelta,Interior
Grant Ln Can @ Tracy Rd Bdg,4/22/1992,932,25,77.19407905,C,SouthDelta,Interior
Grant Line/Fabian/Bell Canals nr Old R.,7/22/1992,900,25,92.3938467,C,SouthDelta,Interior
Grant Ln Can @ Tracy Rd Bdg,10/7/1992,881,25,92.45317986,C,SouthDelta,Interior
Grant Line Canal @ Tracy Blvd,12/23/2008,928,24,91.80575032,C,SouthDelta,Interior
Grant Line/Fabian/Bell Canals nr Old R.,4/20/1994,922,24,78.884997,C,SouthDelta,Interior
Grant Line/Fabian/Bell Canals nr Old R.,12/19/1991,909,24,95.49778406,C,SouthDelta,Interior
Grant Line Canal @ Tracy Blvd,12/11/2008,898,24,93.85276614,C,SouthDelta,Interior
Grant Ln Can @ Tracy Rd Bdg,7/25/1989,800,24,80.02863026,D,SouthDelta,Interior
Old River nr Tracy,7/26/1990,916,23,86.56430395,C,SouthDelta,Interior
Old River @ Middle River,12/22/2008,900,23,92.48009562,C,SouthDelta,Interior
Old River @ Tracy Road Bridge - P12,3/9/2009,868,23,54.40866096,D,SouthDelta,Interior
Old River nr Tracy,8/22/1990,857,23,83.47764088,C,SouthDelta,Interior
Old River nr Tracy,7/25/1989,850,23,80.02863026,D,SouthDelta,Interior
Grant Line Canal @ Tracy Blvd,4/9/2009,844,23,75.01511525,D,SouthDelta,Interior
Grant Line/Fabian/Bell Canals nr Old R.,8/21/1991,840,23,88.57096592,C,SouthDelta,Interior
Grant Ln Can @ Tracy Rd Bdg,4/20/1994,824,23,78.884997,C,SouthDelta,Interior
Old River @ Tracy Road Bridge - P12,2/26/2009,911,22,60.14582078,D,SouthDelta,Interior
Old River @ Middle River,1/29/2009,862,22,83.77227583,D,SouthDelta,Interior
Grant Ln Can @ Tracy Rd Bdg,7/8/1993,855,22,75.05380959,AN,SouthDelta,Interior
Grant Line/Fabian/Bell Canals nr Old R.,7/20/1994,852,22,90.6143213,C,SouthDelta,Interior
Grant Ln Can @ Tracy Rd Bdg,7/26/1990,843,22,86.56430395,C,SouthDelta,Interior
Grant Line/Fabian/Bell Canals nr Old R.,2/25/1991,840,22,94.18554964,C,SouthDelta,Interior
Grant Ln Can @ Tracy Rd Bdg,4/25/1990,839,22,87.22990049,C,SouthDelta,Interior
Grant Line/Fabian/Bell Canals nr Old R.,7/31/1990,828,22,85.26138636,C,SouthDelta,Interior
Grant Line/Fabian/Bell Canals nr Old R.,8/19/1992,822,22,92.0935494,C,SouthDelta,Interior
Old River @ Tracy Road Bridge - P12,4/23/2009,814,22,79.53429049,D,SouthDelta,Interior
Old River nr Tracy,4/21/1993,802,22,62.38347365,AN,SouthDelta,Interior
Grant Line/Fabian/Bell Canals nr Old R.,10/20/1992,795,22,94.16017229,C,SouthDelta,Interior
Old River @ Middle River,2/25/2009,844,21,63.13375011,D,SouthDelta,Interior
Grant Line/Fabian/Bell Canals nr Old R.,11/28/1990,829,21,92.60675328,D,SouthDelta,Interior
Grant Line/Fabian/Bell Canals nr Old R.,10/31/1990,817,21,92.89347904,D,SouthDelta,Interior
Grant Line/Fabian/Bell Canals nr Old R.,9/5/1990,816,21,86.59648732,C,SouthDelta,Interior
Grant Line/Fabian/Bell Canals nr Old R.,7/16/1990,777,21,85.00509504,C,SouthDelta,Interior
Grant Line Canal @ Tracy Blvd,2/26/2009,840,20,60.14582078,D,SouthDelta,Interior
Grant Line/Fabian/Bell Canals nr Old R.,10/17/1990,761,20,93.81403956,D,SouthDelta,Interior
Old River @ Tracy Road Bridge - P12,6/8/2009,739,20,77.24823856,D,SouthDelta,Interior
Middle River @ Union Point - P10A,3/3/2014,725,20,80.57624471,C,SouthDelta,Interior
Grant Line/Fabian/Bell Canals nr Old R.,7/25/1989,800,19,80.02863026,D,SouthDelta,Interior
Grant Line/Fabian/Bell Canals nr Old R.,12/12/1990,781,19,93.02603777,C,SouthDelta,Interior
Middle River @ Union Point - P10A,2/3/2014,774,19,93.92384943,C,SouthDelta,Interior
Old River nr Tracy,1/12/1994,771,19,82.38546939,C,SouthDelta,Interior
Grant Ln Can @ Tracy Rd Bdg,8/22/1990,735,19,83.47764088,C,SouthDelta,Interior
Grant Line/Fabian/Bell Canals nr Old R.,3/26/1991,698,19,72.01442228,C,SouthDelta,Interior
Middle River @ Union Point - P10A,6/1/2015,697,19,93.2549537,C,SouthDelta,Interior
Old River @ Middle River,4/16/2009,694,19,67.73613947,D,SouthDelta,Interior
Grant Line/Fabian/Bell Canals nr Old R.,10/7/1992,684,19,92.45317986,C,SouthDelta,Interior
Grant Line Canal @ Tracy Blvd,3/9/2009,728,18,54.40866096,D,SouthDelta,Interior
Grant Ln Can @ Tracy Rd Bdg,1/12/1994,726,18,82.38546939,C,SouthDelta,Interior
Grant Line/Fabian/Bell Canals nr Old R.,7/9/1992,724,18,91.63677332,C,SouthDelta,Interior
Grant Line/Fabian/Bell Canals nr Old R.,11/14/1990,715,18,93.90716742,D,SouthDelta,Interior
Grant Line/Fabian/Bell Canals nr Old R.,10/24/1990,703,18,94.04183083,D,SouthDelta,Interior
Grant Line/Fabian/Bell Canals nr Old R.,6/11/1992,686,18,90.14218042,C,SouthDelta,Interior
Grant Line/Fabian/Bell Canals nr Old R.,4/9/1991,666,18,70.47185036,C,SouthDelta,Interior
Grant Line/Fabian/Bell Canals nr Old R.,8/22/1990,652,18,83.47764088,C,SouthDelta,Interior
Grant Line/Fabian/Bell Canals nr Old R.,6/26/1991,636,18,92.70986559,C,SouthDelta,Interior
Middle River @ Union Point - P10A,2/3/2009,633,18,84.30493265,D,SouthDelta,Interior
Old River nr Tracy,4/22/1992,1110,17,77.19407905,C,SouthDelta,Interior
Grant Line/Fabian/Bell Canals nr Old R.,1/29/1991,700,17,94.90599798,C,SouthDelta,Interior
Grant Line/Fabian/Bell Canals nr Old R.,8/13/1990,672,17,82.37363354,C,SouthDelta,Interior
Grant Line/Fabian/Bell Canals nr Old R.,4/25/1990,671,17,87.22990049,C,SouthDelta,Interior
Middle River @ Union Point - P10A,7/6/2015,667,17,95.81957478,C,SouthDelta,Interior
Grant Line/Fabian/Bell Canals nr Old R.,8/28/1990,644,17,84.07314596,C,SouthDelta,Interior
Grant Line/Fabian/Bell Canals nr Old R.,10/11/1990,631,17,94.23950241,D,SouthDelta,Interior
Middle River @ Union Point - P10A,1/6/2009,589,17,86.18470086,D,SouthDelta,Interior
Middle River @ Union Point - P10A,3/2/2009,583,17,65.57301543,D,SouthDelta,Interior
Grant Line/Fabian/Bell Canals nr Old R.,6/13/1991,575,17,92.96709129,C,SouthDelta,Interior
Middle River @ Union Point - P10A,5/4/2015,568,17,94.17154572,C,SouthDelta,Interior
Middle River @ Union Point - P10A,12/7/2015,710,16,94.9140377,C,SouthDelta,Interior
Middle River @ Union Point - P10A,11/2/2015,675,16,93.88533024,C,SouthDelta,Interior
Middle River @ Union Point - P10A,8/3/2015,648,16,95.38511805,C,SouthDelta,Interior
Grant Ln Can @ Tracy Rd Bdg,4/21/1993,615,16,62.38347365,AN,SouthDelta,Interior
Middle River @ Union Point - P10A,11/3/2014,613,16,92.39401068,D,SouthDelta,Interior
Middle River @ Union Point - P10A,1/6/2014,601,16,92.33233742,C,SouthDelta,Interior
Middle River @ Union Point - P10A,1/4/2016,601,16,89.47617765,BN,SouthDelta,Interior
Grant Line/Fabian/Bell Canals nr Old R.,10/1/1990,595,16,91.47315676,D,SouthDelta,Interior
Grant Line/Fabian/Bell Canals nr Old R.,7/10/1991,564,16,92.07471565,C,SouthDelta,Interior
Grant Line/Fabian/Bell Canals nr Old R.,7/24/1991,511,16,92.78926842,C,SouthDelta,Interior
Middle R @ Tracy Rd Bdg,3/2/1989,506,16,91.3346382,D,SouthDelta,Interior
Middle River @ Union Point - P10A,3/2/2010,483,16,63.81753273,BN,SouthDelta,Interior
Middle River @ Union Point - P10A,10/5/2015,616,15,94.93479848,C,SouthDelta,Interior
Old River @ Tracy Road Bridge - P12,5/7/2009,554,15,68.40551796,D,SouthDelta,Interior
Grant Line/Fabian/Bell Canals nr Old R.,1/23/1992,546,15,92.69366513,C,SouthDelta,Interior
Middle River @ Union Point - P10A,1/3/2008,544,15,83.34570353,C,SouthDelta,Interior
Middle River @ Union Point - P10A,7/7/2014,541,15,90.2187572,C,SouthDelta,Interior
Grant Line/Fabian/Bell Canals nr Old R.,8/7/1991,536,15,92.52821793,C,SouthDelta,Interior
Middle River @ Union Point - P10A,2/2/2010,536,15,54.29400396,BN,SouthDelta,Interior
Middle River @ Union Point - P10A,12/2/2008,511,15,92.75840841,C,SouthDelta,Interior
Middle River @ Union Point - P10A,5/6/2008,503,15,81.24308533,C,SouthDelta,Interior
Middle River @ Union Point - P10A,10/6/2014,503,15,94.77701545,D,SouthDelta,Interior
Middle River @ Union Point - P10A,4/8/2008,492,15,78.37516679,C,SouthDelta,Interior
Grant Line/Fabian/Bell Canals nr Old R.,5/22/1991,479,15,90.63835999,C,SouthDelta,Interior
Middle River @ Union Point - P10A,1/9/2019,543,14.5,#N/A,W,SouthDelta,Interior
Middle River @ Union Point - P10A,9/9/2015,581,14,94.75346141,C,SouthDelta,Interior
Grant Line Canal @ Tracy Blvd,6/8/2009,550,14,77.24823856,D,SouthDelta,Interior
Middle River @ Union Point - P10A,12/1/2014,542,14,93.6049299,C,SouthDelta,Interior
Middle River @ Union Point - P10A,5/5/2014,483,14,87.63000727,C,SouthDelta,Interior
Middle River @ Union Point - P10A,1/5/2015,470,14,71.50190239,C,SouthDelta,Interior
Middle River @ Union Point - P10A,1/5/2010,466,14,86.26711441,BN,SouthDelta,Interior
Grant Line/Fabian/Bell Canals nr Old R.,10/23/1991,463,14,94.27657666,C,SouthDelta,Interior
Middle River @ Union Point - P10A,4/7/2014,459,14,75.44547873,C,SouthDelta,Interior
Middle River @ Union Point - P10A,4/6/2010,441,14,68.63765096,BN,SouthDelta,Interior
Middle River @ Union Point - P10A,6/2/2008,435,14,81.73068377,C,SouthDelta,Interior
Middle River @ Union Point - P10A,4/6/2015,419,14,88.0123047,C,SouthDelta,Interior
Middle River @ Union Point - P10A,2/3/2015,415,14,87.92593622,C,SouthDelta,Interior
Grant Line/Fabian/Bell Canals nr Old R.,4/22/1992,409,14,77.19407905,C,SouthDelta,Interior
Middle River @ Union Point - P10A,3/2/2015,406,14,78.10690622,C,SouthDelta,Interior
Old River nr Tracy,9/1/1993,530,13,78.41118016,AN,SouthDelta,Interior
Middle River @ Union Point - P10A,12/2/2013,507,13,93.39492499,D,SouthDelta,Interior
Middle River @ Union Point - P10A,8/4/2014,490,13,88.73599436,C,SouthDelta,Interior
Old River @ Tracy Road Bridge - P12,5/21/2009,488,13,75.54540529,D,SouthDelta,Interior
Middle River @ Union Point - P10A,2/3/2016,488,13,59.65346245,BN,SouthDelta,Interior
Middle River @ Union Point - P10A,3/5/2007,485,13,58.91442023,D,SouthDelta,Interior
Grant Line/Fabian/Bell Canals nr Old R.,8/7/1990,482,13,84.4251127,C,SouthDelta,Interior
Middle River @ Union Point - P10A,11/4/2013,463,13,90.34617646,BN,SouthDelta,Interior
Middle River @ Union Point - P10A,10/1/2008,461,13,88.30977329,D,SouthDelta,Interior
Middle River @ Union Point - P10A,5/3/2016,461,13,75.47029728,BN,SouthDelta,Interior
Middle River @ Union Point - P10A,2/6/2007,460,13,79.89948567,D,SouthDelta,Interior
Grant Line/Fabian/Bell Canals nr Old R.,9/26/1991,457,13,89.13268814,C,SouthDelta,Interior
Middle River @ Union Point - P10A,2/5/2008,456,13,54.87619201,C,SouthDelta,Interior
Middle R @ Tracy Rd Bdg,7/24/1991,454,13,92.78926842,C,SouthDelta,Interior
Grant Line/Fabian/Bell Canals nr Old R.,9/25/1990,447,13,91.8739207,C,SouthDelta,Interior
Grant Line/Fabian/Bell Canals nr Old R.,10/10/1991,430,13,88.47167384,C,SouthDelta,Interior
Grant Line/Fabian/Bell Canals nr Old R.,5/5/1992,397,13,86.61933596,C,SouthDelta,Interior
Middle River @ Union Point - P10A,3/4/2008,374,13,66.16351777,C,SouthDelta,Interior
Middle River @ Union Point - P10A,2/4/2019,411,12.6,#N/A,W,SouthDelta,Interior
Middle River @ Union Point - P10A,1/2/2007,490,12,80.23657174,D,SouthDelta,Interior
Grant Line Canal @ Tracy Blvd,4/23/2009,463,12,79.53429049,D,SouthDelta,Interior
Middle River @ Union Point - P10A,1/8/2018,456,12,84.74492337,BN,SouthDelta,Interior
Middle River @ Union Point - P10A,9/2/2014,452,12,90.3346038,C,SouthDelta,Interior
Middle River @ Union Point - P10A,11/3/2008,443,12,93.02142734,D,SouthDelta,Interior
Middle River @ Union Point - P10A,6/2/2014,436,12,93.56618111,C,SouthDelta,Interior
Middle River @ Union Point - P10A,10/7/2013,430,12,87.90258861,BN,SouthDelta,Interior
Middle River @ Union Point - P10A,11/6/2007,427,12,89.58054651,W,SouthDelta,Interior
Grant Line Canal @ Tracy Blvd,5/7/2009,425,12,68.40551796,D,SouthDelta,Interior
Grant Line/Fabian/Bell Canals nr Old R.,9/12/1991,423,12,88.08357466,C,SouthDelta,Interior
Grant Line/Fabian/Bell Canals nr Old R.,9/17/1990,422,12,85.19881494,C,SouthDelta,Interior
Middle River @ Union Point - P10A,10/6/2009,411,12,87.99178837,C,SouthDelta,Interior
Grant Line/Fabian/Bell Canals nr Old R.,9/11/1990,397,12,86.1336185,C,SouthDelta,Interior
Middle River @ Union Point - P10A,9/2/2008,387,12,88.7732302,C,SouthDelta,Interior
Grant Line/Fabian/Bell Canals nr Old R.,3/11/1992,360,12,67.72093556,C,SouthDelta,Interior
Middle River @ Union Point - P10A,5/5/2009,358,12,73.26168644,D,SouthDelta,Interior
Grant Line/Fabian/Bell Canals nr Old R.,4/8/1992,340,12,79.86326901,C,SouthDelta,Interior
Middle River @ Union Point - P10A,2/5/2018,402,11,74.06112596,BN,SouthDelta,Interior
Middle River @ Union Point - P10A,6/4/2007,399,11,80.25338455,D,SouthDelta,Interior
Middle River @ Union Point - P10A,12/7/2016,398,11,83.68530205,BN,SouthDelta,Interior
Grant Line/Fabian/Bell Canals nr Old R.,7/26/1990,396,11,86.56430395,C,SouthDelta,Interior
Middle River @ Union Point - P10A,10/4/2016,387,11,86.5637221,C,SouthDelta,Interior
Grant Line/Fabian/Bell Canals nr Old R.,7/10/1990,367,11,87.75334412,C,SouthDelta,Interior
Middle River @ Union Point - P10A,9/9/2009,345,11,84.37552482,D,SouthDelta,Interior
Middle River @ Union Point - P10A,12/5/2006,341,11,88.65054031,W,SouthDelta,Interior
Middle River @ Union Point - P10A,6/2/2009,336,11,74.90839371,D,SouthDelta,Interior
Middle River @ Union Point - P10A,4/7/2016,328,11,66.37589317,BN,SouthDelta,Interior
Middle River @ Union Point - P10A,3/10/2016,321,11,62.66343249,BN,SouthDelta,Interior
Middle River @ Union Point - P10A,7/1/2008,318,11,84.87243383,C,SouthDelta,Interior
Middle River @ Union Point - P10A,4/7/2009,314,11,75.36176628,D,SouthDelta,Interior
Middle River @ Union Point - P10A,10/11/2018,407,10.9,#N/A,W,SouthDelta,Interior
Middle River @ Union Point - P10A,9/10/2018,346,10.1,84.8982076,BN,SouthDelta,Interior
Middle River @ Union Point - P10A,12/3/2018,408,10,#N/A,BN,SouthDelta,Interior
Middle River @ Union Point - P10A,5/4/2010,400,10,57.05251942,BN,SouthDelta,Interior
Grant Ln Can @ Tracy Rd Bdg,1/13/1993,376,10,64.09402935,AN,SouthDelta,Interior
Middle River @ Union Point - P10A,3/7/2011,372,10,56.35666923,W,SouthDelta,Interior
Middle River @ Union Point - P10A,9/5/2007,364,10,85.25541551,D,SouthDelta,Interior
Middle River @ Union Point - P10A,4/9/2018,358,10,54.04390508,BN,SouthDelta,Interior
Middle River @ Union Point - P10A,11/7/2016,353,10,87.41045331,C,SouthDelta,Interior
Middle River @ Union Point - P10A,11/3/2009,352,10,88.3635176,C,SouthDelta,Interior
Middle River @ Union Point - P10A,12/4/2007,348,10,87.28423839,D,SouthDelta,Interior
Middle River @ Union Point - P10A,5/2/2007,346,10,74.44600721,D,SouthDelta,Interior
Middle River @ Union Point - P10A,10/5/2010,340,10,83.98583932,D,SouthDelta,Interior
Middle River @ Union Point - P10A,1/9/2017,338,10,56.18463132,W,SouthDelta,Interior
Middle River @ Union Point - P10A,10/2/2007,335,10,87.02852586,W,SouthDelta,Interior
Middle River @ Union Point - P10A,12/1/2009,320,10,92.29828513,D,SouthDelta,Interior
Middle River @ Union Point - P10A,4/2/2007,318,10,72.02877378,D,SouthDelta,Interior
Middle River @ Union Point - P10A,8/5/2008,304,10,88.35573476,C,SouthDelta,Interior
Grant Ln Can @ Tracy Rd Bdg,9/1/1993,386,9,78.41118016,AN,SouthDelta,Interior
Middle River @ Union Point - P10A,11/5/2018,362,9,#N/A,W,SouthDelta,Interior
Grant Line Canal @ Tracy Blvd,5/21/2009,353,9,75.54540529,D,SouthDelta,Interior
Middle River @ Union Point - P10A,5/7/2018,352,9,64.92049336,BN,SouthDelta,Interior
Middle River @ Union Point - P10A,11/3/2010,334,9,84.63274041,D,SouthDelta,Interior
Middle River @ Union Point - P10A,2/7/2011,334,9,64.18410148,W,SouthDelta,Interior
Old River nr Tracy,1/13/1993,332,9,64.09402935,AN,SouthDelta,Interior
Middle River @ Union Point - P10A,12/6/2010,321,9,84.27592276,BN,SouthDelta,Interior
Middle River @ Union Point - P10A,6/7/2016,319,9,82.94141541,BN,SouthDelta,Interior
Grant Line/Fabian/Bell Canals nr Old R.,10/20/1993,318,9,84.89979461,C,SouthDelta,Interior
Middle River @ Union Point - P10A,7/2/2007,303,9,80.94470218,D,SouthDelta,Interior
Middle River @ Union Point - P10A,9/7/2010,294,9,86.84207092,BN,SouthDelta,Interior
Middle River @ Union Point - P10A,9/7/2016,288,9,84.03725468,BN,SouthDelta,Interior
Middle River @ Union Point - P10A,6/8/2010,288,8,67.97063022,BN,SouthDelta,Interior
Middle River @ Union Point - P10A,3/13/2019,278,8,#N/A,W,SouthDelta,Interior
Middle River @ Union Point - P10A,8/6/2007,277,8,84.7182393,D,SouthDelta,Interior
Middle River @ Union Point - P10A,11/7/2006,274,8,88.98570418,AN,SouthDelta,Interior
Middle River @ Union Point - P10A,10/3/2006,253,8,79.15994988,AN,SouthDelta,Interior
Middle River @ Union Point - P10A,12/4/2017,246,8,83.87250454,W,SouthDelta,Interior
Middle River @ Union Point - P10A,7/9/2018,246,8,82.60710477,BN,SouthDelta,Interior
Middle River @ Union Point - P10A,7/7/2009,228,8,82.06398554,D,SouthDelta,Interior
Middle River @ Union Point - P10A,6/5/2018,284,7,74.73149108,BN,SouthDelta,Interior
Middle River @ Union Point - P10A,1/3/2011,274,7,53.33698971,W,SouthDelta,Interior
Middle River @ Union Point - P10A,8/4/2009,265,7,84.14076361,D,SouthDelta,Interior
Middle River @ Union Point - P10A,8/2/2006,261,7,78.28975195,W,SouthDelta,Interior
Middle River @ Union Point - P10A,2/6/2017,258,7,50.46962633,W,SouthDelta,Interior
Middle River @ Union Point - P10A,6/6/2011,257,7,57.57300551,W,SouthDelta,Interior
Middle River @ Union Point - P10A,4/4/2011,247,7,0,W,SouthDelta,Interior
Middle River @ Union Point - P10A,7/6/2010,241,7,80.72423904,BN,SouthDelta,Interior
Middle River @ Union Point - P10A,9/6/2006,240,7,78.70958184,W,SouthDelta,Interior
Middle River @ Union Point - P10A,7/6/2016,222,7,84.55059684,BN,SouthDelta,Interior
Middle River @ Union Point - P10A,8/2/2010,189,7,79.32890201,BN,SouthDelta,Interior
Middle River @ Union Point - P10A,8/6/2018,197,6.79,82.35063213,BN,SouthDelta,Interior
Old River nr Tracy,10/20/1993,249,6,84.89979461,C,SouthDelta,Interior
Grant Ln Can @ Tracy Rd Bdg,10/20/1993,244,6,84.89979461,C,SouthDelta,Interior
Old River @ Middle River,6/9/1998,236,6,51.89782644,W,SouthDelta,Interior
Middle River @ Union Point - P10A,8/7/2017,217,6,80.74384873,W,SouthDelta,Interior
Middle River @ Union Point - P10A,8/1/2016,207,6,83.57049111,BN,SouthDelta,Interior
Middle River @ Union Point - P10A,9/7/2017,193,6,77.48586469,W,SouthDelta,Interior
Middle River @ Union Point - P10A,10/2/2017,186,6,77.2692402,BN,SouthDelta,Interior
Middle River @ Union Point - P10A,4/3/2017,201,5,49.18404199,W,SouthDelta,Interior
Middle River @ Union Point - P10A,5/2/2011,199,5,57.60965856,W,SouthDelta,Interior
Middle River @ Union Point - P10A,3/8/2017,187,5,46.65054443,W,SouthDelta,Interior
Middle River @ Union Point - P10A,7/5/2011,184,5,56.36389323,W,SouthDelta,Interior
Middle River @ Union Point - P10A,6/5/2017,177,5,57.96351261,W,SouthDelta,Interior
Middle River @ Union Point - P10A,7/10/2017,177,5,70.04911852,W,SouthDelta,Interior
Middle River @ Union Point - P10A,7/5/2006,154,4,67.43685291,W,SouthDelta,Interior
Middle River @ Union Point - P10A,5/3/2017,120,3,50.00669585,W,SouthDelta,Interior
