Long Station Name,Collection Date,EC,SO4,Sacramento X2,WYT,Location,Area
Contra Costa PP Number 01,12/7/1999,1390,195,84.3486242,W,OMR,Interior
Contra Costa PP Number 01,3/7/2000,1125,195,48.16682697,AN,OMR,Interior
Contra Costa PP Number 01,3/3/1998,1100,172,46.174655,W,OMR,Interior
Contra Costa PP Number 01,2/3/2003,1070,163,54.06515388,AN,OMR,Interior
Contra Costa PP Number 01,12/4/2007,1212,136,87.28423839,D,OMR,Interior
Contra Costa PP Number 01,3/7/1996,898,125,46.46251523,W,OMR,Interior
Contra Costa PP Number 01,3/11/1993,801,123,59.02850507,AN,OMR,Interior
Contra Costa PP Number 01,2/5/1998,879,113,41.15155574,W,OMR,Interior
Clifton Court Intake,3/9/1993,730,112,59.04059358,AN,OMR,Interior
Contra Costa PP Number 01,1/7/2003,1010,107,51.99960319,AN,OMR,Interior
Clifton Court Intake,4/24/1991,792,102,86.48122671,C,OMR,Interior
Contra Costa PP Number 01,3/6/2001,753,99,70.05240742,D,OMR,Interior
Contra Costa PP Number 01,3/7/2005,654,98,57.47547175,AN,OMR,Interior
Contra Costa PP Number 01,10/7/1999,892,90,85.55971154,W,OMR,Interior
Contra Costa PP Number 01,4/10/1995,635,89,50.51772825,W,OMR,Interior
Clifton Court Intake,12/10/1992,875,88,95.44056579,C,OMR,Interior
Contra Costa PP Number 01,3/3/2003,591,88,60.574921,AN,OMR,Interior
Contra Costa PP Number 01,4/1/2003,663,86,69.81194277,AN,OMR,Interior
Contra Costa PP Number 01,1/4/2000,1186,84,80.55744457,AN,OMR,Interior
Contra Costa PP Number 01,11/6/2007,1048,84,89.58054651,W,OMR,Interior
Clifton Court Intake,7/25/1990,457,82,87.85147172,C,OMR,Interior
Contra Costa PP Number 01,2/6/2001,943,76,82.30525912,D,OMR,Interior
Contra Costa PP Number 01,4/4/1996,554,76,58.29157662,W,OMR,Interior
Contra Costa PP Number 01,10/8/2002,1120,74,89.3846487,D,OMR,Interior
Contra Costa PP Number 01,1/8/2001,1030,74,94.68792213,D,OMR,Interior
Clifton Court Intake,6/27/1990,786,74,84.4854239,C,OMR,Interior
Clifton Court Intake,5/19/1994,599,74,76.51544974,C,OMR,Interior
Contra Costa PP Number 01,12/3/2002,850,72,93.0185482,D,OMR,Interior
Contra Costa PP Number 01,2/6/1995,533,71,48.45038827,W,OMR,Interior
Contra Costa PP Number 01,5/2/1996,516,68,66.95278638,W,OMR,Interior
Old River near Rock Slough,8/4/1959,1580,67,91.1135463,BN,OMR,Interior
Contra Costa PP Number 01,2/24/1992,793,67,66.71267132,C,OMR,Interior
Contra Costa PP Number 01,3/2/2004,500,67,49.65011755,BN,OMR,Interior
Contra Costa PP Number 01,1/8/2002,616,66,54.28372948,D,OMR,Interior
Contra Costa PP Number 01,1/17/1995,709,65,46.35508675,W,OMR,Interior
Contra Costa PP Number 01,1/13/1993,633,64,64.09402935,AN,OMR,Interior
Middle River at Bacon Island Bridge,3/24/1994,516,62,72.52425966,C,OMR,Interior
Contra Costa PP Number 01,4/4/2005,499,62,55.79737907,AN,OMR,Interior
Old River near Rock Slough,7/21/1959,1740,61,95.92495125,BN,OMR,Interior
Middle River at Bacon Island Bridge,3/9/1993,471,61,59.04059358,AN,OMR,Interior
Clifton Court Intake,5/13/1993,456,61,61.911538,AN,OMR,Interior
Middle River at Bacon Island Bridge,5/19/1994,499,60,76.51544974,C,OMR,Interior
Contra Costa PP Number 01,5/5/1999,451,60,57.23000982,W,OMR,Interior
Old River near Rock Slough,8/4/1959,1380,58,91.1135463,BN,OMR,Interior
Clifton Court Intake,12/11/1991,810,58,94.35994762,C,OMR,Interior
Clifton Court Intake,2/25/1992,554,58,65.86224313,C,OMR,Interior
Contra Costa PP Number 01,4/8/2008,465,58,78.37516679,C,OMR,Interior
Contra Costa PP Number 01,11/5/2002,874,57,91.73476989,D,OMR,Interior
Middle River at Bacon Island Bridge,4/8/1993,465,57,54.30864006,AN,OMR,Interior
Old River near Rock Slough,7/21/1959,1320,56,95.92495125,BN,OMR,Interior
Middle River @ Union Point - P10A,3/3/2014,725,56,80.57624471,C,OMR,Interior
Contra Costa PP Number 01,1/6/2004,784,55,55.58733795,BN,OMR,Interior
Contra Costa PP Number 01,1/6/1999,459,55,64.63920091,W,OMR,Interior
Contra Costa PP Number 01,12/8/1992,933,54,96.70881536,C,OMR,Interior
Contra Costa PP Number 01,12/3/2001,750,54,82.50576236,D,OMR,Interior
Middle River @ Union Point - P10A,5/6/2008,503,54,81.24308533,C,OMR,Interior
Contra Costa PP Number 01,2/6/2006,491,54,52.81827396,W,OMR,Interior
Contra Costa PP Number 01,1/9/1997,427,54,31.8495819,W,OMR,Interior
Rock Slough @ Old River,1/24/1990,962,53,79.66720736,C,OMR,Interior
Contra Costa PP Number 01,11/5/1997,948,53,91.80829068,W,OMR,Interior
Middle River at Bacon Island Bridge,11/13/1990,625,53,93.89378554,D,OMR,Interior
Middle River @ Union Point - P10A,4/8/2008,492,52,78.37516679,C,OMR,Interior
Middle River at Bacon Island Bridge,2/17/1994,482,52,75.37363149,C,OMR,Interior
Contra Costa PP Number 01,4/3/2006,428,52,47.97842568,W,OMR,Interior
Contra Costa PP Number 01,11/6/2001,898,51,92.77803114,AN,OMR,Interior
Middle River @ Union Point - P10A,3/5/2007,485,51,58.91442023,D,OMR,Interior
Middle River at Bacon Island Bridge,4/21/1993,440,51,62.38347365,AN,OMR,Interior
Contra Costa PP Number 01,10/2/2007,928,50,87.02852586,W,OMR,Interior
Clifton Court Intake,2/27/1991,840,50,95.15255136,C,OMR,Interior
Middle River @ Union Point - P10A,3/2/2009,583,50,65.57301543,D,OMR,Interior
Contra Costa PP Number 01,12/6/2004,579,50,88.99645057,BN,OMR,Interior
Middle River at Bacon Island Bridge,4/20/1994,441,50,78.884997,C,OMR,Interior
Contra Costa PP Number 01,12/9/1991,988,49,94.2937316,C,OMR,Interior
Contra Costa PP Number 01,1/3/2005,640,49,63.06546569,AN,OMR,Interior
Contra Costa PP Number 01,11/17/1992,943,48,94.87189975,C,OMR,Interior
Clifton Court Intake,1/31/1991,731,48,94.0793962,C,OMR,Interior
Middle River at Bacon Island Bridge,12/11/1991,609,48,94.35994762,C,OMR,Interior
Middle River @ Union Point - P10A,5/4/2010,400,48,57.05251942,BN,OMR,Interior
Clifton Court Intake,5/21/1991,527,47,91.14886705,C,OMR,Interior
Clifton Court Intake,3/24/1994,437,47,72.52425966,C,OMR,Interior
Contra Costa PP Number 01,11/9/1994,988,46,92.63852791,AN,OMR,Interior
Rock Slough @ Old River,1/29/1991,897,46,94.90599798,C,OMR,Interior
Clifton Court Intake,12/11/1990,853,46,93.08539402,C,OMR,Interior
Middle River @ Union Point - P10A,2/3/2014,774,46,93.92384943,C,OMR,Interior
Middle River at Bacon Island Bridge,12/10/1992,686,46,95.44056579,C,OMR,Interior
Middle River @ Union Point - P10A,5/3/2016,461,46,75.47029728,BN,OMR,Interior
Middle River @ Union Point - P10A,2/5/2008,456,46,54.87619201,C,OMR,Interior
Middle River at Bacon Island Bridge,5/13/1993,411,46,61.911538,AN,OMR,Interior
Clifton Court Intake,4/8/1993,400,46,54.30864006,AN,OMR,Interior
Middle River at Bacon Island Bridge,11/21/1991,547,45,93.42904814,C,OMR,Interior
Middle River @ Union Point - P10A,3/2/2010,483,45,63.81753273,BN,OMR,Interior
Clifton Court Intake,6/22/1994,450,45,89.49535368,C,OMR,Interior
Contra Costa PP Number 01,3/24/1992,421,45,67.98576989,C,OMR,Interior
Contra Costa PP Number 01,2/7/2005,379,45,66.68285541,AN,OMR,Interior
Old River near Rock Slough,8/18/1959,937,44,93.54824528,BN,OMR,Interior
Old River North of Rock Slough (St 4b),1/29/1991,878,44,94.90599798,C,OMR,Interior
Contra Costa PP Number 01,9/4/2002,854,44,88.12309273,D,OMR,Interior
Clifton Court Intake,6/4/1992,569,44,92.61021102,C,OMR,Interior
Contra Costa PP Number 01,5/12/1993,410,44,63.16142825,AN,OMR,Interior
Contra Costa PP Number 01,2/8/1996,397,44,47.52751567,W,OMR,Interior
Contra Costa PP Number 01,5/13/1997,363,44,71.63203277,W,OMR,Interior
Contra Costa PP Number 01,7/22/1992,905,43,92.3938467,C,OMR,Interior
Clifton Court Intake,11/19/1992,737,43,93.66767375,C,OMR,Interior
Middle River @ Union Point - P10A,2/2/2010,536,43,54.29400396,BN,OMR,Interior
Middle River at Bacon Island Bridge,5/21/1992,458,43,91.77345049,C,OMR,Interior
Middle River @ Union Point - P10A,4/6/2010,441,43,68.63765096,BN,OMR,Interior
Middle River @ Union Point - P10A,6/2/2008,435,43,81.73068377,C,OMR,Interior
Contra Costa PP Number 01,5/26/1994,427,43,79.98947042,C,OMR,Interior
Middle River at Bacon Island Bridge,1/13/1993,423,43,64.09402935,AN,OMR,Interior
Contra Costa PP Number 01,5/6/2008,415,43,81.24308533,C,OMR,Interior
Middle River @ Union Point - P10A,6/4/2007,399,43,80.25338455,D,OMR,Interior
Contra Costa PP Number 01,2/10/1993,361,43,66.22571537,AN,OMR,Interior
Clifton Court Intake,8/10/1993,348,43,70.9026113,AN,OMR,Interior
Old River near Rock Slough,8/18/1959,1000,42,93.54824528,BN,OMR,Interior
Contra Costa PP Number 01,8/19/1992,904,42,92.0935494,C,OMR,Interior
Contra Costa PP Number 01,11/19/1991,836,42,93.6335894,C,OMR,Interior
Contra Costa PP Number 01,11/1/2004,765,42,83.50140273,AN,OMR,Interior
Clifton Court Intake,6/25/1992,724,42,90.85817896,C,OMR,Interior
Clifton Court Intake,11/13/1990,689,42,93.89378554,D,OMR,Interior
Contra Costa PP Number 01,5/2/2000,381,42,63.70366373,AN,OMR,Interior
Rock Slough @ Old River,9/22/1994,988,41,90.04354307,C,OMR,Interior
Contra Costa PP Number 01,10/7/1992,900,41,92.45317986,C,OMR,Interior
Contra Costa PP Number 01,6/23/1992,885,41,92.2794422,C,OMR,Interior
Middle River at Bacon Island Bridge,10/24/1990,585,41,94.04183083,D,OMR,Interior
Clifton Court Intake,3/4/1986,306,41,0,W,OMR,Interior
Rock Slough @ Old River,10/24/1990,960,40,94.04183083,D,OMR,Interior
Contra Costa PP Number 01,9/20/1994,935,40,92.37559029,C,OMR,Interior
Old River North of Rock Slough (St 4b),4/25/1990,905,40,87.22990049,C,OMR,Interior
Old River North of Rock Slough (St 4b),10/7/1992,835,40,92.45317986,C,OMR,Interior
Contra Costa PP Number 01,12/13/1994,814,40,82.54298007,C,OMR,Interior
Contra Costa PP Number 01,1/23/1992,732,40,92.69366513,C,OMR,Interior
Middle River @ Union Point - P10A,6/1/2015,697,40,93.2549537,C,OMR,Interior
Middle River @ Union Point - P10A,2/3/2009,633,40,84.30493265,D,OMR,Interior
Clifton Court Intake,5/21/1992,463,40,91.77345049,C,OMR,Interior
Middle River @ Union Point - P10A,3/7/2011,372,40,56.35666923,W,OMR,Interior
Contra Costa PP Number 01,2/3/1999,352,40,51.6298188,W,OMR,Interior
Old River North of Rock Slough (St 4b),10/24/1990,921,39,94.04183083,D,OMR,Interior
Rock Slough @ Old River,4/25/1990,864,39,87.22990049,C,OMR,Interior
Rock Slough @ Old River,1/23/1992,792,39,92.69366513,C,OMR,Interior
Middle River at Bacon Island Bridge,2/26/1991,610,39,94.34149831,C,OMR,Interior
Contra Costa PP Number 01,4/4/2000,391,39,70.46558651,AN,OMR,Interior
Middle River @ Union Point - P10A,5/7/2018,352,39,64.92049336,BN,OMR,Interior
Contra Costa PP Number 01,5/3/2005,346,39,60.83995013,AN,OMR,Interior
Contra Costa PP Number 01,4/8/1999,324,39,57.34361395,W,OMR,Interior
Clifton Court Intake,6/4/1986,303,39,70.7018673,W,OMR,Interior
Old River North of Rock Slough (St 4b),8/19/1992,915,38,92.0935494,C,OMR,Interior
Old River North of Rock Slough (St 4b),7/22/1992,909,38,92.3938467,C,OMR,Interior
Rock Slough @ Old River,8/19/1992,901,38,92.0935494,C,OMR,Interior
Rock Slough @ Old River,7/22/1992,899,38,92.3938467,C,OMR,Interior
Contra Costa PP Number 01,9/22/1992,882,38,92.38888101,C,OMR,Interior
Rock Slough @ Old River,10/7/1992,849,38,92.45317986,C,OMR,Interior
Contra Costa PP Number 01,9/5/2007,812,38,85.25541551,D,OMR,Interior
Contra Costa PP Number 01,2/3/2009,794,38,84.30493265,D,OMR,Interior
Clifton Court Intake,10/23/1990,710,38,94.64630634,D,OMR,Interior
Contra Costa PP Number 01,6/24/1991,705,38,92.83977948,C,OMR,Interior
Contra Costa PP Number 01,12/5/1996,688,38,78.03491703,W,OMR,Interior
Contra Costa PP Number 01,11/7/2000,668,38,84.3926938,W,OMR,Interior
Clifton Court Intake,5/23/1990,654,38,90.30188297,C,OMR,Interior
Middle River at Bacon Island Bridge,11/19/1992,607,38,93.66767375,C,OMR,Interior
Clifton Court Intake,3/27/1991,548,38,71.68911216,C,OMR,Interior
Middle River @ Union Point - P10A,2/3/2016,488,38,59.65346245,BN,OMR,Interior
Clifton Court Intake,2/17/1994,415,38,75.37363149,C,OMR,Interior
Rock Slough @ Old River,5/19/1994,395,38,76.51544974,C,OMR,Interior
Contra Costa PP Number 01,2/8/2000,385,38,57.61717763,AN,OMR,Interior
Clifton Court Intake,2/9/1993,345,38,67.78217395,AN,OMR,Interior
Contra Costa PP Number 01,3/12/1997,314,38,55.67296976,W,OMR,Interior
Contra Costa PP Number 01,5/10/1995,307,38,49.34111805,W,OMR,Interior
Contra Costa PP Number 01,10/1/2008,870,37,88.30977329,D,OMR,Interior
Contra Costa PP Number 01,12/3/2003,724,37,87.61870823,AN,OMR,Interior
Clifton Court Intake,9/24/1992,717,37,92.85385013,C,OMR,Interior
Old River near Rock Slough,7/7/1959,716,37,94.29889644,BN,OMR,Interior
Clifton Court Intake,11/21/1991,688,37,93.42904814,C,OMR,Interior
Middle River @ Union Point - P10A,1/6/2009,589,37,86.18470086,D,OMR,Interior
Middle River at Bacon Island Bridge,12/11/1990,542,37,93.08539402,C,OMR,Interior
Middle River at Bacon Island Bridge,3/25/1991,469,37,72.32639176,C,OMR,Interior
Middle River @ Union Point - P10A,2/6/2007,460,37,79.89948567,D,OMR,Interior
Middle River at Bacon Island Bridge,6/22/1994,389,37,89.49535368,C,OMR,Interior
Contra Costa PP Number 01,2/5/2002,385,37,70.70857903,D,OMR,Interior
Old River North of Rock Slough (St 4b),1/24/1990,804,36,79.66720736,C,OMR,Interior
Old River near Rock Slough,7/7/1959,749,36,94.29889644,BN,OMR,Interior
Contra Costa PP Number 01,9/2/2008,744,36,88.7732302,C,OMR,Interior
Contra Costa PP Number 01,1/3/2006,703,36,0,W,OMR,Interior
Contra Costa PP Number 01,12/5/2005,660,36,82.80590189,AN,OMR,Interior
Middle River @ Union Point - P10A,5/4/2015,568,36,94.17154572,C,OMR,Interior
Contra Costa PP Number 01,5/21/1991,537,36,91.14886705,C,OMR,Interior
Middle River @ Union Point - P10A,1/5/2015,470,36,71.50190239,C,OMR,Interior
Contra Costa PP Number 01,2/5/2008,462,36,54.87619201,C,OMR,Interior
Middle River at Bacon Island Bridge,1/23/1992,455,36,92.69366513,C,OMR,Interior
Contra Costa PP Number 01,6/16/1994,407,36,86.55672415,C,OMR,Interior
Middle River @ Union Point - P10A,4/9/2018,358,36,54.04390508,BN,OMR,Interior
Middle River at Bacon Island Bridge,6/10/1993,337,36,57.844797,AN,OMR,Interior
Clifton Court Intake,5/7/1986,280,36,66.57784182,W,OMR,Interior
Middle River at Bacon Island Bridge,1/29/1991,532,35,94.90599798,C,OMR,Interior
Contra Costa PP Number 01,4/20/1994,375,35,78.884997,C,OMR,Interior
Middle River @ Union Point - P10A,3/4/2008,374,35,66.16351777,C,OMR,Interior
Contra Costa PP Number 01,3/4/2008,361,35,66.16351777,C,OMR,Interior
Middle River @ Union Point - P10A,2/7/2011,334,35,64.18410148,W,OMR,Interior
Contra Costa PP Number 01,3/13/1995,322,35,37.53111646,W,OMR,Interior
Rock Slough @ Old River,8/25/1994,805,34,90.48799198,C,OMR,Interior
Contra Costa PP Number 01,9/11/1991,782,34,92.53683095,C,OMR,Interior
Contra Costa PP Number 01,10/6/2004,730,34,80.20091081,AN,OMR,Interior
Middle River @ Union Point - P10A,12/7/2015,710,34,94.9140377,C,OMR,Interior
Contra Costa PP Number 01,1/2/2007,704,34,80.23657174,D,OMR,Interior
Clifton Court Intake,9/22/1994,667,34,90.04354307,C,OMR,Interior
Middle River @ Union Point - P10A,5/5/2014,483,34,87.63000727,C,OMR,Interior
Contra Costa PP Number 01,6/4/2002,330,34,69.35185908,D,OMR,Interior
Middle River at Bacon Island Bridge,2/9/1993,320,34,67.78217395,AN,OMR,Interior
Contra Costa PP Number 01,6/2/1999,288,34,67.44761682,W,OMR,Interior
Rock Slough @ Old River,9/24/1986,285,34,76.64482557,W,OMR,Interior
Middle River @ Union Point - P10A,7/6/2015,667,33,95.81957478,C,OMR,Interior
Clifton Court Intake,6/25/1991,607,33,93.04612539,C,OMR,Interior
Rock Slough @ Old River,2/23/1990,598,33,83.08252588,C,OMR,Interior
Rock Slough @ Old River,5/22/1991,596,33,90.63835999,C,OMR,Interior
Contra Costa PP Number 01,12/2/2008,574,33,92.75840841,C,OMR,Interior
Middle River at Bacon Island Bridge,6/25/1992,564,33,90.85817896,C,OMR,Interior
Middle River at Bacon Island Bridge,10/20/1994,464,33,92.73586707,AN,OMR,Interior
Middle River @ Union Point - P10A,2/3/2015,415,33,87.92593622,C,OMR,Interior
Middle River @ Union Point - P10A,2/5/2018,402,33,74.06112596,BN,OMR,Interior
Contra Costa PP Number 01,6/2/2008,366,33,81.73068377,C,OMR,Interior
Middle River at Bacon Island Bridge,1/19/1994,356,33,80.49647088,C,OMR,Interior
Contra Costa PP Number 01,5/6/2002,350,33,71.01564345,D,OMR,Interior
Contra Costa PP Number 01,4/4/2001,341,33,72.87905364,D,OMR,Interior
Contra Costa PP Number 01,11/4/2003,673,32,88.40480968,D,OMR,Interior
Old River North of Rock Slough (St 4b),10/23/1991,665,32,94.27657666,C,OMR,Interior
Contra Costa PP Number 01,10/7/1997,640,32,90.04861349,W,OMR,Interior
Rock Slough @ Old River,10/23/1991,637,32,94.27657666,C,OMR,Interior
Old River North of Rock Slough (St 4b),5/22/1991,613,32,90.63835999,C,OMR,Interior
Middle River @ Union Point - P10A,1/6/2014,601,32,92.33233742,C,OMR,Interior
Middle River @ Union Point - P10A,1/3/2008,544,32,83.34570353,C,OMR,Interior
Clifton Court Intake,7/23/1991,528,32,91.47785985,C,OMR,Interior
Contra Costa PP Number 01,5/19/1992,451,32,92.35936602,C,OMR,Interior
Rock Slough @ Old River,4/20/1994,357,32,78.884997,C,OMR,Interior
Middle River @ Union Point - P10A,5/2/2007,346,32,74.44600721,D,OMR,Interior
Contra Costa PP Number 01,6/6/2001,335,32,80.28545946,D,OMR,Interior
Contra Costa PP Number 01,5/6/2003,330,32,51.50084909,AN,OMR,Interior
Contra Costa PP Number 01,8/21/1991,699,31,88.57096592,C,OMR,Interior
Contra Costa PP Number 01,7/20/1994,666,31,90.6143213,C,OMR,Interior
Contra Costa PP Number 01,8/5/2002,665,31,83.27712196,D,OMR,Interior
Rock Slough @ Old River,5/23/1990,660,31,90.30188297,C,OMR,Interior
Contra Costa PP Number 01,11/17/1993,647,31,88.13138401,C,OMR,Interior
Middle River @ Union Point - P10A,1/4/2016,601,31,89.47617765,BN,OMR,Interior
Middle River @ Union Point - P10A,1/9/2019,543,31,#N/A,W,OMR,Interior
Old River South of Rock Slough (St 5A),6/28/1988,533,31,88.84197167,C,OMR,Interior
Old River North of Rock Slough (St 4b),6/28/1988,512,31,88.84197167,C,OMR,Interior
Contra Costa PP Number 01,11/7/1996,495,31,84.27562766,W,OMR,Interior
Middle River @ Union Point - P10A,1/2/2007,490,31,80.23657174,D,OMR,Interior
Middle River @ Union Point - P10A,4/7/2014,459,31,75.44547873,C,OMR,Interior
Middle River @ Union Point - P10A,11/6/2007,427,31,89.58054651,W,OMR,Interior
Middle River @ Union Point - P10A,2/4/2019,411,31,#N/A,W,OMR,Interior
Clifton Court Intake,1/19/1994,367,31,80.49647088,C,OMR,Interior
Old River North of Rock Slough (St 4b),4/20/1994,348,31,78.884997,C,OMR,Interior
Middle River at Bacon Island Bridge,10/14/1993,295,31,84.61138109,C,OMR,Interior
Contra Costa PP Number 01,6/6/1996,277,31,61.33562885,W,OMR,Interior
Contra Costa PP Number 01,8/23/1994,703,30,91.93258472,C,OMR,Interior
Old River North of Rock Slough (St 4b),7/20/1994,690,30,90.6143213,C,OMR,Interior
Contra Costa PP Number 01,11/3/2008,642,30,93.02142734,D,OMR,Interior
Clifton Court Intake,4/24/1990,532,30,86.79032173,C,OMR,Interior
Middle River at Bacon Island Bridge,7/22/1992,527,30,92.3938467,C,OMR,Interior
Clifton Court Intake,2/14/1990,515,30,84.5852336,C,OMR,Interior
Contra Costa PP Number 01,1/12/1994,482,30,82.38546939,C,OMR,Interior
Rock Slough @ Old River,6/22/1994,450,30,89.49535368,C,OMR,Interior
Middle River @ Union Point - P10A,4/6/2015,419,30,88.0123047,C,OMR,Interior
Middle River @ Union Point - P10A,3/2/2015,406,30,78.10690622,C,OMR,Interior
Contra Costa PP Number 01,2/9/1994,388,30,80.94524586,C,OMR,Interior
Contra Costa PP Number 01,6/4/2007,324,30,80.25338455,D,OMR,Interior
Middle River @ Union Point - P10A,4/2/2007,318,30,72.02877378,D,OMR,Interior
Contra Costa PP Number 01,1/10/1996,303,30,68.97868863,W,OMR,Interior
Contra Costa PP Number 01,6/4/1997,294,30,78.50514499,W,OMR,Interior
Middle River @ Union Point - P10A,8/3/2015,648,29,95.38511805,C,OMR,Interior
Contra Costa PP Number 01,12/16/1993,566,29,82.70555681,AN,OMR,Interior
Rock Slough @ Old River,3/20/1990,548,29,85.09103604,C,OMR,Interior
Contra Costa PP Number 01,4/22/1992,362,29,77.19407905,C,OMR,Interior
Clifton Court Intake,6/10/1993,301,29,57.844797,AN,OMR,Interior
Contra Costa PP Number 01,6/4/2003,293,29,66.71648137,AN,OMR,Interior
Middle River @ Union Point - P10A,3/13/2019,278,29,#N/A,W,OMR,Interior
Rock Slough at Delta Road Bridge,6/6/2011,259,29,57.57300551,W,OMR,Interior
Contra Costa PP Number 01,6/7/2005,256,29,54.24209382,AN,OMR,Interior
Rock Slough @ Old River,7/20/1994,692,28,90.6143213,C,OMR,Interior
Middle River @ Union Point - P10A,11/2/2015,675,28,93.88533024,C,OMR,Interior
Old River near Rock Slough,9/2/1959,644,28,91.96611223,BN,OMR,Interior
Rock Slough @ Old River,7/24/1991,596,28,92.78926842,C,OMR,Interior
Old River North of Rock Slough (St 4b),7/24/1991,595,28,92.78926842,C,OMR,Interior
Contra Costa PP Number 01,10/23/1991,585,28,94.27657666,C,OMR,Interior
Middle River at Bacon Island Bridge,10/7/1992,522,28,92.45317986,C,OMR,Interior
Clifton Court Intake,2/21/1990,472,28,80.12996718,C,OMR,Interior
Middle River @ Union Point - P10A,1/5/2010,466,28,86.26711441,BN,OMR,Interior
Middle River @ Union Point - P10A,11/3/2008,443,28,93.02142734,D,OMR,Interior
Middle River @ Union Point - P10A,6/2/2014,436,28,93.56618111,C,OMR,Interior
Middle River @ Union Point - P10A,5/5/2009,358,28,73.26168644,D,OMR,Interior
Middle River @ Union Point - P10A,6/2/2009,336,28,74.90839371,D,OMR,Interior
Middle River @ Union Point - P10A,4/7/2016,328,28,66.37589317,BN,OMR,Interior
Rock Slough @ Old River,3/24/1994,328,28,72.52425966,C,OMR,Interior
Clifton Court Intake,3/26/1992,321,28,68.43776556,C,OMR,Interior
Middle River at Bacon Island Bridge,1/12/1994,311,28,82.38546939,C,OMR,Interior
Middle River @ Union Point - P10A,7/2/2007,303,28,80.94470218,D,OMR,Interior
Middle River @ Union Point - P10A,6/8/2010,288,28,67.97063022,BN,OMR,Interior
Contra Costa PP Number 01,10/7/2003,604,27,88.64679121,D,OMR,Interior
Clifton Court Intake,8/25/1994,597,27,90.48799198,C,OMR,Interior
Middle River @ Union Point - P10A,12/2/2008,511,27,92.75840841,C,OMR,Interior
Middle River @ Union Point - P10A,1/8/2018,456,27,84.74492337,BN,OMR,Interior
Middle River at Bacon Island Bridge,9/22/1994,407,27,90.04354307,C,OMR,Interior
Contra Costa PP Number 01,2/3/2004,322,27,71.8099759,BN,OMR,Interior
Contra Costa PP Number 01,12/2/1998,289,27,64.89739823,W,OMR,Interior
Middle River @ Union Point - P10A,1/3/2011,274,27,53.33698971,W,OMR,Interior
Contra Costa PP Number 01,4/10/1997,272,27,73.77999403,W,OMR,Interior
Middle River @ Union Point - P10A,2/6/2017,258,27,50.46962633,W,OMR,Interior
Middle River @ Union Point - P10A,6/6/2011,257,27,57.57300551,W,OMR,Interior
Old River near Rock Slough,9/2/1959,621,26,91.96611223,BN,OMR,Interior
Rock Slough @ Old River,7/26/1990,572,26,86.56430395,C,OMR,Interior
Contra Costa PP Number 01,10/13/1994,569,26,90.78710967,AN,OMR,Interior
Middle River @ Union Point - P10A,7/7/2014,541,26,90.2187572,C,OMR,Interior
Contra Costa PP Number 01,9/8/2004,540,26,83.45154489,BN,OMR,Interior
Clifton Court Intake,9/24/1990,504,26,90.82305445,C,OMR,Interior
Clifton Court Intake,12/15/1993,490,26,84.34978841,AN,OMR,Interior
Middle River at Bacon Island Bridge,6/28/1991,451,26,91.92518677,C,OMR,Interior
Clifton Court Intake,10/20/1994,451,26,92.73586707,AN,OMR,Interior
Rock Slough @ Old River,2/17/1994,370,26,75.37363149,C,OMR,Interior
Middle River at Bacon Island Bridge,4/22/1992,335,26,77.19407905,C,OMR,Interior
Middle River @ Union Point - P10A,7/1/2008,318,26,84.87243383,C,OMR,Interior
Middle River @ Union Point - P10A,8/2/2006,261,26,78.28975195,W,OMR,Interior
Contra Costa PP Number 01,7/8/1998,233,26,56.61660003,W,OMR,Interior
Rock Slough @ Old River,10/20/1994,636,25,92.73586707,AN,OMR,Interior
Middle River @ Union Point - P10A,10/5/2015,616,25,94.93479848,C,OMR,Interior
Middle River @ Union Point - P10A,11/3/2014,613,25,92.39401068,D,OMR,Interior
Old River North of Rock Slough (St 4b),8/21/1991,551,25,88.57096592,C,OMR,Interior
Old River near Rock Slough,9/15/1959,509,25,84.58759953,BN,OMR,Interior
Middle River @ Union Point - P10A,12/2/2013,507,25,93.39492499,D,OMR,Interior
Middle River at Bacon Island Bridge,8/19/1992,484,25,92.0935494,C,OMR,Interior
Middle River @ Union Point - P10A,11/4/2013,463,25,90.34617646,BN,OMR,Interior
Contra Costa PP Number 01,12/5/2006,461,25,88.65054031,W,OMR,Interior
Contra Costa PP Number 01,10/20/1993,458,25,84.89979461,C,OMR,Interior
Middle River at Bacon Island Bridge,9/24/1992,458,25,92.85385013,C,OMR,Interior
Contra Costa PP Number 01,2/6/2007,456,25,79.89948567,D,OMR,Interior
Middle River @ Union Point - P10A,3/10/2016,321,25,62.66343249,BN,OMR,Interior
Middle River @ Union Point - P10A,6/7/2016,319,25,82.94141541,BN,OMR,Interior
Contra Costa PP Number 01,3/5/2007,315,25,58.91442023,D,OMR,Interior
Middle River at Bacon Island Bridge,3/26/1992,290,25,68.43776556,C,OMR,Interior
Contra Costa PP Number 01,4/21/1993,265,25,62.38347365,AN,OMR,Interior
Contra Costa PP Number 01,6/6/2000,254,25,72.94579268,AN,OMR,Interior
Middle River @ Union Point - P10A,9/9/2015,581,24,94.75346141,C,OMR,Interior
Contra Costa PP Number 01,10/3/2000,548,24,87.25802224,W,OMR,Interior
Middle River @ Union Point - P10A,12/1/2014,542,24,93.6049299,C,OMR,Interior
Old River North of Rock Slough (St 4b),7/26/1990,524,24,86.56430395,C,OMR,Interior
Contra Costa PP Number 01,8/3/2004,470,24,81.28623188,BN,OMR,Interior
Middle River at Bacon Island Bridge,1/24/1990,420,24,79.66720736,C,OMR,Interior
Clifton Court Intake,3/20/1990,404,24,85.09103604,C,OMR,Interior
Contra Costa PP Number 01,1/5/1994,403,24,81.23635172,C,OMR,Interior
Middle River at Bacon Island Bridge,7/20/1994,365,24,90.6143213,C,OMR,Interior
Middle River at Bacon Island Bridge,10/23/1991,365,24,94.27657666,C,OMR,Interior
Middle River at Bacon Island Bridge,5/21/1991,359,24,91.14886705,C,OMR,Interior
Middle River @ Union Point - P10A,12/5/2006,341,24,88.65054031,W,OMR,Interior
Rock Slough @ Old River,4/22/1992,330,24,77.19407905,C,OMR,Interior
Old River North of Rock Slough (St 4b),4/22/1992,325,24,77.19407905,C,OMR,Interior
Contra Costa PP Number 01,6/8/1993,250,24,57.7015985,AN,OMR,Interior
Clifton Court Intake,4/9/1986,197,24,52.99907803,W,OMR,Interior
Contra Costa PP Number 01,10/3/2005,504,23,81.90521431,BN,OMR,Interior
Contra Costa PP Number 01,11/7/2005,468,23,89.68142253,BN,OMR,Interior
Contra Costa PP Number 01,7/7/2004,430,23,83.05294294,BN,OMR,Interior
Middle River at Bacon Island Bridge,9/24/1990,368,23,90.82305445,C,OMR,Interior
Middle River @ Union Point - P10A,11/3/2009,352,23,88.3635176,C,OMR,Interior
Middle River @ Union Point - P10A,4/7/2009,314,23,75.36176628,D,OMR,Interior
Contra Costa PP Number 01,4/2/2002,295,23,71.94484474,D,OMR,Interior
Middle River at Bacon Island Bridge,4/23/1991,294,23,85.01362795,C,OMR,Interior
Middle River @ Union Point - P10A,6/5/2018,284,23,74.73149108,BN,OMR,Interior
Middle River at Bacon Island Bridge,9/21/1993,275,23,80.87356521,AN,OMR,Interior
Middle River @ Union Point - P10A,11/7/2006,274,23,88.98570418,AN,OMR,Interior
Middle River @ Union Point - P10A,4/4/2011,247,23,0,W,OMR,Interior
Contra Costa PP Number 01,6/14/1995,214,23,58.38588799,W,OMR,Interior
Rock Slough @ Old River,8/21/1991,550,22,88.57096592,C,OMR,Interior
Contra Costa PP Number 01,8/5/2008,492,22,88.35573476,C,OMR,Interior
Rock Slough @ Old River,8/22/1990,477,22,83.47764088,C,OMR,Interior
Clifton Court Intake,9/10/1991,469,22,92.73110822,C,OMR,Interior
Middle River @ Union Point - P10A,10/1/2008,461,22,88.30977329,D,OMR,Interior
Middle River @ Union Point - P10A,12/3/2018,408,22,#N/A,BN,OMR,Interior
Middle River at Bacon Island Bridge,7/24/1991,404,22,92.78926842,C,OMR,Interior
Contra Costa PP Number 01,10/5/1993,368,22,83.89162437,C,OMR,Interior
Old River North of Rock Slough (St 4b),7/25/1989,350,22,80.02863026,D,OMR,Interior
Old River near Rock Slough,10/30/1959,345,22,83.58656463,W,OMR,Interior
Middle River at Bacon Island Bridge,12/15/1993,305,22,84.34978841,AN,OMR,Interior
Middle River @ Union Point - P10A,10/6/2014,503,21,94.77701545,D,OMR,Interior
Contra Costa PP Number 01,8/6/2007,492,21,84.7182393,D,OMR,Interior
Middle River @ Union Point - P10A,8/4/2014,490,21,88.73599436,C,OMR,Interior
Old River near Rock Slough,9/15/1959,486,21,84.58759953,BN,OMR,Interior
Old River North of Rock Slough (St 4b),8/22/1990,463,21,83.47764088,C,OMR,Interior
Clifton Court Intake,11/10/1993,418,21,87.72748074,C,OMR,Interior
Middle River @ Union Point - P10A,10/6/2009,411,21,87.99178837,C,OMR,Interior
Rock Slough @ Old River,1/12/1994,341,21,82.38546939,C,OMR,Interior
Middle River @ Union Point - P10A,1/9/2017,338,21,56.18463132,W,OMR,Interior
Old River near Rock Slough,6/19/1959,318,21,91.43818578,BN,OMR,Interior
Contra Costa PP Number 01,6/8/2004,308,21,86.24729429,BN,OMR,Interior
Middle River at Bacon Island Bridge,10/20/1993,287,21,84.89979461,C,OMR,Interior
Clifton Court Intake,10/14/1993,287,21,84.61138109,C,OMR,Interior
Contra Costa PP Number 01,4/2/2007,255,21,72.02877378,D,OMR,Interior
Rock Slough @ Old River,7/2/1986,225,21,77.07568175,W,OMR,Interior
Old River near Rock Slough,10/1/1959,396,20,78.11676896,W,OMR,Interior
Rock Slough @ Old River,6/26/1990,377,20,87.03302324,C,OMR,Interior
Middle River @ Union Point - P10A,11/5/2018,362,20,#N/A,W,OMR,Interior
Middle River @ Union Point - P10A,11/3/2010,334,20,84.63274041,D,OMR,Interior
Old River near Rock Slough,6/19/1959,327,20,91.43818578,BN,OMR,Interior
Contra Costa PP Number 01,7/1/2008,287,20,84.87243383,C,OMR,Interior
Contra Costa PP Number 01,9/23/1993,285,20,83.44869348,AN,OMR,Interior
Contra Costa PP Number 01,5/2/2007,268,20,74.44600721,D,OMR,Interior
Contra Costa PP Number 01,7/2/2007,264,20,80.94470218,D,OMR,Interior
Middle River @ Union Point - P10A,10/3/2006,253,20,79.15994988,AN,OMR,Interior
Middle River @ Union Point - P10A,7/6/2010,241,20,80.72423904,BN,OMR,Interior
Contra Costa PP Number 01,3/6/2006,232,20,50.66954548,W,OMR,Interior
Middle River @ Union Point - P10A,4/3/2017,201,20,49.18404199,W,OMR,Interior
Middle River @ Union Point - P10A,9/2/2014,452,19,90.3346038,C,OMR,Interior
Old River North of Rock Slough (St 4b),10/20/1993,436,19,84.89979461,C,OMR,Interior
Middle River @ Union Point - P10A,10/7/2013,430,19,87.90258861,BN,OMR,Interior
Contra Costa PP Number 01,9/6/2005,418,19,83.07162013,AN,OMR,Interior
Clifton Court Intake,8/21/1990,397,19,82.94560259,C,OMR,Interior
Middle River @ Union Point - P10A,9/2/2008,387,19,88.7732302,C,OMR,Interior
Middle River @ Union Point - P10A,12/4/2007,348,19,87.28423839,D,OMR,Interior
Old River North of Rock Slough (St 4b),1/12/1994,337,19,82.38546939,C,OMR,Interior
Middle River @ Union Point - P10A,12/1/2009,320,19,92.29828513,D,OMR,Interior
Contra Costa PP Number 01,8/2/2000,244,19,77.4197889,AN,OMR,Interior
Contra Costa PP Number 01,4/6/2004,238,19,69.18983307,BN,OMR,Interior
Contra Costa PP Number 01,5/4/2004,233,19,76.25300399,BN,OMR,Interior
Contra Costa PP Number 01,8/5/1998,190,19,70.95431958,W,OMR,Interior
Middle River @ Union Point - P10A,3/8/2017,187,19,46.65054443,W,OMR,Interior
Rock Slough @ Old River,10/20/1993,425,18,84.89979461,C,OMR,Interior
Middle River @ Union Point - P10A,10/11/2018,407,18,#N/A,W,OMR,Interior
Middle River @ Union Point - P10A,12/7/2016,398,18,83.68530205,BN,OMR,Interior
Middle River @ Union Point - P10A,11/7/2016,353,18,87.41045331,C,OMR,Interior
Middle River at Bacon Island Bridge,8/21/1991,347,18,88.57096592,C,OMR,Interior
Middle River at Bacon Island Bridge,11/10/1993,293,18,87.72748074,C,OMR,Interior
Contra Costa PP Number 01,9/2/1997,269,18,77.2650624,W,OMR,Interior
Middle River @ Union Point - P10A,9/6/2006,240,18,78.70958184,W,OMR,Interior
Old River North of Rock Slough (St 4b),4/21/1993,212,18,62.38347365,AN,OMR,Interior
Rock Slough @ Old River,4/21/1993,211,18,62.38347365,AN,OMR,Interior
Middle River at Bacon Island Bridge,7/25/1989,200,18,80.02863026,D,OMR,Interior
Middle River @ Union Point - P10A,5/2/2011,199,18,57.60965856,W,OMR,Interior
Middle River @ Union Point - P10A,10/4/2016,387,17,86.5637221,C,OMR,Interior
Old River near Rock Slough,10/1/1959,352,17,78.11676896,W,OMR,Interior
Middle River at Bacon Island Bridge,4/25/1990,349,17,87.22990049,C,OMR,Interior
Middle River at Bacon Island Bridge,8/25/1994,336,17,90.48799198,C,OMR,Interior
Contra Costa PP Number 01,9/5/1996,283,17,73.8076039,W,OMR,Interior
Contra Costa PP Number 01,7/1/1997,249,17,78.99333076,W,OMR,Interior
Contra Costa PP Number 01,11/8/1995,200,17,81.20170079,C,OMR,Interior
Contra Costa PP Number 01,9/10/2003,388,16,81.97587927,AN,OMR,Interior
Middle River @ Union Point - P10A,9/5/2007,364,16,85.25541551,D,OMR,Interior
Middle River @ Union Point - P10A,10/5/2010,340,16,83.98583932,D,OMR,Interior
Middle River @ Union Point - P10A,10/2/2007,335,16,87.02852586,W,OMR,Interior
Middle River at Bacon Island Bridge,9/10/1991,323,16,92.73110822,C,OMR,Interior
Middle River @ Union Point - P10A,12/6/2010,321,16,84.27592276,BN,OMR,Interior
Middle River @ Union Point - P10A,8/5/2008,304,16,88.35573476,C,OMR,Interior
Contra Costa PP Number 01,11/7/2006,302,16,88.98570418,AN,OMR,Interior
Contra Costa PP Number 01,10/3/1996,292,16,81.93439648,W,OMR,Interior
Contra Costa PP Number 01,7/2/2002,262,16,80.39099747,D,OMR,Interior
Clifton Court Intake,9/21/1993,245,16,80.87356521,AN,OMR,Interior
Contra Costa PP Number 01,12/6/1995,213,16,79.32528838,W,OMR,Interior
Contra Costa PP Number 01,10/14/1998,208,16,70.16642583,W,OMR,Interior
Middle River at Bacon Island Bridge,7/8/1993,203,16,75.05380959,AN,OMR,Interior
Middle River @ Union Point - P10A,7/5/2011,184,16,56.36389323,W,OMR,Interior
Contra Costa PP Number 01,7/5/2006,162,16,67.43685291,W,OMR,Interior
Middle River @ Union Point - P10A,7/5/2006,154,16,67.43685291,W,OMR,Interior
Contra Costa PP Number 01,8/5/2003,348,15,69.2729812,AN,OMR,Interior
Middle River @ Union Point - P10A,9/9/2009,345,15,84.37552482,D,OMR,Interior
Middle River at Bacon Island Bridge,7/26/1990,286,15,86.56430395,C,OMR,Interior
Old River near Rock Slough,10/30/1959,281,15,83.58656463,W,OMR,Interior
Contra Costa PP Number 01,10/3/2006,272,15,79.15994988,AN,OMR,Interior
Middle River @ Union Point - P10A,7/9/2018,246,15,82.60710477,BN,OMR,Interior
Middle River @ Union Point - P10A,12/4/2017,246,15,83.87250454,W,OMR,Interior
Middle River @ Union Point - P10A,8/7/2017,217,15,80.74384873,W,OMR,Interior
Contra Costa PP Number 01,7/8/1999,211,15,73.33227294,W,OMR,Interior
Contra Costa PP Number 01,9/6/1995,187,15,67.21706163,W,OMR,Interior
Middle River @ Union Point - P10A,6/5/2017,177,15,57.96351261,W,OMR,Interior
Middle River @ Union Point - P10A,7/10/2017,177,15,70.04911852,W,OMR,Interior
Middle River @ Union Point - P10A,9/7/2010,294,14,86.84207092,BN,OMR,Interior
Middle River at Bacon Island Bridge,8/22/1990,269,14,83.47764088,C,OMR,Interior
Contra Costa PP Number 01,7/3/2000,229,14,80.70368222,AN,OMR,Interior
Middle River @ Union Point - P10A,7/7/2009,228,14,82.06398554,D,OMR,Interior
Contra Costa PP Number 01,9/1/1993,205,14,78.41118016,AN,OMR,Interior
Contra Costa PP Number 01,10/11/1995,193,14,69.40952731,C,OMR,Interior
Middle River @ Union Point - P10A,9/10/2018,346,13,84.8982076,BN,OMR,Interior
Middle River @ Union Point - P10A,9/7/2016,288,13,84.03725468,BN,OMR,Interior
Contra Costa PP Number 01,8/6/1997,267,13,77.35304839,W,OMR,Interior
Middle River @ Union Point - P10A,7/6/2016,222,13,84.55059684,BN,OMR,Interior
Contra Costa PP Number 01,8/5/1999,218,13,71.77110367,W,OMR,Interior
Contra Costa PP Number 01,11/4/1998,190,13,78.12007996,W,OMR,Interior
Contra Costa PP Number 01,7/11/1996,175,13,75.57077698,W,OMR,Interior
Middle River @ Union Point - P10A,8/6/2007,277,12,84.7182393,D,OMR,Interior
Middle River @ Union Point - P10A,8/4/2009,265,12,84.14076361,D,OMR,Interior
Rock Slough @ Old River,9/1/1993,216,12,78.41118016,AN,OMR,Interior
Old River North of Rock Slough (St 4b),9/1/1993,212,12,78.41118016,AN,OMR,Interior
Contra Costa PP Number 01,8/2/2005,196,12,80.7913406,AN,OMR,Interior
Contra Costa PP Number 01,8/12/1993,185,12,71.58781984,AN,OMR,Interior
Middle River at Bacon Island Bridge,9/1/1993,175,12,78.41118016,AN,OMR,Interior
Rock Slough at Delta Road Bridge,7/5/2011,169,12,56.36389323,W,OMR,Interior
Clifton Court Intake,7/20/1993,166,12,75.81769133,AN,OMR,Interior
Middle River at Bacon Island Bridge,7/20/1993,161,12,75.81769133,AN,OMR,Interior
Contra Costa PP Number 01,8/9/1995,150,12,68.77947219,W,OMR,Interior
Contra Costa PP Number 01,7/12/1995,146,12,65.49822638,W,OMR,Interior
Middle River @ Union Point - P10A,9/7/2017,193,11,77.48586469,W,OMR,Interior
Contra Costa PP Number 01,9/2/1998,161,11,67.79734317,W,OMR,Interior
Contra Costa PP Number 01,7/6/2005,151,11,69.97360216,AN,OMR,Interior
Middle River @ Union Point - P10A,8/1/2016,207,10,83.57049111,BN,OMR,Interior
Middle River @ Union Point - P10A,8/2/2010,189,10,79.32890201,BN,OMR,Interior
Middle River @ Union Point - P10A,10/2/2017,186,10,77.2692402,BN,OMR,Interior
Contra Costa PP Number 01,7/8/1993,159,10,75.05380959,AN,OMR,Interior
Contra Costa PP Number 01,7/22/1993,159,10,69.41514716,AN,OMR,Interior
Middle River at Bacon Island Bridge,8/10/1993,147,10,70.9026113,AN,OMR,Interior
Middle River @ Union Point - P10A,8/6/2018,197,9,82.35063213,BN,OMR,Interior
Rock Slough @ Old River,7/8/1993,156,9,75.05380959,AN,OMR,Interior
Middle River @ Union Point - P10A,5/3/2017,120,9,50.00669585,W,OMR,Interior
Old River North of Rock Slough (St 4b),7/8/1993,148,8,75.05380959,AN,OMR,Interior
P8 - San Joaquin River @ Buckley Cove,2/2/1968,650,68,60.82383763,BN,SJRcorridor,Interior
P8 - San Joaquin River @ Buckley Cove,3/22/1968,395,48,57.81297746,BN,SJRcorridor,Interior
P8 - San Joaquin River @ Buckley Cove,10/10/1968,900,48,83.16574214,W,SJRcorridor,Interior
P8 - San Joaquin River @ Buckley Cove,1/23/1969,180,20,48.06579729,W,SJRcorridor,Interior
P8 - San Joaquin River @ Buckley Cove,4/16/1969,200,12,50.10640361,W,SJRcorridor,Interior
P8 - San Joaquin River @ Buckley Cove,7/17/1969,360,29,68.77308425,W,SJRcorridor,Interior
San Joaquin River @ Mossdale Bridge - C7A,3/2/1989,1370,235,91.3346382,D,SJRcorridor,Interior
San Joaquin River @ Mossdale Bridge - C7A,7/25/1989,800,120,80.02863026,D,SJRcorridor,Interior
Little Connection Sl. @ Empire Tr.,7/25/1989,130,9,80.02863026,D,SJRcorridor,Interior
Little Connection Sl. @ Empire Tr.,1/24/1990,204,12,79.66720736,C,SJRcorridor,Interior
San Joaquin River @ Mossdale Bridge - C7A,1/24/1990,1310,222,79.66720736,C,SJRcorridor,Interior
San Joaquin River @ Mossdale Bridge - C7A,2/14/1990,1300,225,84.5852336,C,SJRcorridor,Interior
Little Connection Sl. @ Empire Tr.,4/25/1990,164,7,87.22990049,C,SJRcorridor,Interior
San Joaquin River @ Mossdale Bridge - C7A,4/25/1990,823,118,87.22990049,C,SJRcorridor,Interior
Little Connection Sl. @ Empire Tr.,7/26/1990,160,6,86.56430395,C,SJRcorridor,Interior
San Joaquin River @ Mossdale Bridge - C7A,7/26/1990,853,101,86.56430395,C,SJRcorridor,Interior
Little Connection Sl. @ Empire Tr.,8/22/1990,178,8,83.47764088,C,SJRcorridor,Interior
San Joaquin River @ Mossdale Bridge - C7A,8/22/1990,738,89,83.47764088,C,SJRcorridor,Interior
Little Connection Sl. @ Empire Tr.,10/24/1990,191,10,94.04183083,D,SJRcorridor,Interior
San Joaquin River @ Mossdale Bridge - C7A,10/24/1990,739,78,94.04183083,D,SJRcorridor,Interior
Little Connection Sl. @ Empire Tr.,1/29/1991,344,24,94.90599798,C,SJRcorridor,Interior
San Joaquin River @ Mossdale Bridge - C7A,1/29/1991,1100,166,94.90599798,C,SJRcorridor,Interior
San Joaquin River @ Mossdale Bridge - C7A,4/23/1991,1330,217,85.01362795,C,SJRcorridor,Interior
Little Connection Sl. @ Empire Tr.,4/23/1991,251,16,85.01362795,C,SJRcorridor,Interior
San Joaquin River @ Mossdale Bridge - C7A,7/24/1991,962,122,92.78926842,C,SJRcorridor,Interior
Little Connection Sl. @ Empire Tr.,7/24/1991,275,14,92.78926842,C,SJRcorridor,Interior
San Joaquin River @ Mossdale Bridge - C7A,8/21/1991,950,111,88.57096592,C,SJRcorridor,Interior
Little Connection Sl. @ Empire Tr.,8/21/1991,245,12,88.57096592,C,SJRcorridor,Interior
San Joaquin River @ Mossdale Bridge - C7A,10/23/1991,727,74,94.27657666,C,SJRcorridor,Interior
Little Connection Sl. @ Empire Tr.,10/23/1991,160,7,94.27657666,C,SJRcorridor,Interior
San Joaquin River @ Mossdale Bridge - C7A,1/23/1992,1080,152,92.69366513,C,SJRcorridor,Interior
Little Connection Sl. @ Empire Tr.,1/23/1992,247,17,92.69366513,C,SJRcorridor,Interior
San Joaquin River @ Mossdale Bridge - C7A,4/22/1992,834,111,77.19407905,C,SJRcorridor,Interior
Little Connection Sl. @ Empire Tr.,4/22/1992,231,13,77.19407905,C,SJRcorridor,Interior
San Joaquin River @ Mossdale Bridge - C7A,7/22/1992,979,117,92.3938467,C,SJRcorridor,Interior
Little Connection Sl. @ Empire Tr.,7/22/1992,179,10,92.3938467,C,SJRcorridor,Interior
Little Connection Sl. @ Empire Tr.,8/19/1992,163,9,92.0935494,C,SJRcorridor,Interior
San Joaquin River @ Mossdale Bridge - C7A,10/7/1992,944,85,92.45317986,C,SJRcorridor,Interior
Little Connection Sl. @ Empire Tr.,10/7/1992,232,13,92.45317986,C,SJRcorridor,Interior
San Joaquin River @ Mossdale Bridge - C7A,1/13/1993,357,40,64.09402935,AN,SJRcorridor,Interior
Little Connection Sl. @ Empire Tr.,1/13/1993,247,22,64.09402935,AN,SJRcorridor,Interior
San Joaquin River @ Mossdale Bridge - C7A,4/21/1993,601,80,62.38347365,AN,SJRcorridor,Interior
Little Connection Sl. @ Empire Tr.,4/21/1993,145,8,62.38347365,AN,SJRcorridor,Interior
San Joaquin River @ Mossdale Bridge - C7A,7/8/1993,842,127,75.05380959,AN,SJRcorridor,Interior
Little Connection Sl. @ Empire Tr.,7/8/1993,120,6,75.05380959,AN,SJRcorridor,Interior
San Joaquin River @ Mossdale Bridge - C7A,9/1/1993,349,47,78.41118016,AN,SJRcorridor,Interior
Little Connection Sl. @ Empire Tr.,9/1/1993,162,10,78.41118016,AN,SJRcorridor,Interior
San Joaquin River @ Mossdale Bridge - C7A,10/20/1993,245,25,84.89979461,C,SJRcorridor,Interior
Little Connection Sl. @ Empire Tr.,10/20/1993,151,5,84.89979461,C,SJRcorridor,Interior
San Joaquin River @ Mossdale Bridge - C7A,1/12/1994,731,99,82.38546939,C,SJRcorridor,Interior
Little Connection Sl. @ Empire Tr.,1/12/1994,227,13,82.38546939,C,SJRcorridor,Interior
San Joaquin River @ Mossdale Bridge - C7A,4/20/1994,880,116,78.884997,C,SJRcorridor,Interior
Little Connection Sl. @ Empire Tr.,4/20/1994,236,13,78.884997,C,SJRcorridor,Interior
San Joaquin River @ Mossdale Bridge - C7A,7/20/1994,942,150,90.6143213,C,SJRcorridor,Interior
Little Connection Sl. @ Empire Tr.,7/20/1994,248,8,90.6143213,C,SJRcorridor,Interior
San Joaquin River @ Mossdale Bridge - C7A,11/17/1994,796,99,91.53716312,AN,SJRcorridor,Interior
San Joaquin River @ Mossdale Bridge - C7A,12/20/1994,946,123,81.11970496,C,SJRcorridor,Interior
San Joaquin River @ Mossdale Bridge - C7A,1/26/1995,383,45,53.05662006,W,SJRcorridor,Interior
San Joaquin River @ Mossdale Bridge - C7A,2/16/1995,487,75,49.77058978,W,SJRcorridor,Interior
San Joaquin River @ Mossdale Bridge - C7A,3/20/1995,301,53,35.26878783,W,SJRcorridor,Interior
San Joaquin River @ Mossdale Bridge - C7A,4/24/1995,184,22,55.06228913,W,SJRcorridor,Interior
San Joaquin River @ Mossdale Bridge - C7A,5/18/1995,143,14,50.95156216,W,SJRcorridor,Interior
San Joaquin River @ Mossdale Bridge - C7A,6/22/1995,240,30,57.6171137,W,SJRcorridor,Interior
San Joaquin River @ Mossdale Bridge - C7A,7/20/1995,218,32,58.74876866,W,SJRcorridor,Interior
San Joaquin River @ Mossdale Bridge - C7A,8/17/1995,633,92,74.57233985,W,SJRcorridor,Interior
San Joaquin River @ Mossdale Bridge - C7A,9/14/1995,387,54,67.19233682,W,SJRcorridor,Interior
San Joaquin River @ Mossdale Bridge - C7A,10/19/1995,202,17,74.05131326,C,SJRcorridor,Interior
San Joaquin River @ Mossdale Bridge - C7A,11/16/1995,750,77,79.55759468,C,SJRcorridor,Interior
San Joaquin River @ Mossdale Bridge - C7A,12/7/1995,746,90,79.94458802,W,SJRcorridor,Interior
San Joaquin River @ Mossdale Bridge - C7A,1/18/1996,946,138,81.11891586,W,SJRcorridor,Interior
San Joaquin River @ Mossdale Bridge - C7A,2/15/1996,290,44,53.64428507,W,SJRcorridor,Interior
San Joaquin River @ Mossdale Bridge - C7A,3/14/1996,253,31,48.94207006,W,SJRcorridor,Interior
San Joaquin River @ Mossdale Bridge - C7A,4/11/1996,413,60,53.46132043,W,SJRcorridor,Interior
San Joaquin River @ Mossdale Bridge - C7A,5/9/1996,336,47,62.32099718,W,SJRcorridor,Interior
San Joaquin River @ Mossdale Bridge - C7A,6/13/1996,592,82,65.4871296,W,SJRcorridor,Interior
San Joaquin River @ Mossdale Bridge - C7A,7/18/1996,774,112,73.33974661,W,SJRcorridor,Interior
San Joaquin River @ Mossdale Bridge - C7A,8/15/1996,747,97,77.45680181,W,SJRcorridor,Interior
San Joaquin River @ Mossdale Bridge - C7A,9/12/1996,666,84,76.73553471,W,SJRcorridor,Interior
San Joaquin River @ Mossdale Bridge - C7A,10/10/1996,609,67,83.55493234,W,SJRcorridor,Interior
San Joaquin River @ Mossdale Bridge - C7A,11/14/1996,690,78,87.30019572,W,SJRcorridor,Interior
San Joaquin River @ Mossdale Bridge - C7A,12/12/1996,220,21,67.9766535,W,SJRcorridor,Interior
San Joaquin River @ Mossdale Bridge - C7A,2/13/1997,185,21,47.19212894,W,SJRcorridor,Interior
San Joaquin River @ Mossdale Bridge - C7A,3/13/1997,338,43,55.45327752,W,SJRcorridor,Interior
San Joaquin River @ Mossdale Bridge - C7A,4/9/1997,788,115,73.79612645,W,SJRcorridor,Interior
San Joaquin River @ Mossdale Bridge - C7A,5/13/1997,346,50,71.63203277,W,SJRcorridor,Interior
San Joaquin River @ Mossdale Bridge - C7A,6/4/1997,560,80,78.50514499,W,SJRcorridor,Interior
San Joaquin River @ Mossdale Bridge - C7A,7/2/1997,620,73,78.23532434,W,SJRcorridor,Interior
San Joaquin River @ Mossdale Bridge - C7A,8/7/1997,663,81,77.94958475,W,SJRcorridor,Interior
San Joaquin River @ Mossdale Bridge - C7A,9/2/1997,671,84,77.2650624,W,SJRcorridor,Interior
San Joaquin River @ Mossdale Bridge - C7A,12/12/2009,789,110,92.72553683,D,SJRcorridor,Interior
SAN JOAQUIN R A BRANDT BR        ,12/12/2009,766,107,92.72553683,D,SJRcorridor,Interior
SAN JOAQUIN R A BRANDT BR        ,1/12/2010,928,140,91.08275529,BN,SJRcorridor,Interior
San Joaquin River @ Mossdale Bridge - C7A,1/12/2010,1008,146,91.08275529,BN,SJRcorridor,Interior
SAN JOAQUIN R A BRANDT BR        ,1/18/2010,945,141,86.04685619,BN,SJRcorridor,Interior
San Joaquin River @ Mossdale Bridge - C7A,1/18/2010,848,125,86.04685619,BN,SJRcorridor,Interior
San Joaquin River @ Mossdale Bridge - C7A,1/20/2010,778,112,82.2895829,BN,SJRcorridor,Interior
SAN JOAQUIN R A BRANDT BR        ,1/20/2010,923,137,82.2895829,BN,SJRcorridor,Interior
San Joaquin River at Holt Rd.,1/19/2011,247,25,66.73352135,W,SJRcorridor,Interior
Grant Ln Can @ Tracy Rd Bdg,3/2/1989,1430,254,91.3346382,D,SouthDelta,Interior
Old River nr Tracy,3/2/1989,1410,237,91.3346382,D,SouthDelta,Interior
Old River nr Tracy,4/23/1991,1510,221,85.01362795,C,SouthDelta,Interior
Old River nr Tracy,2/14/1990,1320,217,84.5852336,C,SouthDelta,Interior
Grant Ln Can @ Tracy Rd Bdg,2/14/1990,1240,199,84.5852336,C,SouthDelta,Interior
Old River nr Tracy,1/29/1991,1320,194,94.90599798,C,SouthDelta,Interior
Grant Ln Can @ Tracy Rd Bdg,4/23/1991,1360,189,85.01362795,C,SouthDelta,Interior
Grant Ln Can @ Tracy Rd Bdg,1/29/1991,1240,187,94.90599798,C,SouthDelta,Interior
Grant Ln Can @ Tracy Rd Bdg,1/24/1990,1200,187,79.66720736,C,SouthDelta,Interior
Old River nr Tracy,1/24/1990,1190,184,79.66720736,C,SouthDelta,Interior
Old River @ Tracy Road Bridge - P12,12/23/2008,1257,177,91.80575032,C,SouthDelta,Interior
Old River @ Tracy Road Bridge - P12,3/23/2009,1179,173,67.34893515,D,SouthDelta,Interior
Grant Line Canal @ Tracy Blvd,3/23/2009,1156,167,67.34893515,D,SouthDelta,Interior
Old River nr Tracy,1/23/1992,1150,166,92.69366513,C,SouthDelta,Interior
Old River @ Tracy Road Bridge - P12,2/11/2009,1093,166,83.0036227,D,SouthDelta,Interior
Grant Line Canal @ Tracy Blvd,2/11/2009,1068,164,83.0036227,D,SouthDelta,Interior
Old River @ Middle River,2/10/2009,1079,163,84.02790463,D,SouthDelta,Interior
Grant Ln Can @ Tracy Rd Bdg,1/23/1992,1100,162,92.69366513,C,SouthDelta,Interior
Old River nr Tracy,4/25/1990,1120,160,87.22990049,C,SouthDelta,Interior
Old River nr Tracy,4/22/1992,1110,158,77.19407905,C,SouthDelta,Interior
Grant Line/Fabian/Bell Canals nr Old R.,1/24/1990,1100,155,79.66720736,C,SouthDelta,Interior
Old River @ Middle River,3/16/2009,1043,155,64.397985,D,SouthDelta,Interior
Old River @ Tracy Road Bridge - P12,1/12/2009,1092,151,89.32251087,D,SouthDelta,Interior
Old River nr Tracy,7/20/1994,997,149,90.6143213,C,SouthDelta,Interior
Old River @ Middle River,4/1/2009,1008,143,73.95020527,D,SouthDelta,Interior
Old River @ Middle River,1/7/2009,962,140,86.91076865,D,SouthDelta,Interior
Old River nr Tracy,10/23/1991,1220,138,94.27657666,C,SouthDelta,Interior
Grant Line Canal @ Tracy Blvd,1/12/2009,1009,138,89.32251087,D,SouthDelta,Interior
Old River @ Tracy Road Bridge - P12,12/11/2008,1047,137,93.85276614,C,SouthDelta,Interior
Old River @ Tracy Road Bridge - P12,1/26/2009,995,136,88.07443799,D,SouthDelta,Interior
Old River @ Tracy Road Bridge - P12,4/9/2009,1013,135,75.01511525,D,SouthDelta,Interior
Grant Ln Can @ Tracy Rd Bdg,4/22/1992,932,135,77.19407905,C,SouthDelta,Interior
Old River nr Tracy,8/21/1991,1140,133,88.57096592,C,SouthDelta,Interior
Old River @ Tracy Road Bridge - P12,2/26/2009,911,133,60.14582078,D,SouthDelta,Interior
Old River @ Tracy Road Bridge - P12,3/9/2009,868,133,54.40866096,D,SouthDelta,Interior
Old River nr Tracy,7/24/1991,1110,132,92.78926842,C,SouthDelta,Interior
Grant Ln Can @ Tracy Rd Bdg,7/20/1994,956,132,90.6143213,C,SouthDelta,Interior
Old River nr Tracy,7/8/1993,950,132,75.05380959,AN,SouthDelta,Interior
Old River nr Tracy,10/24/1990,1140,131,94.04183083,D,SouthDelta,Interior
Grant Line Canal @ Tracy Blvd,1/26/2009,952,131,88.07443799,D,SouthDelta,Interior
Old River nr Tracy,4/20/1994,942,130,78.884997,C,SouthDelta,Interior
Grant Line/Fabian/Bell Canals nr Old R.,4/20/1994,922,130,78.884997,C,SouthDelta,Interior
Old River nr Tracy,7/25/1989,850,130,80.02863026,D,SouthDelta,Interior
Grant Ln Can @ Tracy Rd Bdg,7/22/1992,1100,126,92.3938467,C,SouthDelta,Interior
Grant Line Canal @ Tracy Blvd,12/23/2008,928,126,91.80575032,C,SouthDelta,Interior
Old River @ Middle River,1/29/2009,862,124,83.77227583,D,SouthDelta,Interior
Old River @ Middle River,12/22/2008,900,122,92.48009562,C,SouthDelta,Interior
Old River @ Middle River,2/25/2009,844,122,63.13375011,D,SouthDelta,Interior
Old River nr Tracy,7/22/1992,1120,121,92.3938467,C,SouthDelta,Interior
Grant Ln Can @ Tracy Rd Bdg,7/8/1993,855,121,75.05380959,AN,SouthDelta,Interior
Grant Line Canal @ Tracy Blvd,2/26/2009,840,121,60.14582078,D,SouthDelta,Interior
Old River nr Tracy,8/19/1992,1160,120,92.0935494,C,SouthDelta,Interior
Grant Line/Fabian/Bell Canals nr Old R.,7/25/1989,800,120,80.02863026,D,SouthDelta,Interior
Grant Line Canal @ Tracy Blvd,12/11/2008,898,118,93.85276614,C,SouthDelta,Interior
Grant Ln Can @ Tracy Rd Bdg,8/19/1992,1080,116,92.0935494,C,SouthDelta,Interior
Grant Ln Can @ Tracy Rd Bdg,4/25/1990,839,114,87.22990049,C,SouthDelta,Interior
Grant Ln Can @ Tracy Rd Bdg,4/20/1994,824,113,78.884997,C,SouthDelta,Interior
Grant Ln Can @ Tracy Rd Bdg,10/24/1990,1030,112,94.04183083,D,SouthDelta,Interior
Grant Ln Can @ Tracy Rd Bdg,7/24/1991,974,112,92.78926842,C,SouthDelta,Interior
Old River nr Tracy,4/21/1993,802,111,62.38347365,AN,SouthDelta,Interior
Grant Ln Can @ Tracy Rd Bdg,8/21/1991,1000,109,88.57096592,C,SouthDelta,Interior
Old River @ Tracy Road Bridge - P12,4/23/2009,814,107,79.53429049,D,SouthDelta,Interior
Old River nr Tracy,7/26/1990,916,106,86.56430395,C,SouthDelta,Interior
Grant Line/Fabian/Bell Canals nr Old R.,7/20/1994,852,106,90.6143213,C,SouthDelta,Interior
Grant Ln Can @ Tracy Rd Bdg,10/23/1991,997,104,94.27657666,C,SouthDelta,Interior
Grant Line Canal @ Tracy Blvd,4/9/2009,844,104,75.01511525,D,SouthDelta,Interior
Grant Line Canal @ Tracy Blvd,3/9/2009,728,104,54.40866096,D,SouthDelta,Interior
Old River nr Tracy,8/22/1990,857,103,83.47764088,C,SouthDelta,Interior
Grant Ln Can @ Tracy Rd Bdg,7/26/1990,843,103,86.56430395,C,SouthDelta,Interior
Old River nr Tracy,1/12/1994,771,102,82.38546939,C,SouthDelta,Interior
Grant Ln Can @ Tracy Rd Bdg,7/25/1989,800,100,80.02863026,D,SouthDelta,Interior
Grant Ln Can @ Tracy Rd Bdg,1/12/1994,726,99,82.38546939,C,SouthDelta,Interior
Old River nr Tracy,10/7/1992,974,93,92.45317986,C,SouthDelta,Interior
Old River @ Tracy Road Bridge - P12,6/8/2009,739,90,77.24823856,D,SouthDelta,Interior
Grant Ln Can @ Tracy Rd Bdg,8/22/1990,735,86,83.47764088,C,SouthDelta,Interior
Old River @ Middle River,4/16/2009,694,84,67.73613947,D,SouthDelta,Interior
Grant Ln Can @ Tracy Rd Bdg,10/7/1992,881,82,92.45317986,C,SouthDelta,Interior
Grant Ln Can @ Tracy Rd Bdg,4/21/1993,615,81,62.38347365,AN,SouthDelta,Interior
Grant Line/Fabian/Bell Canals nr Old R.,7/22/1992,900,78,92.3938467,C,SouthDelta,Interior
Grant Line/Fabian/Bell Canals nr Old R.,8/21/1991,840,78,88.57096592,C,SouthDelta,Interior
Old River nr Tracy,9/1/1993,530,72,78.41118016,AN,SouthDelta,Interior
Grant Line/Fabian/Bell Canals nr Old R.,4/25/1990,671,70,87.22990049,C,SouthDelta,Interior
Old River @ Tracy Road Bridge - P12,5/7/2009,554,69,68.40551796,D,SouthDelta,Interior
Grant Line/Fabian/Bell Canals nr Old R.,8/22/1990,652,66,83.47764088,C,SouthDelta,Interior
Grant Line/Fabian/Bell Canals nr Old R.,8/19/1992,822,63,92.0935494,C,SouthDelta,Interior
Grant Line Canal @ Tracy Blvd,6/8/2009,550,62,77.24823856,D,SouthDelta,Interior
Old River @ Tracy Road Bridge - P12,5/21/2009,488,58,75.54540529,D,SouthDelta,Interior
Middle River @ Union Point - P10A,3/3/2014,725,56,80.57624471,C,SouthDelta,Interior
Middle River @ Union Point - P10A,5/6/2008,503,54,81.24308533,C,SouthDelta,Interior
Grant Line Canal @ Tracy Blvd,4/23/2009,463,54,79.53429049,D,SouthDelta,Interior
Grant Ln Can @ Tracy Rd Bdg,9/1/1993,386,54,78.41118016,AN,SouthDelta,Interior
Middle River @ Union Point - P10A,4/8/2008,492,52,78.37516679,C,SouthDelta,Interior
Middle River @ Union Point - P10A,3/5/2007,485,51,58.91442023,D,SouthDelta,Interior
Middle River @ Union Point - P10A,3/2/2009,583,50,65.57301543,D,SouthDelta,Interior
Grant Line Canal @ Tracy Blvd,5/7/2009,425,50,68.40551796,D,SouthDelta,Interior
Grant Line/Fabian/Bell Canals nr Old R.,1/29/1991,700,49,94.90599798,C,SouthDelta,Interior
Middle River @ Union Point - P10A,5/4/2010,400,48,57.05251942,BN,SouthDelta,Interior
Middle River @ Union Point - P10A,2/3/2014,774,46,93.92384943,C,SouthDelta,Interior
Middle River @ Union Point - P10A,5/3/2016,461,46,75.47029728,BN,SouthDelta,Interior
Middle River @ Union Point - P10A,2/5/2008,456,46,54.87619201,C,SouthDelta,Interior
Middle River @ Union Point - P10A,3/2/2010,483,45,63.81753273,BN,SouthDelta,Interior
Grant Line/Fabian/Bell Canals nr Old R.,10/7/1992,684,43,92.45317986,C,SouthDelta,Interior
Grant Line/Fabian/Bell Canals nr Old R.,1/23/1992,546,43,92.69366513,C,SouthDelta,Interior
Middle River @ Union Point - P10A,2/2/2010,536,43,54.29400396,BN,SouthDelta,Interior
Middle River @ Union Point - P10A,4/6/2010,441,43,68.63765096,BN,SouthDelta,Interior
Middle River @ Union Point - P10A,6/2/2008,435,43,81.73068377,C,SouthDelta,Interior
Middle River @ Union Point - P10A,6/4/2007,399,43,80.25338455,D,SouthDelta,Interior
Middle R @ Tracy Rd Bdg,3/2/1989,506,41,91.3346382,D,SouthDelta,Interior
Middle River @ Union Point - P10A,6/1/2015,697,40,93.2549537,C,SouthDelta,Interior
Middle River @ Union Point - P10A,2/3/2009,633,40,84.30493265,D,SouthDelta,Interior
Middle River @ Union Point - P10A,3/7/2011,372,40,56.35666923,W,SouthDelta,Interior
Middle River @ Union Point - P10A,5/7/2018,352,39,64.92049336,BN,SouthDelta,Interior
Grant Line/Fabian/Bell Canals nr Old R.,10/24/1990,703,38,94.04183083,D,SouthDelta,Interior
Middle River @ Union Point - P10A,2/3/2016,488,38,59.65346245,BN,SouthDelta,Interior
Grant Line/Fabian/Bell Canals nr Old R.,5/22/1991,479,38,90.63835999,C,SouthDelta,Interior
Grant Line/Fabian/Bell Canals nr Old R.,4/22/1992,409,38,77.19407905,C,SouthDelta,Interior
Grant Ln Can @ Tracy Rd Bdg,1/13/1993,376,38,64.09402935,AN,SouthDelta,Interior
Middle River @ Union Point - P10A,1/6/2009,589,37,86.18470086,D,SouthDelta,Interior
Middle River @ Union Point - P10A,2/6/2007,460,37,79.89948567,D,SouthDelta,Interior
Grant Line Canal @ Tracy Blvd,5/21/2009,353,37,75.54540529,D,SouthDelta,Interior
Middle River @ Union Point - P10A,5/4/2015,568,36,94.17154572,C,SouthDelta,Interior
Middle River @ Union Point - P10A,1/5/2015,470,36,71.50190239,C,SouthDelta,Interior
Middle River @ Union Point - P10A,4/9/2018,358,36,54.04390508,BN,SouthDelta,Interior
Middle River @ Union Point - P10A,3/4/2008,374,35,66.16351777,C,SouthDelta,Interior
Middle River @ Union Point - P10A,2/7/2011,334,35,64.18410148,W,SouthDelta,Interior
Middle River @ Union Point - P10A,12/7/2015,710,34,94.9140377,C,SouthDelta,Interior
Middle River @ Union Point - P10A,5/5/2014,483,34,87.63000727,C,SouthDelta,Interior
Middle River @ Union Point - P10A,7/6/2015,667,33,95.81957478,C,SouthDelta,Interior
Middle River @ Union Point - P10A,2/3/2015,415,33,87.92593622,C,SouthDelta,Interior
Middle River @ Union Point - P10A,2/5/2018,402,33,74.06112596,BN,SouthDelta,Interior
Middle River @ Union Point - P10A,1/6/2014,601,32,92.33233742,C,SouthDelta,Interior
Middle River @ Union Point - P10A,1/3/2008,544,32,83.34570353,C,SouthDelta,Interior
Middle River @ Union Point - P10A,5/2/2007,346,32,74.44600721,D,SouthDelta,Interior
Old River nr Tracy,1/13/1993,332,32,64.09402935,AN,SouthDelta,Interior
Middle River @ Union Point - P10A,1/4/2016,601,31,89.47617765,BN,SouthDelta,Interior
Middle River @ Union Point - P10A,1/9/2019,543,31,#N/A,W,SouthDelta,Interior
Middle River @ Union Point - P10A,1/2/2007,490,31,80.23657174,D,SouthDelta,Interior
Middle River @ Union Point - P10A,4/7/2014,459,31,75.44547873,C,SouthDelta,Interior
Middle River @ Union Point - P10A,11/6/2007,427,31,89.58054651,W,SouthDelta,Interior
Middle River @ Union Point - P10A,2/4/2019,411,31,#N/A,W,SouthDelta,Interior
Grant Line/Fabian/Bell Canals nr Old R.,7/24/1991,511,30,92.78926842,C,SouthDelta,Interior
Middle River @ Union Point - P10A,4/6/2015,419,30,88.0123047,C,SouthDelta,Interior
Middle River @ Union Point - P10A,3/2/2015,406,30,78.10690622,C,SouthDelta,Interior
Middle River @ Union Point - P10A,4/2/2007,318,30,72.02877378,D,SouthDelta,Interior
Middle River @ Union Point - P10A,8/3/2015,648,29,95.38511805,C,SouthDelta,Interior
Middle River @ Union Point - P10A,3/13/2019,278,29,#N/A,W,SouthDelta,Interior
Middle River @ Union Point - P10A,11/2/2015,675,28,93.88533024,C,SouthDelta,Interior
Middle River @ Union Point - P10A,1/5/2010,466,28,86.26711441,BN,SouthDelta,Interior
Middle River @ Union Point - P10A,11/3/2008,443,28,93.02142734,D,SouthDelta,Interior
Middle River @ Union Point - P10A,6/2/2014,436,28,93.56618111,C,SouthDelta,Interior
Middle River @ Union Point - P10A,5/5/2009,358,28,73.26168644,D,SouthDelta,Interior
Middle River @ Union Point - P10A,6/2/2009,336,28,74.90839371,D,SouthDelta,Interior
Middle River @ Union Point - P10A,4/7/2016,328,28,66.37589317,BN,SouthDelta,Interior
Middle River @ Union Point - P10A,7/2/2007,303,28,80.94470218,D,SouthDelta,Interior
Middle River @ Union Point - P10A,6/8/2010,288,28,67.97063022,BN,SouthDelta,Interior
Middle River @ Union Point - P10A,12/2/2008,511,27,92.75840841,C,SouthDelta,Interior
Middle River @ Union Point - P10A,1/8/2018,456,27,84.74492337,BN,SouthDelta,Interior
Middle R @ Tracy Rd Bdg,7/24/1991,454,27,92.78926842,C,SouthDelta,Interior
Middle River @ Union Point - P10A,1/3/2011,274,27,53.33698971,W,SouthDelta,Interior
Middle River @ Union Point - P10A,2/6/2017,258,27,50.46962633,W,SouthDelta,Interior
Middle River @ Union Point - P10A,6/6/2011,257,27,57.57300551,W,SouthDelta,Interior
Old River @ Middle River,6/9/1998,236,27,51.89782644,W,SouthDelta,Interior
Middle River @ Union Point - P10A,7/7/2014,541,26,90.2187572,C,SouthDelta,Interior
Grant Line/Fabian/Bell Canals nr Old R.,10/23/1991,463,26,94.27657666,C,SouthDelta,Interior
Middle River @ Union Point - P10A,7/1/2008,318,26,84.87243383,C,SouthDelta,Interior
Middle River @ Union Point - P10A,8/2/2006,261,26,78.28975195,W,SouthDelta,Interior
Middle River @ Union Point - P10A,10/5/2015,616,25,94.93479848,C,SouthDelta,Interior
Middle River @ Union Point - P10A,11/3/2014,613,25,92.39401068,D,SouthDelta,Interior
Middle River @ Union Point - P10A,12/2/2013,507,25,93.39492499,D,SouthDelta,Interior
Middle River @ Union Point - P10A,11/4/2013,463,25,90.34617646,BN,SouthDelta,Interior
Middle River @ Union Point - P10A,3/10/2016,321,25,62.66343249,BN,SouthDelta,Interior
Middle River @ Union Point - P10A,6/7/2016,319,25,82.94141541,BN,SouthDelta,Interior
Old River nr Tracy,10/20/1993,249,25,84.89979461,C,SouthDelta,Interior
Middle River @ Union Point - P10A,9/9/2015,581,24,94.75346141,C,SouthDelta,Interior
Middle River @ Union Point - P10A,12/1/2014,542,24,93.6049299,C,SouthDelta,Interior
Middle River @ Union Point - P10A,12/5/2006,341,24,88.65054031,W,SouthDelta,Interior
Grant Ln Can @ Tracy Rd Bdg,10/20/1993,244,24,84.89979461,C,SouthDelta,Interior
Middle River @ Union Point - P10A,11/3/2009,352,23,88.3635176,C,SouthDelta,Interior
Middle River @ Union Point - P10A,4/7/2009,314,23,75.36176628,D,SouthDelta,Interior
Middle River @ Union Point - P10A,6/5/2018,284,23,74.73149108,BN,SouthDelta,Interior
Middle River @ Union Point - P10A,11/7/2006,274,23,88.98570418,AN,SouthDelta,Interior
Middle River @ Union Point - P10A,4/4/2011,247,23,0,W,SouthDelta,Interior
Middle River @ Union Point - P10A,10/1/2008,461,22,88.30977329,D,SouthDelta,Interior
Middle River @ Union Point - P10A,12/3/2018,408,22,#N/A,BN,SouthDelta,Interior
Middle River @ Union Point - P10A,10/6/2014,503,21,94.77701545,D,SouthDelta,Interior
Middle River @ Union Point - P10A,8/4/2014,490,21,88.73599436,C,SouthDelta,Interior
Middle River @ Union Point - P10A,10/6/2009,411,21,87.99178837,C,SouthDelta,Interior
Grant Line/Fabian/Bell Canals nr Old R.,7/26/1990,396,21,86.56430395,C,SouthDelta,Interior
Middle River @ Union Point - P10A,1/9/2017,338,21,56.18463132,W,SouthDelta,Interior
Middle River @ Union Point - P10A,11/5/2018,362,20,#N/A,W,SouthDelta,Interior
Middle River @ Union Point - P10A,11/3/2010,334,20,84.63274041,D,SouthDelta,Interior
Middle River @ Union Point - P10A,10/3/2006,253,20,79.15994988,AN,SouthDelta,Interior
Middle River @ Union Point - P10A,7/6/2010,241,20,80.72423904,BN,SouthDelta,Interior
Middle River @ Union Point - P10A,4/3/2017,201,20,49.18404199,W,SouthDelta,Interior
Middle River @ Union Point - P10A,9/2/2014,452,19,90.3346038,C,SouthDelta,Interior
Middle River @ Union Point - P10A,10/7/2013,430,19,87.90258861,BN,SouthDelta,Interior
Middle River @ Union Point - P10A,9/2/2008,387,19,88.7732302,C,SouthDelta,Interior
Middle River @ Union Point - P10A,12/4/2007,348,19,87.28423839,D,SouthDelta,Interior
Middle River @ Union Point - P10A,12/1/2009,320,19,92.29828513,D,SouthDelta,Interior
Grant Line/Fabian/Bell Canals nr Old R.,10/20/1993,318,19,84.89979461,C,SouthDelta,Interior
Middle River @ Union Point - P10A,3/8/2017,187,19,46.65054443,W,SouthDelta,Interior
Middle River @ Union Point - P10A,10/11/2018,407,18,#N/A,W,SouthDelta,Interior
Middle River @ Union Point - P10A,12/7/2016,398,18,83.68530205,BN,SouthDelta,Interior
Middle River @ Union Point - P10A,11/7/2016,353,18,87.41045331,C,SouthDelta,Interior
Middle River @ Union Point - P10A,9/6/2006,240,18,78.70958184,W,SouthDelta,Interior
Middle River @ Union Point - P10A,5/2/2011,199,18,57.60965856,W,SouthDelta,Interior
Middle River @ Union Point - P10A,10/4/2016,387,17,86.5637221,C,SouthDelta,Interior
Middle River @ Union Point - P10A,9/5/2007,364,16,85.25541551,D,SouthDelta,Interior
Middle River @ Union Point - P10A,10/5/2010,340,16,83.98583932,D,SouthDelta,Interior
Middle River @ Union Point - P10A,10/2/2007,335,16,87.02852586,W,SouthDelta,Interior
Middle River @ Union Point - P10A,12/6/2010,321,16,84.27592276,BN,SouthDelta,Interior
Middle River @ Union Point - P10A,8/5/2008,304,16,88.35573476,C,SouthDelta,Interior
Middle River @ Union Point - P10A,7/5/2011,184,16,56.36389323,W,SouthDelta,Interior
Middle River @ Union Point - P10A,7/5/2006,154,16,67.43685291,W,SouthDelta,Interior
Middle River @ Union Point - P10A,9/9/2009,345,15,84.37552482,D,SouthDelta,Interior
Middle River @ Union Point - P10A,12/4/2017,246,15,83.87250454,W,SouthDelta,Interior
Middle River @ Union Point - P10A,7/9/2018,246,15,82.60710477,BN,SouthDelta,Interior
Middle River @ Union Point - P10A,8/7/2017,217,15,80.74384873,W,SouthDelta,Interior
Middle River @ Union Point - P10A,6/5/2017,177,15,57.96351261,W,SouthDelta,Interior
Middle River @ Union Point - P10A,7/10/2017,177,15,70.04911852,W,SouthDelta,Interior
Middle River @ Union Point - P10A,9/7/2010,294,14,86.84207092,BN,SouthDelta,Interior
Middle River @ Union Point - P10A,7/7/2009,228,14,82.06398554,D,SouthDelta,Interior
Middle River @ Union Point - P10A,9/10/2018,346,13,84.8982076,BN,SouthDelta,Interior
Middle River @ Union Point - P10A,9/7/2016,288,13,84.03725468,BN,SouthDelta,Interior
Middle River @ Union Point - P10A,7/6/2016,222,13,84.55059684,BN,SouthDelta,Interior
Middle River @ Union Point - P10A,8/6/2007,277,12,84.7182393,D,SouthDelta,Interior
Middle River @ Union Point - P10A,8/4/2009,265,12,84.14076361,D,SouthDelta,Interior
Middle River @ Union Point - P10A,9/7/2017,193,11,77.48586469,W,SouthDelta,Interior
Middle River @ Union Point - P10A,8/1/2016,207,10,83.57049111,BN,SouthDelta,Interior
Middle River @ Union Point - P10A,8/2/2010,189,10,79.32890201,BN,SouthDelta,Interior
Middle River @ Union Point - P10A,10/2/2017,186,10,77.2692402,BN,SouthDelta,Interior
Middle River @ Union Point - P10A,8/6/2018,197,9,82.35063213,BN,SouthDelta,Interior
Middle River @ Union Point - P10A,5/3/2017,120,9,50.00669585,W,SouthDelta,Interior
